-- --------------------------------------------------------
-- Servidor:                     xmysql1.crescernaweb.com.br
-- Versão do servidor:           5.5.52-MariaDB-1~precise - mariadb.org binary distribution
-- OS do Servidor:               debian-linux-gnu
-- HeidiSQL Versão:              9.3.0.4984
-- --------------------------------------------------------

/*!40101 SET @OLD_CHARACTER_SET_CLIENT=@@CHARACTER_SET_CLIENT */;
/*!40101 SET NAMES utf8mb4 */;
/*!40014 SET @OLD_FOREIGN_KEY_CHECKS=@@FOREIGN_KEY_CHECKS, FOREIGN_KEY_CHECKS=0 */;
/*!40101 SET @OLD_SQL_MODE=@@SQL_MODE, SQL_MODE='NO_AUTO_VALUE_ON_ZERO' */;

-- Copiando estrutura para tabela crescernaweb1.acos
DROP TABLE IF EXISTS `acos`;
CREATE TABLE IF NOT EXISTS `acos` (
  `id` int(10) NOT NULL AUTO_INCREMENT,
  `parent_id` int(10) DEFAULT NULL,
  `model` varchar(255) DEFAULT NULL,
  `foreign_key` int(10) DEFAULT NULL,
  `alias` varchar(255) DEFAULT NULL,
  `aliasMenu` varchar(255) DEFAULT NULL,
  `menugroup_id` int(10) DEFAULT NULL,
  `descricao` varchar(255) DEFAULT NULL,
  `aliasMetodo` varchar(255) DEFAULT NULL,
  `menuSuperior` char(1) DEFAULT 'N',
  `ordem_menu` int(10) DEFAULT NULL,
  `parametro` char(1) DEFAULT 'N',
  `restrito` char(1) DEFAULT 'N',
  `module_id` int(10) DEFAULT NULL,
  `apelido` char(50) DEFAULT NULL,
  `menuEsquerdo` int(1) NOT NULL DEFAULT '1',
  `lft` int(10) DEFAULT NULL,
  `rght` int(10) DEFAULT NULL,
  `created` datetime DEFAULT NULL,
  `createdby` int(11) NOT NULL,
  `modified` datetime DEFAULT NULL,
  `modifiedby` int(11) NOT NULL,
  PRIMARY KEY (`id`)
) ENGINE=InnoDB AUTO_INCREMENT=261 DEFAULT CHARSET=utf8;

-- Copiando dados para a tabela crescernaweb1.acos: ~131 rows (aproximadamente)
/*!40000 ALTER TABLE `acos` DISABLE KEYS */;
INSERT INTO `acos` (`id`, `parent_id`, `model`, `foreign_key`, `alias`, `aliasMenu`, `menugroup_id`, `descricao`, `aliasMetodo`, `menuSuperior`, `ordem_menu`, `parametro`, `restrito`, `module_id`, `apelido`, `menuEsquerdo`, `lft`, `rght`, `created`, `createdby`, `modified`, `modifiedby`) VALUES
	(1, NULL, NULL, NULL, 'controllers', NULL, NULL, NULL, NULL, 'N', NULL, 'N', 'N', NULL, NULL, 1, 1, 392, '2015-01-24 14:05:31', 1, '2015-01-24 14:05:31', 1),
	(2, 1, NULL, NULL, 'Pages', NULL, NULL, NULL, NULL, 'N', NULL, 'N', 'N', NULL, NULL, 1, 2, 5, '2015-01-24 14:05:31', 1, '2015-01-24 14:05:31', 1),
	(3, 2, NULL, NULL, 'display', NULL, NULL, NULL, NULL, 'N', NULL, 'N', 'N', NULL, NULL, 1, 3, 4, '2015-01-24 14:05:31', 1, '2015-01-24 14:05:31', 1),
	(4, 1, NULL, NULL, 'Manager', NULL, NULL, NULL, NULL, 'N', NULL, 'N', 'N', NULL, NULL, 1, 6, 153, '2015-01-24 14:05:31', 1, '2015-01-24 14:05:31', 1),
	(5, 4, NULL, NULL, 'Acos', NULL, NULL, NULL, NULL, 'N', NULL, 'N', 'N', NULL, NULL, 1, 7, 26, '2015-01-24 14:05:32', 1, '2015-01-24 14:05:32', 1),
	(6, 5, NULL, NULL, 'admin_add', NULL, NULL, NULL, NULL, 'N', NULL, 'N', 'N', NULL, NULL, 1, 8, 9, '2015-01-24 14:05:32', 1, '2015-01-24 14:05:32', 1),
	(7, 5, NULL, NULL, 'admin_configurados', NULL, NULL, NULL, NULL, 'N', NULL, 'N', 'N', NULL, NULL, 1, 10, 11, '2015-01-24 14:05:32', 1, '2015-01-24 14:05:32', 1),
	(8, 5, NULL, NULL, 'admin_naoConfigurados', NULL, NULL, NULL, NULL, 'N', NULL, 'N', 'N', NULL, NULL, 1, 12, 13, '2015-01-24 14:05:32', 1, '2015-01-24 14:05:32', 1),
	(9, 5, NULL, NULL, 'admin_synchronize', NULL, NULL, NULL, NULL, 'N', NULL, 'N', 'N', NULL, NULL, 1, 14, 15, '2015-01-24 14:05:32', 1, '2015-01-24 14:05:32', 1),
	(10, 5, NULL, NULL, 'admin_novoAco', NULL, NULL, NULL, NULL, 'N', NULL, 'N', 'N', NULL, NULL, 1, 16, 17, '2015-01-24 14:05:32', 1, '2015-01-24 14:05:32', 1),
	(11, 5, NULL, NULL, 'admin_acosObsoletos', NULL, NULL, NULL, NULL, 'N', NULL, 'N', 'N', NULL, NULL, 1, 18, 19, '2015-01-24 14:05:32', 1, '2015-01-24 14:05:32', 1),
	(12, 5, NULL, NULL, 'admin_configMenu', NULL, NULL, NULL, NULL, 'N', NULL, 'N', 'N', NULL, NULL, 1, 20, 21, '2015-01-24 14:05:32', 1, '2015-01-24 14:05:32', 1),
	(13, 5, NULL, NULL, 'admin_configAco', NULL, NULL, NULL, NULL, 'N', NULL, 'N', 'N', NULL, NULL, 1, 22, 23, '2015-01-24 14:05:32', 1, '2015-01-24 14:05:32', 1),
	(14, 5, NULL, NULL, 'admin_list', 'Listar Acos', NULL, 'Lista acos', 'Listar acos', 'N', 1, 'N', 'Y', 3, NULL, 0, 24, 25, '2015-01-24 14:05:33', 1, '2015-07-10 10:46:50', 1),
	(15, 4, NULL, NULL, 'Aros', NULL, NULL, NULL, NULL, 'N', NULL, 'N', 'N', NULL, NULL, 1, 27, 38, '2015-01-24 14:05:33', 1, '2015-01-24 14:05:33', 1),
	(16, 15, NULL, NULL, 'admin_add', 'Cadastrar grupo', 33, 'Cadastro de grupo de acesso', 'Cadastrar grupo', 'Y', 2, 'N', 'N', 15, NULL, 0, 28, 29, '2015-01-24 14:05:33', 1, '2016-01-21 08:39:41', 1),
	(17, 15, NULL, NULL, 'admin_edit', NULL, NULL, NULL, NULL, 'N', NULL, 'N', 'N', NULL, NULL, 1, 30, 31, '2015-01-24 14:05:33', 1, '2015-01-24 14:05:33', 1),
	(18, 15, NULL, NULL, 'add_aro', NULL, NULL, NULL, NULL, 'N', NULL, 'N', 'N', NULL, NULL, 1, 32, 33, '2015-01-24 14:05:33', 1, '2015-01-24 14:05:33', 1),
	(19, 15, NULL, NULL, 'admin_index', 'Listar grupos', 33, 'Lista grupos cadastrados no sistema', 'Listar grupos', 'Y', 1, 'N', 'N', 15, NULL, 0, 34, 35, '2015-01-24 14:05:33', 1, '2016-01-21 08:39:26', 1),
	(20, 15, NULL, NULL, 'admin_delete', NULL, NULL, NULL, NULL, 'N', NULL, 'N', 'N', NULL, NULL, 1, 36, 37, '2015-01-24 14:05:34', 1, '2015-01-24 14:05:34', 1),
	(21, 4, NULL, NULL, 'CepEnderecos', NULL, NULL, NULL, NULL, 'N', NULL, 'N', 'N', NULL, NULL, 1, 39, 42, '2015-01-24 14:05:34', 1, '2015-01-24 14:05:34', 1),
	(22, 21, NULL, NULL, 'ajaxMsg', NULL, NULL, NULL, NULL, 'N', NULL, 'N', 'N', NULL, NULL, 1, 40, 41, '2015-01-24 14:05:34', 1, '2015-01-24 14:05:34', 1),
	(23, 4, NULL, NULL, 'Configmails', NULL, NULL, NULL, NULL, 'N', NULL, 'N', 'N', NULL, NULL, 1, 43, 58, '2015-01-24 14:05:34', 1, '2015-01-24 14:05:34', 1),
	(24, 23, NULL, NULL, 'admin_index', NULL, NULL, NULL, NULL, 'N', NULL, 'N', 'N', NULL, NULL, 1, 44, 45, '2015-01-24 14:05:34', 1, '2015-01-24 14:05:34', 1),
	(25, 23, NULL, NULL, 'admin_view', NULL, NULL, NULL, NULL, 'N', NULL, 'N', 'N', NULL, NULL, 1, 46, 47, '2015-01-24 14:05:34', 1, '2015-01-24 14:05:34', 1),
	(26, 23, NULL, NULL, 'admin_add', NULL, NULL, NULL, NULL, 'N', NULL, 'N', 'N', NULL, NULL, 1, 48, 49, '2015-01-24 14:05:34', 1, '2015-01-24 14:05:34', 1),
	(27, 23, NULL, NULL, 'admin_edit', NULL, NULL, NULL, NULL, 'N', NULL, 'N', 'N', NULL, NULL, 1, 50, 51, '2015-01-24 14:05:34', 1, '2015-01-24 14:05:34', 1),
	(28, 23, NULL, NULL, 'disableConfigmail', NULL, NULL, NULL, NULL, 'N', NULL, 'N', 'N', NULL, NULL, 1, 52, 53, '2015-01-24 14:05:34', 1, '2015-01-24 14:05:34', 1),
	(29, 23, NULL, NULL, 'enableConfigmail', NULL, NULL, NULL, NULL, 'N', NULL, 'N', 'N', NULL, NULL, 1, 54, 55, '2015-01-24 14:05:35', 1, '2015-01-24 14:05:35', 1),
	(30, 23, NULL, NULL, 'admin_delete', NULL, NULL, NULL, NULL, 'N', NULL, 'N', 'N', NULL, NULL, 1, 56, 57, '2015-01-24 14:05:35', 1, '2015-01-24 14:05:35', 1),
	(31, 4, NULL, NULL, 'Holidays', NULL, NULL, NULL, NULL, 'N', NULL, 'N', 'N', NULL, NULL, 1, 59, 68, '2015-01-24 14:05:35', 1, '2015-01-24 14:05:35', 1),
	(32, 31, NULL, NULL, 'admin_index', NULL, NULL, NULL, NULL, 'N', NULL, 'N', 'N', NULL, NULL, 1, 60, 61, '2015-01-24 14:05:35', 1, '2015-01-24 14:05:35', 1),
	(33, 31, NULL, NULL, 'admin_add', NULL, NULL, NULL, NULL, 'N', NULL, 'N', 'N', NULL, NULL, 1, 62, 63, '2015-01-24 14:05:35', 1, '2015-01-24 14:05:35', 1),
	(34, 31, NULL, NULL, 'admin_edit', NULL, NULL, NULL, NULL, 'N', NULL, 'N', 'N', NULL, NULL, 1, 64, 65, '2015-01-24 14:05:35', 1, '2015-01-24 14:05:35', 1),
	(35, 31, NULL, NULL, 'admin_delete', NULL, NULL, NULL, NULL, 'N', NULL, 'N', 'N', NULL, NULL, 1, 66, 67, '2015-01-24 14:05:35', 1, '2015-01-24 14:05:35', 1),
	(36, 4, NULL, NULL, 'Menu', NULL, NULL, NULL, NULL, 'N', NULL, 'N', 'N', NULL, NULL, 1, 69, 72, '2015-01-24 14:05:35', 1, '2015-01-24 14:05:35', 1),
	(37, 36, NULL, NULL, 'admin_menu', NULL, NULL, NULL, NULL, 'N', NULL, 'N', 'N', NULL, NULL, 1, 70, 71, '2015-01-24 14:05:35', 1, '2015-01-24 14:05:35', 1),
	(38, 4, NULL, NULL, 'Menugroups', NULL, NULL, NULL, NULL, 'N', NULL, 'N', 'N', NULL, NULL, 1, 73, 88, '2015-01-24 14:05:36', 1, '2015-01-24 14:05:36', 1),
	(39, 38, NULL, NULL, 'admin_index', NULL, NULL, NULL, NULL, 'N', NULL, 'N', 'N', NULL, NULL, 1, 74, 75, '2015-01-24 14:05:36', 1, '2015-01-24 14:05:36', 1),
	(40, 38, NULL, NULL, 'admin_view', NULL, NULL, NULL, NULL, 'N', NULL, 'N', 'N', NULL, NULL, 1, 76, 77, '2015-01-24 14:05:36', 1, '2015-01-24 14:05:36', 1),
	(41, 38, NULL, NULL, 'admin_add', NULL, NULL, NULL, NULL, 'N', NULL, 'N', 'N', NULL, NULL, 1, 78, 79, '2015-01-24 14:05:36', 1, '2015-01-24 14:05:36', 1),
	(42, 38, NULL, NULL, 'admin_edit', NULL, NULL, NULL, NULL, 'N', NULL, 'N', 'N', NULL, NULL, 1, 80, 81, '2015-01-24 14:05:36', 1, '2015-01-24 14:05:36', 1),
	(43, 38, NULL, NULL, 'admin_delete', NULL, NULL, NULL, NULL, 'N', NULL, 'N', 'N', NULL, NULL, 1, 82, 83, '2015-01-24 14:05:36', 1, '2015-01-24 14:05:36', 1),
	(44, 38, NULL, NULL, 'admin_configMenu', NULL, NULL, NULL, NULL, 'N', NULL, 'N', 'N', NULL, NULL, 1, 84, 85, '2015-01-24 14:05:36', 1, '2015-01-24 14:05:36', 1),
	(45, 38, NULL, NULL, 'admin_editItemMenu', NULL, NULL, NULL, NULL, 'N', NULL, 'N', 'N', NULL, NULL, 1, 86, 87, '2015-01-24 14:05:36', 1, '2015-01-24 14:05:36', 1),
	(46, 4, NULL, NULL, 'Modules', NULL, NULL, NULL, NULL, 'N', NULL, 'N', 'N', NULL, NULL, 1, 89, 98, '2015-01-24 14:05:37', 1, '2015-01-24 14:05:37', 1),
	(47, 46, NULL, NULL, 'admin_index', NULL, NULL, NULL, NULL, 'N', NULL, 'N', 'N', NULL, NULL, 1, 90, 91, '2015-01-24 14:05:37', 1, '2015-01-24 14:05:37', 1),
	(48, 46, NULL, NULL, 'admin_add', NULL, NULL, NULL, NULL, 'N', NULL, 'N', 'N', NULL, NULL, 1, 92, 93, '2015-01-24 14:05:38', 1, '2015-01-24 14:05:38', 1),
	(49, 46, NULL, NULL, 'admin_edit', NULL, NULL, NULL, NULL, 'N', NULL, 'N', 'N', NULL, NULL, 1, 94, 95, '2015-01-24 14:05:38', 1, '2015-01-24 14:05:38', 1),
	(50, 46, NULL, NULL, 'admin_delete', NULL, NULL, NULL, NULL, 'N', NULL, 'N', 'N', NULL, NULL, 1, 96, 97, '2015-01-24 14:05:38', 1, '2015-01-24 14:05:38', 1),
	(51, 4, NULL, NULL, 'Permissions', NULL, NULL, NULL, NULL, 'N', NULL, 'N', 'N', NULL, NULL, 1, 99, 110, '2015-01-24 14:05:38', 1, '2015-01-24 14:05:38', 1),
	(52, 51, NULL, NULL, 'admin_index', 'Visualizar permissões', NULL, 'Visualiza permissões de acesso do grupo selecionado', 'Visualizar permissões', 'N', NULL, 'Y', 'N', 15, NULL, 1, 100, 101, '2015-01-24 14:05:38', 1, '2015-07-10 10:27:39', 1),
	(54, 4, NULL, NULL, 'Persons', NULL, NULL, NULL, NULL, 'N', NULL, 'N', 'N', NULL, NULL, 1, 111, 116, '2015-01-24 14:05:39', 1, '2015-01-24 14:05:39', 1),
	(55, 54, NULL, NULL, 'admin_view', 'Visualizar dados de usuário', NULL, 'Visualiza os dados do usuário selecionado ', 'Visualizar dados de usuário', 'N', NULL, 'Y', 'N', 1, NULL, 1, 112, 113, '2015-01-24 14:05:39', 1, '2015-07-10 10:31:40', 1),
	(56, 54, NULL, NULL, 'admin_edit', 'Editar dados de usuário', NULL, 'Edita os dados do do perfil do usuário selecionado ', 'Editar perfil de usuário', 'N', NULL, 'Y', 'N', 1, NULL, 1, 114, 115, '2015-01-24 14:05:39', 1, '2015-07-10 10:31:53', 1),
	(57, 4, NULL, NULL, 'ProfileUsers', NULL, NULL, NULL, NULL, 'N', NULL, 'N', 'N', NULL, NULL, 1, 117, 124, '2015-01-24 14:05:39', 1, '2015-01-24 14:05:39', 1),
	(58, 57, NULL, NULL, 'admin_verificaCpf', 'Novo usuário', 18, 'Inicia o processo funcionalidade de cadastro de usuário com a verificação de seu cpf', 'Novo usuário', 'Y', 2, 'N', 'N', 1, NULL, 0, 118, 119, '2015-01-24 14:05:39', 1, '2015-06-18 11:43:13', 1),
	(59, 57, NULL, NULL, 'admin_cadastraPerfil', 'Inserir dados de usuário', NULL, 'Insere os dados do usuário', 'Inserir os dados do usuário', 'N', NULL, 'Y', 'N', 1, NULL, 1, 120, 121, '2015-01-24 14:05:39', 1, '2015-07-20 11:31:03', 1),
	(60, 57, NULL, NULL, 'admin_consultaUsuarios', 'Consultar usuários', 18, 'Consulta os usuários do sistema', 'Consultar usuários', 'Y', 1, 'N', 'N', 1, NULL, 0, 122, 123, '2015-01-24 14:05:40', 1, '2015-07-10 10:22:21', 1),
	(61, 4, NULL, NULL, 'Users', NULL, NULL, NULL, NULL, 'N', NULL, 'N', 'N', NULL, NULL, 1, 125, 150, '2015-01-24 14:05:40', 1, '2015-01-24 14:05:40', 1),
	(62, 61, NULL, NULL, 'admin_index', NULL, NULL, NULL, NULL, 'N', NULL, 'N', 'N', NULL, NULL, 1, 126, 127, '2015-01-24 14:05:40', 1, '2015-01-24 14:05:40', 1),
	(64, 61, NULL, NULL, 'admin_disableuser', 'Desativar usuário', NULL, 'Desativa o usuário selecionado, bloqueando o acesso do mesmo ao sistema ', 'Desativar usuário', 'N', NULL, 'Y', 'N', 1, NULL, 1, 128, 129, '2015-01-24 14:05:40', 1, '2015-07-10 10:32:20', 1),
	(65, 61, NULL, NULL, 'admin_disablelist', NULL, NULL, NULL, NULL, 'N', NULL, 'N', 'N', NULL, NULL, 1, 130, 131, '2015-01-24 14:05:40', 1, '2015-01-24 14:05:40', 1),
	(66, 61, NULL, NULL, 'admin_reactivate', 'Ativar usuário', NULL, 'Ativa o acesso do usuário selecionado', 'Ativar usuário', 'N', NULL, 'Y', 'N', 1, NULL, 1, 132, 133, '2015-01-24 14:05:40', 1, '2015-07-10 10:32:29', 1),
	(67, 61, NULL, NULL, 'admin_add', NULL, NULL, NULL, NULL, 'N', NULL, 'N', 'N', NULL, NULL, 1, 134, 135, '2015-01-24 14:05:41', 1, '2015-01-24 14:05:41', 1),
	(68, 61, NULL, NULL, 'admin_logout', NULL, NULL, NULL, NULL, 'N', NULL, 'N', 'N', NULL, NULL, 1, 136, 137, '2015-01-24 14:05:41', 1, '2015-01-24 14:05:41', 1),
	(69, 61, NULL, NULL, 'admin_login', NULL, NULL, NULL, NULL, 'N', NULL, 'N', 'N', NULL, NULL, 1, 138, 139, '2015-01-24 14:05:41', 1, '2015-01-24 14:05:41', 1),
	(70, 61, NULL, NULL, 'admin_view', NULL, NULL, NULL, NULL, 'N', NULL, 'N', 'N', NULL, NULL, 1, 140, 141, '2015-01-24 14:05:41', 1, '2015-01-24 14:05:41', 1),
	(71, 61, NULL, NULL, 'admin_edit', 'Editar usuário', NULL, 'Edita os dados de usuario(login, senha e permissões)', 'Editar dados do usuario', 'N', NULL, 'Y', 'N', 1, NULL, 1, 142, 143, '2015-01-24 14:05:41', 1, '2015-07-10 10:32:39', 1),
	(72, 61, NULL, NULL, 'admin_delete', NULL, NULL, NULL, NULL, 'N', NULL, 'N', 'N', NULL, NULL, 1, 144, 145, '2015-01-24 14:05:41', 1, '2015-01-24 14:05:41', 1),
	(73, 61, NULL, NULL, 'admin_trocarsenha', 'Trocar minha senha', 1, 'Troca senha de acesso ao sistema', 'Trocar minha senha', 'Y', 3, 'N', 'N', 1, NULL, 0, 146, 147, '2015-01-24 14:05:41', 1, '2015-07-10 10:32:51', 1),
	(74, 61, NULL, NULL, 'admin_list', NULL, NULL, NULL, NULL, 'N', NULL, 'N', 'N', NULL, NULL, 1, 148, 149, '2015-01-24 14:05:42', 1, '2015-01-24 14:05:42', 1),
	(75, 1, NULL, NULL, 'Public', NULL, NULL, NULL, NULL, 'N', NULL, 'N', 'N', NULL, NULL, 1, 158, 179, '2015-07-08 11:48:41', 1, '2015-07-08 11:48:41', 1),
	(77, 75, NULL, NULL, 'contato', NULL, NULL, NULL, NULL, 'N', NULL, 'N', 'N', NULL, NULL, 1, 159, 160, '2015-07-10 11:06:54', 1, '2015-07-10 11:06:54', 1),
	(79, 75, NULL, NULL, 'trabalheconosco', NULL, NULL, NULL, NULL, 'N', NULL, 'N', 'N', NULL, NULL, 1, 161, 162, '2015-07-10 11:06:54', 1, '2015-07-10 11:06:54', 1),
	(80, 1, NULL, NULL, 'Formularios', NULL, NULL, NULL, NULL, 'N', NULL, 'N', 'N', NULL, NULL, 1, 180, 197, '2015-07-20 11:13:05', 1, '2015-07-20 11:13:05', 1),
	(81, 80, NULL, NULL, 'Messages', NULL, NULL, NULL, NULL, 'N', NULL, 'N', 'N', NULL, NULL, 1, 181, 186, '2015-07-20 11:13:06', 1, '2015-07-20 11:13:06', 1),
	(83, 81, NULL, NULL, 'admin_listContacts', 'Críticas e sugestões', 20, 'Lista as mensagens rcebidas pelo formulário de contato(críticas e sugestões) do site', 'Críticas e sugestões', 'Y', 2, 'N', 'N', 8, NULL, 0, 182, 183, '2015-07-20 11:13:06', 1, '2015-07-20 11:35:12', 1),
	(86, 1, NULL, NULL, 'Download', NULL, NULL, NULL, NULL, 'N', NULL, 'N', 'N', NULL, NULL, 1, 198, 203, '2015-07-21 09:39:12', 1, '2015-07-21 09:39:12', 1),
	(87, 86, NULL, NULL, 'get', NULL, NULL, NULL, NULL, 'N', NULL, 'N', 'N', NULL, NULL, 1, 199, 200, '2015-07-21 09:39:12', 1, '2015-07-21 09:39:12', 1),
	(91, 86, NULL, NULL, 'getCv', NULL, NULL, NULL, NULL, 'N', NULL, 'N', 'N', NULL, NULL, 1, 201, 202, '2015-07-22 11:28:01', 1, '2015-07-22 11:28:01', 1),
	(93, 80, NULL, NULL, 'Areas', NULL, NULL, NULL, NULL, 'N', NULL, 'N', 'N', NULL, NULL, 1, 187, 196, '2015-07-22 11:28:03', 1, '2015-07-22 11:28:03', 1),
	(94, 93, NULL, NULL, 'admin_index', 'Listar setores/áreas de atuação', 22, 'Lista as áreas de atuação cadastradas', 'Listar áreas de atuação', 'Y', 2, 'N', 'N', 3, NULL, 0, 188, 189, '2015-07-22 11:28:03', 1, '2015-07-23 11:31:25', 1),
	(95, 93, NULL, NULL, 'admin_add', 'Cadastrar área de atuação', 22, 'Cadastra área de atuação', 'Cadastrar área de atuação', 'Y', 1, 'N', 'N', 3, NULL, 0, 190, 191, '2015-07-22 11:28:03', 1, '2015-07-23 10:42:35', 1),
	(96, 93, NULL, NULL, 'admin_edit', 'Editar área de atuação', NULL, 'Edita a área de atuação selecionada', 'Editar área de atuação', 'N', NULL, 'Y', 'N', 3, NULL, 1, 192, 193, '2015-07-22 11:28:03', 1, '2015-07-22 11:43:29', 1),
	(97, 93, NULL, NULL, 'admin_delete', 'Deletar área de atuação', NULL, 'Deleta área de atuação selecionada', 'Deletar área de atuação', 'N', NULL, 'Y', 'N', 3, NULL, 1, 194, 195, '2015-07-22 11:28:03', 1, '2015-07-22 11:32:23', 1),
	(99, 81, NULL, NULL, 'admin_openMessage', 'Abrir mensagem', NULL, 'Abre a mensagem recebida', 'Abrir mensagem', 'N', NULL, 'Y', 'N', 11, NULL, 1, 184, 185, '2015-07-27 10:51:37', 1, '2015-07-27 10:52:51', 1),
	(140, 1, NULL, NULL, 'Conteudo', NULL, NULL, NULL, NULL, 'N', NULL, 'N', 'N', NULL, NULL, 1, 204, 215, '2015-09-03 11:32:53', 1, '2015-09-03 11:32:53', 1),
	(141, 140, NULL, NULL, 'Conteudos', NULL, NULL, NULL, NULL, 'N', NULL, 'N', 'N', NULL, NULL, 1, 205, 214, '2015-09-03 11:32:53', 1, '2015-09-03 11:32:53', 1),
	(142, 141, NULL, NULL, 'admin_editDescricaoInstitucional', 'Editar descrição institucional', 27, 'Edita adescrição institucional', 'Editar descrição institucional', 'Y', 1, 'N', 'N', 4, NULL, 0, 206, 207, '2015-09-03 11:32:53', 1, '2015-09-03 11:35:36', 1),
	(143, 141, NULL, NULL, 'admin_visualizaDescricaoInstitucional', 'Visualizar descrição institucional', 27, 'Visualiza o conteúdo da descrição institucional(link Quem somos)', 'Visualizar descrição institucional', 'Y', 2, 'N', 'N', 4, NULL, 0, 208, 209, '2015-09-03 11:32:54', 1, '2015-09-03 11:36:49', 1),
	(144, 75, NULL, NULL, 'empresa', NULL, NULL, NULL, NULL, 'N', NULL, 'N', 'N', NULL, NULL, 1, 163, 164, '2015-12-26 18:39:33', 1, '2015-12-26 18:39:33', 1),
	(147, 1, NULL, NULL, 'ManagerPackages', NULL, NULL, NULL, NULL, 'N', NULL, 'N', 'N', NULL, NULL, 1, 216, 231, '2015-12-26 18:39:39', 1, '2015-12-26 18:39:39', 1),
	(148, 147, NULL, NULL, 'Packages', NULL, NULL, NULL, NULL, 'N', NULL, 'N', 'N', NULL, NULL, 1, 217, 230, '2015-12-26 18:39:39', 1, '2015-12-26 18:39:39', 1),
	(149, 148, NULL, NULL, 'admin_add', 'Cadastrar pacotes', 29, 'Cadastra pacotes de funcionalidades no controle por usuário', 'Cadastrar pacotes', 'Y', 1, 'N', 'Y', 19, NULL, 0, 218, 219, '2015-12-26 18:39:41', 1, '2016-01-12 20:15:46', 1),
	(150, 148, NULL, NULL, 'admin_ativa', 'Ativar controle de acesso por usuário', NULL, 'Ativa o controle de acesso por usuário', 'Ativar controle de acesso por usuário', 'N', NULL, 'Y', 'Y', 19, NULL, 1, 220, 221, '2015-12-26 18:39:41', 1, '2015-12-26 19:49:13', 1),
	(151, 148, NULL, NULL, 'admin_desativa', 'Desativar pacote', NULL, 'Desativa o controle por usuário do pacote selecionado. O controle passará a ser por grupo de acesso.', 'Desativar pacote', 'N', NULL, 'Y', 'Y', 19, NULL, 1, 222, 223, '2015-12-26 18:39:42', 1, '2016-01-05 20:56:01', 1),
	(152, 148, NULL, NULL, 'admin_edit', 'Editar pacotes', NULL, 'Edição dos pacotes que terão acesso controlado por usuário', 'Editar pacotes', 'N', NULL, 'Y', 'Y', 19, NULL, 1, 224, 225, '2015-12-26 18:39:42', 1, '2016-01-05 20:55:12', 1),
	(153, 148, NULL, NULL, 'admin_index', 'Listar pacotes ', 29, 'Lista os pacotes de funcionalidades com acesso controlado por usuário', 'Listar pacotes ', 'Y', 2, 'N', 'Y', 19, NULL, 0, 226, 227, '2015-12-26 18:39:43', 1, '2016-01-05 21:37:33', 1),
	(154, 148, NULL, NULL, 'admin_delete', 'Apagar pacote', NULL, 'Deleta o pacote do controle de acesso por usuário. O controle de acesso passará a ser por grupo(default do sistema)', 'Apagar pacote', 'N', NULL, 'Y', 'Y', 19, NULL, 1, 228, 229, '2015-12-26 18:39:44', 1, '2015-12-26 18:49:26', 1),
	(155, 1, NULL, NULL, 'ConfigBook', NULL, NULL, NULL, NULL, 'N', NULL, 'N', 'N', NULL, NULL, 1, 232, 247, '2016-01-13 14:59:43', 1, '2016-01-13 14:59:43', 1),
	(156, 155, NULL, NULL, 'Notebooks', NULL, NULL, NULL, NULL, 'N', NULL, 'N', 'N', NULL, NULL, 1, 233, 246, '2016-01-13 14:59:43', 1, '2016-01-13 14:59:43', 1),
	(157, 156, NULL, NULL, 'admin_index', 'Listar cadernos', 31, 'Lista os cadernos cadastrados ', 'Listar cadernos', 'Y', 1, 'N', 'Y', 20, NULL, 0, 234, 235, '2016-01-13 14:59:43', 1, '2016-01-13 15:14:12', 1),
	(158, 156, NULL, NULL, 'admin_ativaModel', 'Ativar caderno', NULL, 'Ativa o caderno selecionado', 'Ativar caderno', 'N', NULL, 'Y', 'Y', 20, NULL, 1, 236, 237, '2016-01-13 14:59:43', 1, '2016-01-13 15:09:54', 1),
	(159, 156, NULL, NULL, 'admin_desativaModel', 'Desativar caderno', NULL, 'Desativa o caderno selecionado', 'Desativar caderno', 'N', NULL, 'Y', 'Y', 20, NULL, 1, 238, 239, '2016-01-13 14:59:43', 1, '2016-01-13 15:09:20', 1),
	(160, 156, NULL, NULL, 'admin_add', 'Cadastrar caderno', 31, 'Cadastro de caderno', 'Cadastrar caderno', 'Y', 2, 'N', 'Y', 20, NULL, 0, 240, 241, '2016-01-13 14:59:43', 1, '2016-01-13 15:14:21', 1),
	(161, 156, NULL, NULL, 'admin_edit', 'Editar caderno', NULL, 'Edita o caderno selecionado', 'Editar caderno', 'N', NULL, 'Y', 'Y', 20, NULL, 1, 242, 243, '2016-01-13 14:59:44', 1, '2016-01-13 15:02:37', 1),
	(162, 156, NULL, NULL, 'admin_delete', 'Deletar caderno', NULL, 'Apaga o caderno', 'Deletar caderno', 'N', NULL, 'Y', 'Y', 20, NULL, 1, 244, 245, '2016-01-13 14:59:44', 1, '2016-01-13 15:02:12', 1),
	(163, 4, NULL, NULL, 'PermissionUsers', NULL, NULL, NULL, NULL, 'N', NULL, 'N', 'N', NULL, NULL, 1, 151, 152, '2016-01-13 14:59:45', 1, '2016-01-13 14:59:45', 1),
	(164, 51, NULL, NULL, 'admin_add', NULL, NULL, NULL, NULL, 'N', NULL, 'N', 'N', NULL, NULL, 1, 102, 103, '2016-01-13 14:59:45', 1, '2016-01-13 14:59:45', 1),
	(165, 51, NULL, NULL, 'admin_delete', NULL, NULL, NULL, NULL, 'N', NULL, 'N', 'N', NULL, NULL, 1, 104, 105, '2016-01-13 14:59:45', 1, '2016-01-13 14:59:45', 1),
	(166, 51, NULL, NULL, 'admin_ativaModel', NULL, NULL, NULL, NULL, 'N', NULL, 'N', 'N', NULL, NULL, 1, 106, 107, '2016-01-13 14:59:45', 1, '2016-01-13 14:59:45', 1),
	(167, 51, NULL, NULL, 'admin_desativaModel', NULL, NULL, NULL, NULL, 'N', NULL, 'N', 'N', NULL, NULL, 1, 108, 109, '2016-01-13 14:59:45', 1, '2016-01-13 14:59:45', 1),
	(170, 1, NULL, NULL, 'AccessUsers', NULL, NULL, NULL, NULL, 'N', NULL, 'N', 'N', NULL, NULL, 1, 248, 259, '2016-03-16 14:40:57', 1, '2016-03-16 14:40:57', 1),
	(171, 170, NULL, NULL, 'AccessUsers', NULL, NULL, NULL, NULL, 'N', NULL, 'N', 'N', NULL, NULL, 1, 249, 252, '2016-03-16 14:40:57', 1, '2016-03-16 14:40:57', 1),
	(172, 171, NULL, NULL, 'admin_designatePermission', 'Permissões de usuário', NULL, 'Designa ou retira permissão de usuário', 'Permissões de usuário', 'N', NULL, 'Y', 'N', 15, NULL, 1, 250, 251, '2016-03-16 14:40:57', 1, '2016-03-16 14:41:50', 1),
	(173, 170, NULL, NULL, 'AccessColumns', NULL, NULL, NULL, NULL, 'N', NULL, 'N', 'N', NULL, NULL, 1, 253, 258, '2016-03-16 17:29:09', 1, '2016-03-16 17:29:09', 1),
	(181, 173, NULL, NULL, 'admin_enableDisabledColumnist', 'Autorizar/bloquear acesso de colunista', NULL, 'Método que configura a autorização de colunista', 'Autorizar/bloquear acesso de colunista', 'N', NULL, 'Y', 'N', 15, NULL, 1, 254, 255, '2016-03-21 09:59:29', 1, '2016-03-21 10:00:13', 1),
	(182, 173, NULL, NULL, 'admin_enableDisabledAdmColum', 'Autorizar/bloquear acesso de administrador de coluna', NULL, 'Método que configura a autorização de administrador de coluna', 'Autorizar/bloquear acesso de administrador de coluna', 'N', NULL, 'Y', 'N', 15, NULL, 1, 256, 257, '2016-03-21 09:59:29', 1, '2016-03-21 09:59:53', 1),
	(183, 1, NULL, NULL, 'Help', NULL, NULL, NULL, NULL, 'N', NULL, 'N', 'N', NULL, NULL, 1, 260, 263, '2016-03-29 16:56:12', 1, '2016-03-29 16:56:12', 1),
	(184, 183, NULL, NULL, 'admin_index', 'Sobre', 34, 'Descreve os dados da versão do sistema', 'Sobre', 'Y', 1, 'N', 'N', 3, NULL, 0, 261, 262, '2016-03-29 16:56:12', 1, '2016-03-29 16:57:14', 1),
	(185, 1, NULL, NULL, 'ManagerBook', NULL, NULL, NULL, NULL, 'N', NULL, 'N', 'N', NULL, NULL, 1, 264, 307, '2016-04-07 09:07:37', 1, '2016-04-07 09:07:37', 1),
	(186, 185, NULL, NULL, 'ManagerBooks', NULL, NULL, NULL, NULL, 'N', NULL, 'N', 'N', NULL, NULL, 1, 265, 292, '2016-04-07 09:07:38', 1, '2016-04-07 09:07:38', 1),
	(187, 186, NULL, NULL, 'admin_index', 'Administrar caderno', NULL, 'Página inicial de administração de caderno', 'Administrar caderno', 'N', NULL, 'Y', 'N', 21, NULL, 1, 266, 267, '2016-04-07 09:07:38', 1, '2016-04-07 09:10:09', 1),
	(188, 1, NULL, NULL, 'Articles', NULL, NULL, NULL, NULL, 'N', NULL, 'N', 'N', NULL, NULL, 1, 308, 345, '2016-04-11 15:06:35', 1, '2016-04-11 15:06:35', 1),
	(189, 188, NULL, NULL, 'Articles', NULL, NULL, NULL, NULL, 'N', NULL, 'N', 'N', NULL, NULL, 1, 309, 338, '2016-04-11 15:06:35', 1, '2016-04-11 15:06:35', 1),
	(190, 189, NULL, NULL, 'admin_index', 'Artigos', NULL, 'Lista os artigos e exibe os links para as demais funcionalidades do móulo', 'Artigos', 'N', NULL, 'Y', 'N', 6, NULL, 1, 310, 311, '2016-04-11 15:06:35', 1, '2016-04-11 15:09:03', 1),
	(191, 189, NULL, NULL, 'admin_add', NULL, NULL, NULL, NULL, 'N', NULL, 'N', 'N', NULL, NULL, 1, 312, 313, '2016-04-19 14:47:32', 1, '2016-04-19 14:47:32', 1),
	(192, 186, NULL, NULL, 'admin_listCategorie', NULL, NULL, NULL, NULL, 'N', NULL, 'N', 'N', NULL, NULL, 1, 268, 269, '2016-04-19 14:47:32', 1, '2016-04-19 14:47:32', 1),
	(193, 186, NULL, NULL, 'admin_addCategorie', NULL, NULL, NULL, NULL, 'N', NULL, 'N', 'N', NULL, NULL, 1, 270, 271, '2016-04-19 14:47:32', 1, '2016-04-19 14:47:32', 1),
	(194, 186, NULL, NULL, 'admin_editCategorie', NULL, NULL, NULL, NULL, 'N', NULL, 'N', 'N', NULL, NULL, 1, 272, 273, '2016-04-19 14:47:32', 1, '2016-04-19 14:47:32', 1),
	(195, 186, NULL, NULL, 'admin_deleteCategorie', NULL, NULL, NULL, NULL, 'N', NULL, 'N', 'N', NULL, NULL, 1, 274, 275, '2016-04-19 14:47:32', 1, '2016-04-19 14:47:32', 1),
	(196, 185, NULL, NULL, 'ManagerUsers', NULL, NULL, NULL, NULL, 'N', NULL, 'N', 'N', NULL, NULL, 1, 293, 306, '2016-04-20 10:03:07', 1, '2016-04-20 10:03:07', 1),
	(199, 196, NULL, NULL, 'admin_addUser', NULL, NULL, NULL, NULL, 'N', NULL, 'N', 'N', NULL, NULL, 1, 294, 295, '2016-04-20 10:04:32', 1, '2016-04-20 10:04:32', 1),
	(201, 196, NULL, NULL, 'admin_checkCpf', NULL, NULL, NULL, NULL, 'N', NULL, 'N', 'N', NULL, NULL, 1, 296, 297, '2016-04-23 09:51:52', 1, '2016-04-23 09:51:52', 1),
	(202, 196, NULL, NULL, 'admin_viewProfile', NULL, NULL, NULL, NULL, 'N', NULL, 'N', 'N', NULL, NULL, 1, 298, 299, '2016-05-06 08:44:12', 1, '2016-05-06 08:44:12', 1),
	(203, 196, NULL, NULL, 'admin_allowBook', NULL, NULL, NULL, NULL, 'N', NULL, 'N', 'N', NULL, NULL, 1, 300, 301, '2016-05-06 08:44:12', 1, '2016-05-06 08:44:12', 1),
	(204, 75, NULL, NULL, 'artigos', NULL, NULL, NULL, NULL, 'N', NULL, 'N', 'N', NULL, NULL, 1, 165, 166, '2016-06-13 21:50:26', 1, '2016-06-13 21:50:26', 1),
	(205, 75, NULL, NULL, 'artigo', NULL, NULL, NULL, NULL, 'N', NULL, 'N', 'N', NULL, NULL, 1, 167, 168, '2016-06-13 21:50:26', 1, '2016-06-13 21:50:26', 1),
	(206, 75, NULL, NULL, 'naolocalizado', NULL, NULL, NULL, NULL, 'N', NULL, 'N', 'N', NULL, NULL, 1, 169, 170, '2016-06-13 21:50:26', 1, '2016-06-13 21:50:26', 1),
	(207, 189, NULL, NULL, 'admin_view', NULL, NULL, NULL, NULL, 'N', NULL, 'N', 'N', NULL, NULL, 1, 314, 315, '2016-06-13 21:50:26', 1, '2016-06-13 21:50:26', 1),
	(208, 189, NULL, NULL, 'admin_editResumo', NULL, NULL, NULL, NULL, 'N', NULL, 'N', 'N', NULL, NULL, 1, 316, 317, '2016-06-13 21:50:26', 1, '2016-06-13 21:50:26', 1),
	(209, 189, NULL, NULL, 'admin_edit', NULL, NULL, NULL, NULL, 'N', NULL, 'N', 'N', NULL, NULL, 1, 318, 319, '2016-06-13 21:50:26', 1, '2016-06-13 21:50:26', 1),
	(210, 189, NULL, NULL, 'admin_listPosts', NULL, NULL, NULL, NULL, 'N', NULL, 'N', 'N', NULL, NULL, 1, 320, 321, '2016-06-13 21:50:26', 1, '2016-06-13 21:50:26', 1),
	(211, 189, NULL, NULL, 'admin_changeStatus', NULL, NULL, NULL, NULL, 'N', NULL, 'N', 'N', NULL, NULL, 1, 322, 323, '2016-06-13 21:50:26', 1, '2016-06-13 21:50:26', 1),
	(212, 189, NULL, NULL, 'admin_delete', NULL, NULL, NULL, NULL, 'N', NULL, 'N', 'N', NULL, NULL, 1, 324, 325, '2016-06-13 21:50:26', 1, '2016-06-13 21:50:26', 1),
	(213, 189, NULL, NULL, 'admin_createNewVersion', NULL, NULL, NULL, NULL, 'N', NULL, 'N', 'N', NULL, NULL, 1, 326, 327, '2016-06-13 21:50:26', 1, '2016-06-13 21:50:26', 1),
	(214, 188, NULL, NULL, 'Profiles', NULL, NULL, NULL, NULL, 'N', NULL, 'N', 'N', NULL, NULL, 1, 339, 344, '2016-06-13 21:50:26', 1, '2016-06-13 21:50:26', 1),
	(215, 214, NULL, NULL, 'admin_edit', NULL, NULL, NULL, NULL, 'N', NULL, 'N', 'N', NULL, NULL, 1, 340, 341, '2016-06-13 21:50:26', 1, '2016-06-13 21:50:26', 1),
	(216, 214, NULL, NULL, 'admin_view', NULL, NULL, NULL, NULL, 'N', NULL, 'N', 'N', NULL, NULL, 1, 342, 343, '2016-06-13 21:50:26', 1, '2016-06-13 21:50:26', 1),
	(217, 186, NULL, NULL, 'admin_pendingPosts', NULL, NULL, NULL, NULL, 'N', NULL, 'N', 'N', NULL, NULL, 1, 276, 277, '2016-06-13 21:50:26', 1, '2016-06-13 21:50:26', 1),
	(218, 186, NULL, NULL, 'admin_reprovedPosts', NULL, NULL, NULL, NULL, 'N', NULL, 'N', 'N', NULL, NULL, 1, 278, 279, '2016-06-13 21:50:26', 1, '2016-06-13 21:50:26', 1),
	(219, 186, NULL, NULL, 'admin_listPublish', NULL, NULL, NULL, NULL, 'N', NULL, 'N', 'N', NULL, NULL, 1, 280, 281, '2016-06-13 21:50:26', 1, '2016-06-13 21:50:26', 1),
	(220, 186, NULL, NULL, 'admin_viewPost', NULL, NULL, NULL, NULL, 'N', NULL, 'N', 'N', NULL, NULL, 1, 282, 283, '2016-06-13 21:50:27', 1, '2016-06-13 21:50:27', 1),
	(221, 186, NULL, NULL, 'admin_authorizePosts', NULL, NULL, NULL, NULL, 'N', NULL, 'N', 'N', NULL, NULL, 1, 284, 285, '2016-06-13 21:50:27', 1, '2016-06-13 21:50:27', 1),
	(222, 186, NULL, NULL, 'admin_authorizedPosts', NULL, NULL, NULL, NULL, 'N', NULL, 'N', 'N', NULL, NULL, 1, 286, 287, '2016-06-13 21:50:27', 1, '2016-06-13 21:50:27', 1),
	(223, 186, NULL, NULL, 'admin_reprovePosts', NULL, NULL, NULL, NULL, 'N', NULL, 'N', 'N', NULL, NULL, 1, 288, 289, '2016-06-13 21:50:27', 1, '2016-06-13 21:50:27', 1),
	(224, 196, NULL, NULL, 'admin_denyBook', NULL, NULL, NULL, NULL, 'N', NULL, 'N', 'N', NULL, NULL, 1, 302, 303, '2016-06-13 21:50:27', 1, '2016-06-13 21:50:27', 1),
	(225, 196, NULL, NULL, 'admin_listUsers', NULL, NULL, NULL, NULL, 'N', NULL, 'N', 'N', NULL, NULL, 1, 304, 305, '2016-06-13 21:50:27', 1, '2016-06-13 21:50:27', 1),
	(226, 1, NULL, NULL, 'Notifications', NULL, NULL, NULL, NULL, 'N', NULL, 'N', 'N', NULL, NULL, 1, 346, 363, '2016-06-13 21:50:27', 1, '2016-06-13 21:50:27', 1),
	(227, 226, NULL, NULL, 'History', NULL, NULL, NULL, NULL, 'N', NULL, 'N', 'N', NULL, NULL, 1, 347, 354, '2016-06-13 21:50:27', 1, '2016-06-13 21:50:27', 1),
	(228, 227, NULL, NULL, 'index', 'Listar notificações', NULL, 'Lista as notificações do usuário logado', 'Listar notificações', 'N', NULL, 'N', 'N', 22, NULL, 1, 348, 349, '2016-06-13 21:50:27', 1, '2016-09-19 21:23:53', 1),
	(229, 227, NULL, NULL, 'view', 'Visualizar notificações', NULL, 'Visualiza as notificações de sistema', 'Visualizar notificações', 'N', NULL, 'Y', 'N', 22, NULL, 1, 350, 351, '2016-06-13 21:50:27', 1, '2016-09-21 19:46:20', 1),
	(230, 227, NULL, NULL, 'delete', 'Apagar notificação', NULL, 'Deleta notificação selecionada', 'Apagar notificação', 'N', NULL, 'Y', 'N', 22, NULL, 1, 352, 353, '2016-06-13 21:50:27', 1, '2016-09-19 21:23:20', 1),
	(231, 226, NULL, NULL, 'Notifications', NULL, NULL, NULL, NULL, 'N', NULL, 'N', 'N', NULL, NULL, 1, 355, 358, '2016-06-13 21:50:27', 1, '2016-06-13 21:50:27', 1),
	(232, 231, NULL, NULL, 'regs', NULL, NULL, NULL, NULL, 'N', NULL, 'N', 'N', NULL, NULL, 1, 356, 357, '2016-06-13 21:50:27', 1, '2016-06-13 21:50:27', 1),
	(233, 226, NULL, NULL, 'Systems', NULL, NULL, NULL, NULL, 'N', NULL, 'N', 'N', NULL, NULL, 1, 359, 360, '2016-06-13 21:50:27', 1, '2016-06-13 21:50:27', 1),
	(234, 226, NULL, NULL, 'Systemsreleases', NULL, NULL, NULL, NULL, 'N', NULL, 'N', 'N', NULL, NULL, 1, 361, 362, '2016-06-13 21:50:28', 1, '2016-06-13 21:50:28', 1),
	(235, 1, NULL, NULL, 'Colunistas', NULL, NULL, NULL, NULL, 'N', NULL, 'N', 'N', NULL, NULL, 1, 364, 369, '2016-09-07 09:00:13', 1, '2016-09-07 09:00:13', 1),
	(236, 235, NULL, NULL, 'index', NULL, NULL, NULL, NULL, 'N', NULL, 'N', 'N', NULL, NULL, 1, 365, 366, '2016-09-07 09:00:13', 1, '2016-09-07 09:00:13', 1),
	(237, 235, NULL, NULL, 'colunista', NULL, NULL, NULL, NULL, 'N', NULL, 'N', 'N', NULL, NULL, 1, 367, 368, '2016-09-07 09:00:14', 1, '2016-09-07 09:00:14', 1),
	(238, 75, NULL, NULL, 'categoria', NULL, NULL, NULL, NULL, 'N', NULL, 'N', 'N', NULL, NULL, 1, 171, 172, '2016-09-07 09:00:14', 1, '2016-09-07 09:00:14', 1),
	(239, 75, NULL, NULL, 'caderno', NULL, NULL, NULL, NULL, 'N', NULL, 'N', 'N', NULL, NULL, 1, 173, 174, '2016-09-07 09:00:14', 1, '2016-09-07 09:00:14', 1),
	(240, 75, NULL, NULL, 'searchPosts', NULL, NULL, NULL, NULL, 'N', NULL, 'N', 'N', NULL, NULL, 1, 175, 176, '2016-09-07 09:00:14', 1, '2016-09-07 09:00:14', 1),
	(241, 189, NULL, NULL, 'admin_previewPost', NULL, NULL, NULL, NULL, 'N', NULL, 'N', 'N', NULL, NULL, 1, 328, 329, '2016-09-07 09:00:14', 1, '2016-09-07 09:00:14', 1),
	(242, 189, NULL, NULL, 'admin_publishPosts', NULL, NULL, NULL, NULL, 'N', NULL, 'N', 'N', NULL, NULL, 1, 330, 331, '2016-09-07 09:00:14', 1, '2016-09-07 09:00:14', 1),
	(243, 189, NULL, NULL, 'admin_featuredImage', NULL, NULL, NULL, NULL, 'N', NULL, 'N', 'N', NULL, NULL, 1, 332, 333, '2016-09-07 09:00:14', 1, '2016-09-07 09:00:14', 1),
	(244, 1, NULL, NULL, 'Avatar', NULL, NULL, NULL, NULL, 'N', NULL, 'N', 'N', NULL, NULL, 1, 370, 379, '2016-09-07 09:00:14', 1, '2016-09-07 09:00:14', 1),
	(245, 244, NULL, NULL, 'Avatars', NULL, NULL, NULL, NULL, 'N', NULL, 'N', 'N', NULL, NULL, 1, 371, 378, '2016-09-07 09:00:14', 1, '2016-09-07 09:00:14', 1),
	(246, 245, NULL, NULL, 'admin_add', NULL, NULL, NULL, NULL, 'N', NULL, 'N', 'N', NULL, NULL, 1, 372, 373, '2016-09-07 09:00:14', 1, '2016-09-07 09:00:14', 1),
	(247, 245, NULL, NULL, 'admin_redimensiona', NULL, NULL, NULL, NULL, 'N', NULL, 'N', 'N', NULL, NULL, 1, 374, 375, '2016-09-07 09:00:14', 1, '2016-09-07 09:00:14', 1),
	(248, 245, NULL, NULL, 'admin_delete', NULL, NULL, NULL, NULL, 'N', NULL, 'N', 'N', NULL, NULL, 1, 376, 377, '2016-09-07 09:00:14', 1, '2016-09-07 09:00:14', 1),
	(249, 186, NULL, NULL, 'admin_reverseApprovalPosts', NULL, NULL, NULL, NULL, 'N', NULL, 'N', 'N', NULL, NULL, 1, 290, 291, '2016-09-07 09:00:15', 1, '2016-09-07 09:00:15', 1),
	(250, 189, NULL, NULL, 'admin_editPublicationDate', NULL, NULL, NULL, NULL, 'N', NULL, 'N', 'N', NULL, NULL, 1, 334, 335, '2016-09-28 20:51:45', 1, '2016-09-28 20:51:45', 1),
	(251, 75, NULL, NULL, 'colunista', NULL, NULL, NULL, NULL, 'N', NULL, 'N', 'N', NULL, NULL, 1, 177, 178, '2016-10-23 17:59:55', 1, '2016-10-23 17:59:55', 1),
	(252, 189, NULL, NULL, 'admin_getManual', NULL, NULL, NULL, NULL, 'N', NULL, 'N', 'N', NULL, NULL, 1, 336, 337, '2016-10-23 17:59:55', 1, '2016-10-23 17:59:55', 1),
	(253, 141, NULL, NULL, 'admin_editContent', 'Editar conteúdo de sessão', NULL, 'Edita o conteúdo da sessão selecionada', 'Editar conteúdo de sessão', 'N', NULL, 'Y', 'N', 4, NULL, 1, 210, 211, '2016-10-23 17:59:56', 1, '2016-10-23 18:01:32', 1),
	(254, 141, NULL, NULL, 'admin_index', 'Administrar sessões', 27, 'Administra as sessões do portal', 'Administrar sessões', 'Y', 3, 'N', 'N', 4, NULL, 0, 212, 213, '2016-10-23 17:59:56', 1, '2016-10-23 18:01:58', 1),
	(255, 1, NULL, NULL, 'Mkt', NULL, NULL, NULL, NULL, 'N', NULL, 'N', 'N', NULL, NULL, 1, 380, 391, '2016-12-03 15:12:16', 1, '2016-12-03 15:12:16', 1),
	(256, 255, NULL, NULL, 'Operations', NULL, NULL, NULL, NULL, 'N', NULL, 'N', 'N', NULL, NULL, 1, 381, 384, '2016-12-03 15:12:16', 1, '2016-12-03 15:12:16', 1),
	(257, 256, NULL, NULL, 'admin_alterarProgramacao', 'Alterar programação de artigo', NULL, 'Altera a programação de artigo', 'Alterar programação de artigo', 'N', NULL, 'Y', 'N', 23, NULL, 1, 382, 383, '2016-12-03 15:12:16', 1, '2016-12-03 15:17:29', 1),
	(258, 255, NULL, NULL, 'Reports', NULL, NULL, NULL, NULL, 'N', NULL, 'N', 'N', NULL, NULL, 1, 385, 390, '2016-12-03 15:12:16', 1, '2016-12-03 15:12:16', 1),
	(259, 258, NULL, NULL, 'admin_maisVisitados', 'Artigos mais visitados', 35, 'Lista os artigos mais visitados', 'Artigos mais visitados', 'Y', 1, 'N', 'N', 23, NULL, 0, 386, 387, '2016-12-03 15:12:16', 1, '2016-12-03 15:24:23', 1),
	(260, 258, NULL, NULL, 'admin_programados', 'Artigos programados', NULL, 'Lista os artigos programados', 'Artigos programados', 'N', NULL, 'N', 'N', 23, NULL, 1, 388, 389, '2016-12-03 15:12:17', 1, '2016-12-03 15:16:47', 1);
/*!40000 ALTER TABLE `acos` ENABLE KEYS */;


-- Copiando estrutura para tabela crescernaweb1.addresses
DROP TABLE IF EXISTS `addresses`;
CREATE TABLE IF NOT EXISTS `addresses` (
  `id` int(11) NOT NULL AUTO_INCREMENT,
  `person_id` int(11) NOT NULL,
  `cep` varchar(40) DEFAULT NULL,
  `tipologradouro` varchar(30) DEFAULT NULL,
  `logradouro` varchar(150) DEFAULT NULL,
  `numero` varchar(45) DEFAULT NULL,
  `complemento` varchar(45) DEFAULT NULL,
  `bairro` varchar(45) DEFAULT NULL,
  `cidade` varchar(100) DEFAULT NULL,
  `estado` varchar(45) DEFAULT NULL,
  `pais` varchar(50) DEFAULT NULL,
  `created` datetime DEFAULT NULL,
  `createdby` int(11) NOT NULL,
  `modified` datetime DEFAULT NULL,
  `modifiedby` int(11) NOT NULL,
  `isactive` char(1) NOT NULL DEFAULT 'Y',
  `isdeleted` char(1) NOT NULL DEFAULT 'N',
  PRIMARY KEY (`id`,`person_id`),
  KEY `fk_addresses_persons1` (`person_id`)
) ENGINE=InnoDB AUTO_INCREMENT=17 DEFAULT CHARSET=utf8;

-- Copiando dados para a tabela crescernaweb1.addresses: ~15 rows (aproximadamente)
/*!40000 ALTER TABLE `addresses` DISABLE KEYS */;
INSERT INTO `addresses` (`id`, `person_id`, `cep`, `tipologradouro`, `logradouro`, `numero`, `complemento`, `bairro`, `cidade`, `estado`, `pais`, `created`, `createdby`, `modified`, `modifiedby`, `isactive`, `isdeleted`) VALUES
	(1, 2, NULL, NULL, NULL, NULL, NULL, NULL, NULL, NULL, 'Brasil', '2015-04-22 10:24:17', 1, '2015-04-22 10:24:17', 1, 'Y', 'N'),
	(2, 1, '', '', '', '', '', '', '', '', 'Brasil', '2015-06-18 11:31:43', 1, '2016-03-17 09:04:24', 1, 'Y', 'N'),
	(4, 4, '36038-010', 'Avenida', 'Presidente Costa e Silva', '2328', '', 'São Pedro', 'Juiz de Fora', 'MG', 'Brasil', '2015-07-29 11:53:50', 1, '2015-09-25 10:47:45', 1, 'Y', 'N'),
	(5, 5, '36090-300', 'Rua', 'Martins Barbosa', '101/105 ', '', 'Benfica', 'Juiz de Fora', '', 'Brasil', '2015-07-30 10:00:54', 1, '2015-09-25 10:43:07', 1, 'Y', 'N'),
	(6, 6, '36070-060', 'Avenida', 'Brasil', '1000', '', 'Costa Carvalho', 'Juiz de Fora', 'MG', 'Brasil', '2015-08-14 10:56:24', 1, '2015-09-25 10:49:28', 1, 'Y', 'N'),
	(7, 7, '36025-290', 'Avenida', 'Presidente Itamar Franco', '3295', '', 'São Mateus', 'Juiz de Fora', 'MG', 'Brasil', '2015-08-14 11:22:29', 1, '2015-09-25 11:02:14', 1, 'Y', 'N'),
	(8, 11, NULL, NULL, NULL, NULL, NULL, NULL, NULL, NULL, 'Brasil', '2015-09-09 10:16:32', 1, '2015-09-09 10:16:32', 1, 'Y', 'N'),
	(9, 25, '36013-011', 'Avenida', 'Getúlio Vargas', '894/898 ', '', 'Centro', 'Juiz de Fora', 'MG', 'Brasil', '2015-09-25 10:54:31', 1, '2015-09-25 10:54:31', 1, 'Y', 'N'),
	(10, 26, '36045-050', 'Avenida', 'Barão do Rio Branco ', '675', '', 'Manoel Honório', 'Juiz de Fora', 'MG', 'Brasil', '2015-09-25 10:57:15', 1, '2015-09-25 10:58:48', 1, 'Y', 'N'),
	(11, 27, '36010-000', 'Rua', 'Halfeld', '288', '', 'Centro', 'Juiz de Fora', 'MG', 'Brasil', '2015-09-25 11:01:26', 1, '2015-09-25 11:01:26', 1, 'Y', 'N'),
	(12, 35, NULL, NULL, NULL, NULL, NULL, NULL, NULL, NULL, 'Brasil', '2015-11-20 10:16:15', 1, '2015-11-20 10:16:15', 1, 'Y', 'N'),
	(13, 36, NULL, NULL, NULL, NULL, NULL, NULL, NULL, NULL, 'Brasil', '2016-01-21 08:31:19', 1, '2016-01-21 08:31:19', 1, 'Y', 'N'),
	(14, 39, NULL, NULL, NULL, NULL, NULL, NULL, NULL, NULL, 'Brasil', '2016-01-22 15:26:35', 1, '2016-01-22 15:26:35', 1, 'Y', 'N'),
	(15, 40, NULL, NULL, NULL, NULL, NULL, NULL, NULL, NULL, 'Brasil', '2016-01-22 17:09:27', 6, '2016-01-22 17:09:27', 6, 'Y', 'N'),
	(16, 58, NULL, NULL, NULL, NULL, NULL, NULL, NULL, NULL, 'Brasil', '2016-05-04 15:05:42', 1, '2016-05-04 15:05:42', 1, 'Y', 'N');
/*!40000 ALTER TABLE `addresses` ENABLE KEYS */;


-- Copiando estrutura para tabela crescernaweb1.aros
DROP TABLE IF EXISTS `aros`;
CREATE TABLE IF NOT EXISTS `aros` (
  `id` int(10) NOT NULL AUTO_INCREMENT,
  `parent_id` int(10) DEFAULT NULL,
  `model` varchar(255) DEFAULT NULL,
  `foreign_key` int(10) DEFAULT NULL,
  `alias` varchar(255) DEFAULT NULL,
  `lft` int(10) DEFAULT NULL,
  `rght` int(10) DEFAULT NULL,
  `created` datetime DEFAULT NULL,
  `createdby` int(11) NOT NULL,
  `modified` datetime DEFAULT NULL,
  `modifiedby` int(11) NOT NULL,
  PRIMARY KEY (`id`)
) ENGINE=InnoDB AUTO_INCREMENT=48 DEFAULT CHARSET=utf8;

-- Copiando dados para a tabela crescernaweb1.aros: ~10 rows (aproximadamente)
/*!40000 ALTER TABLE `aros` DISABLE KEYS */;
INSERT INTO `aros` (`id`, `parent_id`, `model`, `foreign_key`, `alias`, `lft`, `rght`, `created`, `createdby`, `modified`, `modifiedby`) VALUES
	(1, NULL, NULL, NULL, 'Roles', 1, 44, NULL, 0, NULL, 0),
	(2, 1, 'Role', 1, NULL, 2, 3, NULL, 0, NULL, 0),
	(3, 1, 'Role', 2, NULL, 4, 5, NULL, 0, NULL, 0),
	(4, 1, 'Role', 3, NULL, 20, 21, NULL, 0, NULL, 0),
	(42, NULL, 'Role', 41, NULL, 45, 46, NULL, 0, '2014-07-22 15:42:22', 0),
	(43, NULL, 'Role', 42, NULL, 47, 48, '2013-07-05 11:21:50', 19, '2014-07-22 15:27:33', 19),
	(44, 1, 'Role', 43, NULL, 40, 41, '2014-07-28 13:20:12', 11, '2014-07-28 13:20:12', 11),
	(45, 1, 'Role', 4, NULL, 42, 43, '2015-07-10 10:39:59', 1, '2015-07-10 10:39:59', 1),
	(46, NULL, 'Role', 5, NULL, 49, 50, '2015-11-20 10:57:04', 1, '2016-01-25 08:20:01', 1),
	(47, NULL, 'Role', 6, NULL, 51, 52, '2015-11-20 10:57:20', 1, '2016-04-05 16:36:25', 1);
/*!40000 ALTER TABLE `aros` ENABLE KEYS */;


-- Copiando estrutura para tabela crescernaweb1.aros_acos
DROP TABLE IF EXISTS `aros_acos`;
CREATE TABLE IF NOT EXISTS `aros_acos` (
  `id` int(10) NOT NULL AUTO_INCREMENT,
  `aro_id` int(10) NOT NULL,
  `aco_id` int(10) NOT NULL,
  `_create` varchar(2) NOT NULL DEFAULT '0',
  `_read` varchar(2) NOT NULL DEFAULT '0',
  `_update` varchar(2) NOT NULL DEFAULT '0',
  `_delete` varchar(2) NOT NULL DEFAULT '0',
  `created` datetime DEFAULT NULL,
  `createdby` int(11) NOT NULL,
  `modified` datetime DEFAULT NULL,
  `modifiedby` int(11) NOT NULL,
  PRIMARY KEY (`id`),
  UNIQUE KEY `ARO_ACO_KEY` (`aro_id`,`aco_id`)
) ENGINE=InnoDB AUTO_INCREMENT=128 DEFAULT CHARSET=utf8;

-- Copiando dados para a tabela crescernaweb1.aros_acos: ~39 rows (aproximadamente)
/*!40000 ALTER TABLE `aros_acos` DISABLE KEYS */;
INSERT INTO `aros_acos` (`id`, `aro_id`, `aco_id`, `_create`, `_read`, `_update`, `_delete`, `created`, `createdby`, `modified`, `modifiedby`) VALUES
	(43, 3, 58, '1', '1', '1', '1', '2015-04-22 09:17:21', 1, '2015-06-18 11:42:46', 1),
	(44, 3, 59, '1', '1', '1', '1', '2015-04-22 09:19:32', 1, '2015-07-20 11:31:03', 1),
	(45, 3, 55, '1', '1', '1', '1', '2015-04-22 09:21:26', 1, '2015-07-10 10:24:56', 1),
	(46, 3, 56, '1', '1', '1', '1', '2015-04-22 09:22:05', 1, '2015-07-10 10:23:54', 1),
	(47, 3, 71, '1', '1', '1', '1', '2015-04-22 09:23:51', 1, '2015-07-10 10:23:40', 1),
	(48, 3, 60, '1', '1', '1', '1', '2015-04-22 09:37:06', 1, '2015-07-10 10:22:22', 1),
	(49, 3, 66, '1', '1', '1', '1', '2015-04-22 10:21:59', 1, '2015-07-10 10:21:56', 1),
	(50, 3, 64, '1', '1', '1', '1', '2015-04-22 10:22:50', 1, '2015-07-10 10:22:38', 1),
	(51, 3, 73, '1', '1', '1', '1', '2015-04-22 14:26:46', 1, '2015-04-22 14:26:46', 1),
	(52, 3, 14, '0', '0', '0', '0', '2015-07-08 11:54:33', 1, '2015-07-10 10:46:50', 1),
	(53, 3, 52, '0', '0', '0', '0', '2015-07-10 10:27:39', 1, '2016-01-21 08:35:28', 1),
	(54, 3, 19, '0', '0', '0', '0', '2015-07-10 10:34:07', 1, '2016-01-21 08:35:23', 1),
	(55, 3, 16, '0', '0', '0', '0', '2015-07-10 10:38:43', 1, '2016-01-21 08:35:19', 1),
	(58, 3, 83, '1', '1', '1', '1', '2015-07-20 11:29:35', 1, '2015-07-20 11:29:35', 1),
	(61, 3, 97, '1', '1', '1', '1', '2015-07-22 11:32:23', 1, '2015-07-22 11:32:23', 1),
	(62, 3, 94, '1', '1', '1', '1', '2015-07-22 11:42:33', 1, '2015-07-22 11:42:33', 1),
	(63, 3, 96, '1', '1', '1', '1', '2015-07-22 11:43:29', 1, '2015-07-22 11:43:29', 1),
	(64, 3, 95, '1', '1', '1', '1', '2015-07-22 11:45:43', 1, '2015-07-22 11:45:43', 1),
	(66, 3, 99, '1', '1', '1', '1', '2015-07-27 10:52:51', 1, '2015-07-27 10:52:51', 1),
	(100, 3, 143, '1', '1', '1', '1', '2015-09-03 11:34:24', 1, '2015-09-03 11:34:24', 1),
	(101, 3, 142, '1', '1', '1', '1', '2015-09-03 11:35:13', 1, '2015-09-03 11:35:13', 1),
	(103, 3, 172, '1', '1', '1', '1', '2016-03-16 14:41:50', 1, '2016-03-16 14:41:50', 1),
	(111, 3, 182, '1', '1', '1', '1', '2016-03-21 09:59:53', 1, '2016-03-21 09:59:53', 1),
	(112, 3, 181, '1', '1', '1', '1', '2016-03-21 10:00:13', 1, '2016-03-21 10:00:13', 1),
	(113, 3, 184, '1', '1', '1', '1', '2016-03-29 16:56:45', 1, '2016-03-29 16:56:45', 1),
	(114, 3, 187, '1', '1', '1', '1', '2016-04-07 09:10:09', 1, '2016-04-07 09:10:09', 1),
	(115, 3, 190, '1', '1', '1', '1', '2016-04-11 15:09:03', 1, '2016-04-11 15:09:03', 1),
	(116, 3, 230, '1', '1', '1', '1', '2016-09-19 21:23:20', 1, '2016-09-19 21:23:20', 1),
	(117, 3, 228, '1', '1', '1', '1', '2016-09-19 21:23:53', 1, '2016-09-19 21:23:53', 1),
	(118, 47, 228, '1', '1', '1', '1', '2016-09-21 19:45:40', 1, '2016-09-21 19:45:40', 1),
	(119, 47, 230, '1', '1', '1', '1', '2016-09-21 19:45:45', 1, '2016-09-21 19:45:45', 1),
	(120, 3, 229, '1', '1', '1', '1', '2016-09-21 19:46:20', 1, '2016-09-21 19:46:20', 1),
	(121, 47, 229, '1', '1', '1', '1', '2016-09-21 19:47:07', 1, '2016-09-21 19:47:07', 1),
	(122, 3, 254, '1', '1', '1', '1', '2016-10-23 18:01:05', 1, '2016-10-23 18:01:05', 1),
	(123, 3, 253, '1', '1', '1', '1', '2016-10-23 18:01:32', 1, '2016-10-23 18:01:32', 1),
	(124, 3, 260, '1', '1', '1', '1', '2016-12-03 15:16:47', 1, '2016-12-03 15:16:47', 1),
	(125, 3, 259, '1', '1', '1', '1', '2016-12-03 15:17:06', 1, '2016-12-03 15:17:06', 1),
	(126, 3, 257, '1', '1', '1', '1', '2016-12-03 15:17:29', 1, '2016-12-03 15:17:29', 1),
	(127, 47, 259, '1', '1', '1', '1', '2016-12-03 15:26:07', 1, '2016-12-03 15:26:07', 1);
/*!40000 ALTER TABLE `aros_acos` ENABLE KEYS */;


-- Copiando estrutura para tabela crescernaweb1.avatars
DROP TABLE IF EXISTS `avatars`;
CREATE TABLE IF NOT EXISTS `avatars` (
  `id` int(11) NOT NULL AUTO_INCREMENT,
  `person_id` int(11) NOT NULL,
  `avatar` char(100) DEFAULT NULL,
  `created` datetime DEFAULT NULL,
  `createdby` int(11) DEFAULT NULL,
  `modified` datetime DEFAULT NULL,
  `modifiedby` int(11) DEFAULT NULL,
  `isdeleted` char(1) DEFAULT 'N',
  PRIMARY KEY (`id`,`person_id`)
) ENGINE=InnoDB AUTO_INCREMENT=7 DEFAULT CHARSET=utf8;

-- Copiando dados para a tabela crescernaweb1.avatars: ~6 rows (aproximadamente)
/*!40000 ALTER TABLE `avatars` DISABLE KEYS */;
INSERT INTO `avatars` (`id`, `person_id`, `avatar`, `created`, `createdby`, `modified`, `modifiedby`, `isdeleted`) VALUES
	(1, 1, '07092016105014.png', '2016-09-07 10:50:14', 1, '2016-09-07 10:50:14', 1, 'N'),
	(2, 61, '22092016223051.jpg', '2016-09-22 22:30:51', 41, '2016-09-22 22:30:51', 41, 'N'),
	(3, 63, '26092016144532.jpg', '2016-09-26 14:45:32', 43, '2016-09-26 14:45:32', 43, 'Y'),
	(4, 63, '26092016144953.jpg', '2016-09-26 14:49:53', 43, '2016-09-26 14:49:53', 43, 'Y'),
	(5, 63, '26092016145218.jpg', '2016-09-26 14:52:18', 43, '2016-09-26 14:52:18', 43, 'N'),
	(6, 62, '27102016194216.jpg', '2016-10-27 19:42:16', 42, '2016-10-27 19:42:16', 42, 'N');
/*!40000 ALTER TABLE `avatars` ENABLE KEYS */;


-- Copiando estrutura para tabela crescernaweb1.companies
DROP TABLE IF EXISTS `companies`;
CREATE TABLE IF NOT EXISTS `companies` (
  `id` int(11) NOT NULL AUTO_INCREMENT,
  `person_id` int(11) NOT NULL,
  `cnpj` varchar(20) DEFAULT NULL,
  `inscricao_estadual` varchar(20) DEFAULT 'ISENTO',
  `inscricao_municipal` varchar(20) DEFAULT 'ISENTO',
  `r_social` varchar(100) DEFAULT NULL,
  `fantasia` varchar(100) DEFAULT NULL,
  `created` datetime DEFAULT NULL,
  `createdby` int(11) NOT NULL,
  `modified` datetime DEFAULT NULL,
  `modifiedby` int(11) NOT NULL,
  `isactive` char(1) NOT NULL DEFAULT 'Y',
  `isdeleted` char(1) NOT NULL DEFAULT 'N',
  PRIMARY KEY (`id`,`person_id`),
  UNIQUE KEY `cnpj_UNIQUE` (`cnpj`),
  KEY `fk_juridicas_pessoas1` (`person_id`)
) ENGINE=InnoDB AUTO_INCREMENT=31 DEFAULT CHARSET=utf8;

-- Copiando dados para a tabela crescernaweb1.companies: ~29 rows (aproximadamente)
/*!40000 ALTER TABLE `companies` DISABLE KEYS */;
INSERT INTO `companies` (`id`, `person_id`, `cnpj`, `inscricao_estadual`, `inscricao_municipal`, `r_social`, `fantasia`, `created`, `createdby`, `modified`, `modifiedby`, `isactive`, `isdeleted`) VALUES
	(2, 4, '21550900000425', 'ISENTO', 'ISENTO', NULL, 'Pavan São Pedro', '2015-07-29 11:53:50', 1, '2015-09-25 10:47:45', 1, 'Y', 'N'),
	(3, 5, '21550900001588', 'ISENTO', 'ISENTO', NULL, 'Pavan Benfica', '2015-07-30 10:00:53', 1, '2015-09-25 10:43:07', 1, 'Y', 'N'),
	(4, 6, '21550900000182', 'ISENTO', 'ISENTO', NULL, 'Pavan Matriz', '2015-08-14 10:56:24', 1, '2015-09-25 10:49:28', 1, 'Y', 'N'),
	(5, 7, '21550900000778', 'ISENTO', 'ISENTO', NULL, 'Pavan Design', '2015-08-14 11:22:29', 1, '2015-09-25 11:02:14', 1, 'Y', 'N'),
	(6, 9, NULL, 'ISENTO', 'ISENTO', NULL, 'Weber', '2015-08-19 10:43:43', 1, '2015-08-19 11:34:42', 1, 'Y', 'N'),
	(7, 10, NULL, 'ISENTO', 'ISENTO', NULL, 'Tintas Pavan', '2015-08-26 11:16:49', 1, '2015-08-26 11:17:09', 1, 'Y', 'N'),
	(8, 12, NULL, 'ISENTO', 'ISENTO', NULL, 'Amanco', '2015-09-11 09:20:21', 1, '2015-10-30 11:16:38', 1, 'Y', 'N'),
	(9, 13, NULL, 'ISENTO', 'ISENTO', NULL, 'Cecafi', '2015-09-11 09:38:33', 1, '2015-10-30 11:19:20', 1, 'Y', 'N'),
	(10, 14, NULL, 'ISENTO', 'ISENTO', NULL, 'AJ Rorato', '2015-09-11 10:37:54', 1, '2015-10-30 11:16:16', 1, 'Y', 'N'),
	(11, 15, NULL, 'ISENTO', 'ISENTO', NULL, 'Astra', '2015-09-11 10:38:51', 1, '2015-10-30 11:18:34', 1, 'Y', 'N'),
	(12, 16, NULL, 'ISENTO', 'ISENTO', NULL, 'Bergan', '2015-09-11 10:39:07', 1, '2015-10-30 11:18:48', 1, 'Y', 'N'),
	(13, 17, NULL, 'ISENTO', 'ISENTO', NULL, 'Biancogres', '2015-09-11 10:42:19', 1, '2015-10-30 11:19:03', 1, 'Y', 'N'),
	(14, 18, NULL, 'ISENTO', 'ISENTO', NULL, 'Celite', '2015-09-11 10:42:45', 1, '2015-10-30 11:20:52', 1, 'Y', 'N'),
	(15, 19, NULL, 'ISENTO', 'ISENTO', NULL, 'Classinox', '2015-09-11 10:43:06', 1, '2015-10-30 11:21:07', 1, 'Y', 'N'),
	(16, 20, NULL, 'ISENTO', 'ISENTO', NULL, 'Cris Metal', '2015-09-11 10:43:26', 1, '2015-10-30 11:21:21', 1, 'Y', 'N'),
	(17, 21, NULL, 'ISENTO', 'ISENTO', NULL, 'Docol', '2015-09-11 10:43:43', 1, '2015-10-30 11:21:37', 1, 'Y', 'N'),
	(18, 22, NULL, 'ISENTO', 'ISENTO', NULL, 'Incepa', '2015-09-11 10:44:25', 1, '2015-10-30 11:27:20', 1, 'Y', 'N'),
	(19, 23, NULL, 'ISENTO', 'ISENTO', NULL, 'Portinari', '2015-09-11 10:44:51', 1, '2015-10-30 11:27:43', 1, 'Y', 'N'),
	(20, 24, NULL, 'ISENTO', 'ISENTO', NULL, 'Roca', '2015-09-11 10:45:06', 1, '2015-10-30 11:28:03', 1, 'Y', 'N'),
	(21, 25, '21550900001405', 'ISENTO', 'ISENTO', NULL, 'Pavan Getúlio Vargas', '2015-09-25 10:54:31', 1, '2015-09-25 10:54:31', 1, 'Y', 'N'),
	(22, 26, '21550900001316', 'ISENTO', 'ISENTO', NULL, 'Pavan Manoel Honório', '2015-09-25 10:57:15', 1, '2015-09-25 10:58:48', 1, 'Y', 'N'),
	(23, 27, '21550900001235', 'ISENTO', 'ISENTO', NULL, 'Pavan Halfeld', '2015-09-25 11:01:26', 1, '2015-09-25 11:01:26', 1, 'Y', 'N'),
	(24, 28, NULL, 'ISENTO', 'ISENTO', NULL, 'Tintas Pavan', '2015-11-03 10:24:55', 1, '2015-11-03 10:24:55', 1, 'Y', 'N'),
	(25, 29, NULL, 'ISENTO', 'ISENTO', NULL, 'Weber', '2015-11-06 08:26:51', 1, '2015-11-06 08:26:51', 1, 'Y', 'N'),
	(26, 30, NULL, 'ISENTO', 'ISENTO', NULL, 'Tintas Dacar', '2015-11-06 08:33:27', 1, '2015-11-06 08:33:27', 1, 'Y', 'N'),
	(27, 31, NULL, 'ISENTO', 'ISENTO', NULL, 'Fabrimar', '2015-11-06 11:35:11', 1, '2015-11-06 11:35:11', 1, 'Y', 'N'),
	(28, 32, NULL, 'ISENTO', 'ISENTO', NULL, 'MGM', '2015-11-09 10:03:28', 1, '2015-11-09 10:03:28', 1, 'Y', 'N'),
	(29, 33, NULL, 'ISENTO', 'ISENTO', NULL, 'Precon', '2015-11-11 11:29:42', 1, '2015-11-11 11:29:42', 1, 'Y', 'N'),
	(30, 34, NULL, 'ISENTO', 'ISENTO', NULL, 'Onduline', '2015-11-11 11:35:45', 1, '2015-11-11 11:35:45', 1, 'Y', 'N');
/*!40000 ALTER TABLE `companies` ENABLE KEYS */;


-- Copiando estrutura para tabela crescernaweb1.companies_individuals
DROP TABLE IF EXISTS `companies_individuals`;
CREATE TABLE IF NOT EXISTS `companies_individuals` (
  `id` int(11) NOT NULL AUTO_INCREMENT,
  `individuals_person_id` int(11) NOT NULL,
  `companies_person_id` int(11) NOT NULL,
  `created` datetime DEFAULT NULL,
  `createdby` int(11) NOT NULL,
  `modified` datetime DEFAULT NULL,
  `modifiedby` int(11) NOT NULL,
  `isactive` char(1) NOT NULL DEFAULT 'Y',
  `isdeleted` char(1) NOT NULL DEFAULT 'N',
  PRIMARY KEY (`id`,`individuals_person_id`,`companies_person_id`),
  KEY `fk_companies_individuals_individuals1` (`individuals_person_id`),
  KEY `fk_companies_individuals_companies1` (`companies_person_id`)
) ENGINE=InnoDB DEFAULT CHARSET=utf8;

-- Copiando dados para a tabela crescernaweb1.companies_individuals: ~0 rows (aproximadamente)
/*!40000 ALTER TABLE `companies_individuals` DISABLE KEYS */;
/*!40000 ALTER TABLE `companies_individuals` ENABLE KEYS */;


-- Copiando estrutura para tabela crescernaweb1.configmails
DROP TABLE IF EXISTS `configmails`;
CREATE TABLE IF NOT EXISTS `configmails` (
  `id` int(11) NOT NULL AUTO_INCREMENT,
  `transport` varchar(50) NOT NULL,
  `from` varchar(50) NOT NULL,
  `host` varchar(50) DEFAULT NULL,
  `port` int(11) DEFAULT NULL,
  `timeout` varchar(50) DEFAULT NULL,
  `username` varchar(100) DEFAULT NULL,
  `password` varchar(200) DEFAULT NULL,
  `client` varchar(50) DEFAULT NULL,
  `emailFormat` varchar(50) NOT NULL,
  `log` tinyint(1) NOT NULL,
  `charset` varchar(50) NOT NULL,
  `headerCharset` varchar(50) NOT NULL,
  `attachments` varchar(50) DEFAULT NULL,
  `tls` tinyint(1) NOT NULL,
  `template` varchar(200) DEFAULT NULL,
  `isdeleted` char(1) NOT NULL DEFAULT 'N',
  `created` datetime DEFAULT NULL,
  `createdby` int(11) NOT NULL,
  `modified` datetime DEFAULT NULL,
  `modifiedby` int(11) NOT NULL,
  PRIMARY KEY (`id`)
) ENGINE=InnoDB AUTO_INCREMENT=3 DEFAULT CHARSET=utf8;

-- Copiando dados para a tabela crescernaweb1.configmails: ~2 rows (aproximadamente)
/*!40000 ALTER TABLE `configmails` DISABLE KEYS */;
INSERT INTO `configmails` (`id`, `transport`, `from`, `host`, `port`, `timeout`, `username`, `password`, `client`, `emailFormat`, `log`, `charset`, `headerCharset`, `attachments`, `tls`, `template`, `isdeleted`, `created`, `createdby`, `modified`, `modifiedby`) VALUES
	(1, 'Mail', 'contato@crescernaweb.com.br', '', NULL, '', '', '', '', 'both', 0, 'utf-8', 'utf-8', NULL, 0, NULL, 'N', NULL, 0, '2016-09-21 19:49:01', 1),
	(2, 'Smtp', 'contato@crescernaweb.com.br', 'smtp.crescernaweb.com.br', 587, '30', 'contato=crescernaweb.com.br', 'andcam29', '', 'both', 0, 'utf-8', 'utf-8', NULL, 1, NULL, 'Y', '2013-07-12 10:53:08', 19, '2016-09-21 19:48:56', 1);
/*!40000 ALTER TABLE `configmails` ENABLE KEYS */;


-- Copiando estrutura para tabela crescernaweb1.contacts
DROP TABLE IF EXISTS `contacts`;
CREATE TABLE IF NOT EXISTS `contacts` (
  `id` int(11) NOT NULL AUTO_INCREMENT,
  `person_id` int(11) NOT NULL,
  `contactstype_id` int(11) NOT NULL,
  `contato` varchar(50) DEFAULT NULL,
  `pessoa_paracontato` varchar(50) DEFAULT NULL,
  `created` datetime DEFAULT NULL,
  `createdby` int(11) NOT NULL,
  `modified` datetime DEFAULT NULL,
  `modifiedby` int(11) NOT NULL,
  `isactive` char(1) NOT NULL DEFAULT 'Y',
  `isdeleted` char(1) NOT NULL DEFAULT 'N',
  PRIMARY KEY (`id`,`person_id`),
  KEY `fk_contatos_pessoas1` (`person_id`),
  KEY `fk_contatos_types` (`contactstype_id`)
) ENGINE=InnoDB AUTO_INCREMENT=39 DEFAULT CHARSET=utf8;

-- Copiando dados para a tabela crescernaweb1.contacts: ~31 rows (aproximadamente)
/*!40000 ALTER TABLE `contacts` DISABLE KEYS */;
INSERT INTO `contacts` (`id`, `person_id`, `contactstype_id`, `contato`, `pessoa_paracontato`, `created`, `createdby`, `modified`, `modifiedby`, `isactive`, `isdeleted`) VALUES
	(6, 4, 8, '(32)3229-9046', '', '2015-07-29 11:53:50', 1, '2015-09-25 10:47:45', 1, 'Y', 'N'),
	(7, 5, 7, 'pavanbenfica@pavanjf.com.br', '', '2015-07-30 10:00:54', 1, '2015-09-25 10:43:07', 1, 'Y', 'N'),
	(8, 6, 7, 'pavan@pavanjf.com.br', '', '2015-08-14 10:56:24', 1, '2015-09-25 10:49:28', 1, 'Y', 'N'),
	(9, 11, 7, 'roberto@email.com', 'Roberto', '2015-09-09 10:16:32', 1, '2015-09-10 10:57:50', 1, 'Y', 'N'),
	(10, 11, 8, '(32)3235-7652', 'teste', '2015-09-09 10:16:32', 1, '2015-09-10 11:46:24', 1, 'Y', 'N'),
	(13, 11, 8, '(32)3234-5678', 'Marta(mãe)', '2015-09-10 10:57:50', 1, '2015-09-10 10:57:50', 1, 'Y', 'N'),
	(14, 11, 7, 'robs@oi.com.br', '', '2015-09-10 11:43:59', 1, '2015-09-10 11:46:24', 1, 'Y', 'N'),
	(15, 4, 7, 'pavansaopedro@pavanjf.com.br', '', '2015-09-25 10:47:45', 1, '2015-09-25 10:47:45', 1, 'Y', 'N'),
	(16, 6, 8, '(32)3250-2000', '', '2015-09-25 10:49:28', 1, '2015-09-25 10:49:28', 1, 'Y', 'N'),
	(17, 7, 7, 'pavandesign@pavandesign.com.br', '', '2015-09-25 10:51:46', 1, '2015-09-25 11:02:14', 1, 'Y', 'N'),
	(18, 7, 8, '(32)3257-4800', '', '2015-09-25 10:51:46', 1, '2015-09-25 11:02:14', 1, 'Y', 'N'),
	(19, 25, 8, '(32)3229-9030', '', '2015-09-25 10:54:31', 1, '2015-09-25 10:54:31', 1, 'Y', 'N'),
	(20, 25, 7, 'pavangetulio@pavanjf.com.br', '', '2015-09-25 10:54:31', 1, '2015-09-25 10:54:31', 1, 'Y', 'N'),
	(21, 26, 7, 'pavanmanoelhonorio@pavanjf.com.br', '', '2015-09-25 10:57:15', 1, '2015-09-25 10:58:48', 1, 'Y', 'N'),
	(22, 26, 8, '(32)3229-9044', '', '2015-09-25 10:57:15', 1, '2015-09-25 10:58:48', 1, 'Y', 'N'),
	(23, 27, 7, 'pavanhalfeld@pavanjf.com.br', '', '2015-09-25 11:01:26', 1, '2015-09-25 11:01:26', 1, 'Y', 'N'),
	(24, 27, 8, '(32)3229-9040', '', '2015-09-25 11:01:26', 1, '2015-09-25 11:01:26', 1, 'Y', 'N'),
	(25, 27, 9, '(32)3229-9039', '', '2015-09-25 11:01:26', 1, '2015-09-25 11:01:26', 1, 'Y', 'N'),
	(26, 7, 11, 'www.facebook.com/designpavan', '', '2015-09-25 11:02:14', 1, '2015-09-25 11:02:14', 1, 'Y', 'N'),
	(27, 35, 7, 'teste@oi.com.br', '', '2015-11-20 10:16:15', 1, '2015-11-20 10:16:15', 1, 'Y', 'N'),
	(28, 35, 8, '(32)3232-3232', '', '2015-11-20 10:16:15', 1, '2015-11-20 10:16:15', 1, 'Y', 'N'),
	(29, 35, 9, '(25)3412-5623', '', '2015-11-20 10:16:15', 1, '2015-11-20 10:16:15', 1, 'Y', 'N'),
	(30, 36, 7, 'eu@oi.com.br', '', '2016-01-21 08:31:19', 1, '2016-01-21 08:31:19', 1, 'Y', 'N'),
	(31, 36, 8, '(98)9898-9898', '', '2016-01-21 08:31:19', 1, '2016-01-21 08:31:19', 1, 'Y', 'N'),
	(32, 36, 9, '(08)4545-4564', '', '2016-01-21 08:31:19', 1, '2016-01-21 08:31:19', 1, 'Y', 'N'),
	(33, 39, 8, '(32)3232-3232', '', '2016-01-22 15:26:35', 1, '2016-04-07 08:42:40', 1, 'Y', 'N'),
	(34, 39, 9, '(32)9090-3829', '', '2016-01-22 15:26:35', 1, '2016-04-07 08:42:40', 1, 'Y', 'N'),
	(35, 40, 8, '(88)7897-9879', '', '2016-01-22 17:09:27', 6, '2016-01-25 08:17:01', 1, 'Y', 'N'),
	(36, 40, 9, '(32)3223-2323', '', '2016-01-22 17:09:27', 6, '2016-01-25 08:17:01', 1, 'Y', 'N'),
	(37, 58, 8, '(23)3232-3232', '', '2016-05-04 15:05:42', 1, '2016-05-04 15:05:42', 1, 'Y', 'N'),
	(38, 58, 9, '(16)5253-1653', '', '2016-05-04 15:05:42', 1, '2016-05-04 15:05:42', 1, 'Y', 'N');
/*!40000 ALTER TABLE `contacts` ENABLE KEYS */;


-- Copiando estrutura para tabela crescernaweb1.contactstypes
DROP TABLE IF EXISTS `contactstypes`;
CREATE TABLE IF NOT EXISTS `contactstypes` (
  `id` int(11) NOT NULL AUTO_INCREMENT,
  `tipo` varchar(50) DEFAULT NULL,
  `label` varchar(100) NOT NULL,
  `created` datetime DEFAULT NULL,
  `createdby` int(11) NOT NULL,
  `modified` datetime DEFAULT NULL,
  `modifiedby` int(11) NOT NULL,
  `isactive` char(1) NOT NULL DEFAULT 'Y',
  `isdeleted` char(1) NOT NULL DEFAULT 'N',
  `ordem` char(50) DEFAULT NULL,
  PRIMARY KEY (`id`)
) ENGINE=InnoDB AUTO_INCREMENT=13 DEFAULT CHARSET=utf8;

-- Copiando dados para a tabela crescernaweb1.contactstypes: ~5 rows (aproximadamente)
/*!40000 ALTER TABLE `contactstypes` DISABLE KEYS */;
INSERT INTO `contactstypes` (`id`, `tipo`, `label`, `created`, `createdby`, `modified`, `modifiedby`, `isactive`, `isdeleted`, `ordem`) VALUES
	(8, 'telefone', 'Telefone', NULL, 0, NULL, 0, 'Y', 'N', 'a'),
	(9, 'celular', 'Celular', NULL, 0, NULL, 0, 'Y', 'N', 'b'),
	(10, 'site', 'Site', NULL, 0, NULL, 0, 'Y', 'N', 'd'),
	(11, 'facebook', 'Facebook', NULL, 0, NULL, 0, 'Y', 'N', 'f'),
	(12, 'linkedin', 'Linkedin', NULL, 0, NULL, 0, 'Y', 'N', 'e');
/*!40000 ALTER TABLE `contactstypes` ENABLE KEYS */;


-- Copiando estrutura para tabela crescernaweb1.cwaccess_access_cadernos
DROP TABLE IF EXISTS `cwaccess_access_cadernos`;
CREATE TABLE IF NOT EXISTS `cwaccess_access_cadernos` (
  `id` int(11) NOT NULL AUTO_INCREMENT,
  `caderno_id` int(11) NOT NULL,
  `type` char(3) NOT NULL COMMENT 'col->Permissão de colunista\\\\adm->Permissão de administrador\\\\n',
  `user_id` int(11) NOT NULL,
  `isactive` char(1) DEFAULT 'Y',
  `autorizeby` int(11) DEFAULT NULL,
  `disabledby` int(11) DEFAULT NULL,
  `created` datetime DEFAULT NULL,
  `modified` datetime DEFAULT NULL,
  `date_disabled` datetime DEFAULT NULL,
  PRIMARY KEY (`id`,`caderno_id`,`user_id`),
  KEY `fk_cw_cadernos_has_cwaccess_colunistas_cw_cadernos1_idx` (`caderno_id`),
  KEY `fk_cwaccess_access_cadernos_users1_idx` (`user_id`),
  CONSTRAINT `fk_cwaccess_access_cadernos_users1` FOREIGN KEY (`user_id`) REFERENCES `users` (`id`) ON DELETE NO ACTION ON UPDATE NO ACTION,
  CONSTRAINT `fk_cw_cadernos_has_cwaccess_colunistas_cw_cadernos1` FOREIGN KEY (`caderno_id`) REFERENCES `cw_cadernos` (`id`) ON DELETE NO ACTION ON UPDATE NO ACTION
) ENGINE=InnoDB AUTO_INCREMENT=46 DEFAULT CHARSET=utf8;

-- Copiando dados para a tabela crescernaweb1.cwaccess_access_cadernos: ~16 rows (aproximadamente)
/*!40000 ALTER TABLE `cwaccess_access_cadernos` DISABLE KEYS */;
INSERT INTO `cwaccess_access_cadernos` (`id`, `caderno_id`, `type`, `user_id`, `isactive`, `autorizeby`, `disabledby`, `created`, `modified`, `date_disabled`) VALUES
	(23, 6, 'col', 1, 'Y', 1, NULL, '2016-06-04 10:09:53', '2016-06-04 10:09:53', NULL),
	(24, 5, 'col', 1, 'Y', 1, NULL, '2016-06-04 10:09:58', '2016-06-04 10:09:58', NULL),
	(25, 4, 'col', 1, 'Y', 1, NULL, '2016-06-04 10:10:01', '2016-06-04 10:10:01', NULL),
	(26, 4, 'adm', 1, 'Y', 1, NULL, '2016-06-04 10:10:37', '2016-06-04 10:10:37', NULL),
	(27, 5, 'adm', 1, 'N', 1, 1, '2016-06-04 10:10:39', '2016-06-04 10:10:39', '2016-06-05 15:12:11'),
	(28, 6, 'adm', 1, 'Y', 1, NULL, '2016-06-04 10:10:42', '2016-06-04 10:10:42', NULL),
	(32, 6, 'adm', 41, 'Y', 1, NULL, '2016-06-04 10:14:15', '2016-06-04 10:14:15', NULL),
	(33, 6, 'col', 41, 'Y', 1, NULL, '2016-06-04 10:14:19', '2016-06-04 10:14:19', NULL),
	(34, 6, 'adm', 42, 'N', 1, 1, '2016-06-04 10:15:21', '2016-06-04 10:15:21', '2016-09-25 00:00:00'),
	(35, 6, 'col', 42, 'Y', 1, NULL, '2016-06-04 10:15:23', '2016-06-04 10:15:23', NULL),
	(39, 5, 'adm', 1, 'Y', 1, NULL, '2016-06-05 18:26:33', '2016-06-05 18:26:33', NULL),
	(40, 5, 'col', 43, 'Y', 1, NULL, '2016-06-05 18:31:18', '2016-06-05 18:31:18', NULL),
	(41, 5, 'adm', 43, 'Y', 1, NULL, '2016-06-05 18:31:21', '2016-06-05 18:31:21', NULL),
	(43, 6, 'adm', 43, 'Y', 1, NULL, '2016-06-11 18:03:58', '2016-06-11 18:03:58', NULL),
	(44, 6, 'col', 43, 'Y', 1, NULL, '2016-06-11 18:04:25', '2016-06-11 18:04:25', NULL),
	(45, 6, 'adm', 42, 'Y', 1, NULL, '2016-09-27 21:38:26', '2016-09-27 21:38:26', NULL);
/*!40000 ALTER TABLE `cwaccess_access_cadernos` ENABLE KEYS */;


-- Copiando estrutura para tabela crescernaweb1.cwaccess_access_users
DROP TABLE IF EXISTS `cwaccess_access_users`;
CREATE TABLE IF NOT EXISTS `cwaccess_access_users` (
  `id` int(11) NOT NULL AUTO_INCREMENT,
  `package_id` int(11) NOT NULL,
  `user_id` int(11) NOT NULL,
  `person_id` int(11) NOT NULL,
  `created` datetime DEFAULT NULL,
  `modified` datetime DEFAULT NULL,
  `isactive` char(1) DEFAULT 'Y',
  `autorizeby` int(11) DEFAULT NULL,
  `disabledby` int(11) DEFAULT NULL,
  `date_active` datetime DEFAULT NULL,
  `date_disabled` datetime DEFAULT NULL,
  PRIMARY KEY (`id`,`package_id`,`user_id`,`person_id`)
) ENGINE=InnoDB AUTO_INCREMENT=42 DEFAULT CHARSET=utf8;

-- Copiando dados para a tabela crescernaweb1.cwaccess_access_users: ~10 rows (aproximadamente)
/*!40000 ALTER TABLE `cwaccess_access_users` DISABLE KEYS */;
INSERT INTO `cwaccess_access_users` (`id`, `package_id`, `user_id`, `person_id`, `created`, `modified`, `isactive`, `autorizeby`, `disabledby`, `date_active`, `date_disabled`) VALUES
	(22, 7, 1, 1, '2016-04-06 15:09:19', '2016-04-06 15:09:19', 'Y', 1, NULL, '2016-04-06 00:00:00', NULL),
	(23, 1, 1, 1, '2016-04-06 15:09:46', '2016-04-06 15:09:46', 'N', 1, 1, '2016-04-06 00:00:00', '2016-06-05 15:12:11'),
	(33, 1, 41, 61, '2016-06-04 10:14:15', '2016-06-04 10:14:15', 'Y', 1, NULL, '2016-06-04 10:14:15', NULL),
	(34, 7, 41, 61, '2016-06-04 10:14:19', '2016-06-04 10:14:19', 'Y', 1, NULL, '2016-06-04 10:14:19', NULL),
	(35, 1, 42, 62, '2016-06-04 10:15:21', '2016-06-04 10:15:21', 'N', 1, 1, '2016-06-04 10:15:21', '2016-09-25 00:00:00'),
	(36, 7, 42, 62, '2016-06-04 10:15:23', '2016-06-04 10:15:23', 'Y', 1, NULL, '2016-06-04 10:15:23', NULL),
	(38, 1, 1, 1, '2016-06-05 18:26:33', '2016-06-05 18:26:33', 'Y', 1, NULL, '2016-06-05 00:00:00', NULL),
	(39, 7, 43, 63, '2016-06-05 18:31:18', '2016-06-05 18:31:18', 'Y', 1, NULL, '2016-06-05 18:31:18', NULL),
	(40, 1, 43, 63, '2016-06-05 18:31:21', '2016-06-05 18:31:21', 'Y', 1, NULL, '2016-06-05 18:31:21', NULL),
	(41, 1, 42, 1, '2016-09-27 21:38:26', '2016-09-27 21:38:26', 'Y', 1, NULL, '2016-09-27 00:00:00', NULL);
/*!40000 ALTER TABLE `cwaccess_access_users` ENABLE KEYS */;


-- Copiando estrutura para tabela crescernaweb1.cwaccess_packages
DROP TABLE IF EXISTS `cwaccess_packages`;
CREATE TABLE IF NOT EXISTS `cwaccess_packages` (
  `id` int(11) NOT NULL AUTO_INCREMENT,
  `alias` varchar(250) NOT NULL,
  `plugin` varchar(250) DEFAULT NULL,
  `nome` varchar(250) DEFAULT NULL,
  `descricao` varchar(250) DEFAULT NULL,
  `isactive` char(1) DEFAULT 'Y',
  `created` datetime DEFAULT NULL,
  `createdby` int(11) DEFAULT NULL,
  `modified` datetime DEFAULT NULL,
  `modifiedby` int(11) DEFAULT NULL,
  `isdeleted` char(1) DEFAULT 'N',
  PRIMARY KEY (`id`)
) ENGINE=InnoDB AUTO_INCREMENT=8 DEFAULT CHARSET=utf8;

-- Copiando dados para a tabela crescernaweb1.cwaccess_packages: ~2 rows (aproximadamente)
/*!40000 ALTER TABLE `cwaccess_packages` DISABLE KEYS */;
INSERT INTO `cwaccess_packages` (`id`, `alias`, `plugin`, `nome`, `descricao`, `isactive`, `created`, `createdby`, `modified`, `modifiedby`, `isdeleted`) VALUES
	(1, 'gerenciamento-de-cadernos', 'ManagerBook', 'Gerenciamento de cadernos', 'Gerencia os cadernos. Autoriza/bloqueia acesso de colunistas. Aprova/desaprova colunas.', 'Y', '2016-01-05 22:32:34', 1, '2016-01-05 22:47:07', 1, 'N'),
	(7, 'artigos', 'Articles', 'Artigos', 'Plugin de colunistas', 'Y', '2016-03-23 15:18:40', 1, '2016-03-23 15:18:40', 1, 'N');
/*!40000 ALTER TABLE `cwaccess_packages` ENABLE KEYS */;


-- Copiando estrutura para tabela crescernaweb1.cwcol_alert_requests
DROP TABLE IF EXISTS `cwcol_alert_requests`;
CREATE TABLE IF NOT EXISTS `cwcol_alert_requests` (
  `id` int(11) NOT NULL AUTO_INCREMENT,
  `cadastro_id` int(11) NOT NULL,
  `mail_send` char(1) DEFAULT 'Y',
  `created` date DEFAULT NULL,
  `type` char(1) NOT NULL DEFAULT 'A' COMMENT 'A -> Aviso sobre aprovação, B-> Aviso para fazer primeiro login ',
  PRIMARY KEY (`id`,`cadastro_id`),
  KEY `fk_cwcol_alert_requests_cwcol_cadastros1_idx` (`cadastro_id`),
  CONSTRAINT `fk_cwcol_alert_requests_cwcol_cadastros1` FOREIGN KEY (`cadastro_id`) REFERENCES `cwcol_cadastros` (`id`) ON DELETE NO ACTION ON UPDATE NO ACTION
) ENGINE=InnoDB DEFAULT CHARSET=latin1;

-- Copiando dados para a tabela crescernaweb1.cwcol_alert_requests: ~0 rows (aproximadamente)
/*!40000 ALTER TABLE `cwcol_alert_requests` DISABLE KEYS */;
/*!40000 ALTER TABLE `cwcol_alert_requests` ENABLE KEYS */;


-- Copiando estrutura para tabela crescernaweb1.cwcol_artigos
DROP TABLE IF EXISTS `cwcol_artigos`;
CREATE TABLE IF NOT EXISTS `cwcol_artigos` (
  `id` int(11) NOT NULL AUTO_INCREMENT,
  `caderno_id` int(11) NOT NULL,
  `user_id` int(11) NOT NULL,
  `person_id` int(11) NOT NULL,
  `titulo` varchar(250) NOT NULL,
  `alias` varchar(250) NOT NULL,
  `texto` longtext NOT NULL,
  `resumo` text,
  `imagem` varchar(200) DEFAULT NULL,
  `data_publicacao` datetime DEFAULT NULL COMMENT 'Esse campo será utilizado para programar o artigo',
  `status` char(1) NOT NULL DEFAULT 'R' COMMENT 'P -> Publicado/Programado\\nR -> Rascunho\\nN -> Reprovado\\nA -> Em análise\\nO -> Oculta(para casos de desligamento de colunista, em que for necessário tal ação)\\D->Descartado(inserida versão mais nova)',
  `numero_artigo` int(11) NOT NULL,
  `versao_artigo` varchar(100) NOT NULL COMMENT 'Marca a versão do artigo, exemplo: se um artigo possui id 02 e ainda está no modo rascunho, sua versão será 02_01. Caso o artigo tenha sido reprovado e o colunista resolveu criar uma nova versão do mesmo, o artigo vai para a versão 02_02.',
  `created` datetime DEFAULT NULL,
  `modified` datetime DEFAULT NULL,
  `createdby` int(11) DEFAULT NULL,
  `modifiedby` int(11) DEFAULT NULL,
  `isdeleted` char(1) DEFAULT 'N',
  `page_views` int(11) NOT NULL DEFAULT '0' COMMENT 'Número de visualizações de artigo',
  `authorizedby` int(11) DEFAULT NULL,
  `date_authorization` datetime DEFAULT NULL,
  `comments` longtext,
  `reprovedby` int(11) DEFAULT NULL,
  `reprobation_date` datetime DEFAULT NULL,
  PRIMARY KEY (`id`,`caderno_id`,`user_id`,`person_id`),
  KEY `fk_cw_artigos_cw_cadernos1` (`caderno_id`),
  KEY `fk_cw_artigos_users1_idx` (`user_id`,`person_id`),
  CONSTRAINT `fk_cw_artigos_cw_cadernos1` FOREIGN KEY (`caderno_id`) REFERENCES `cw_cadernos` (`id`) ON DELETE NO ACTION ON UPDATE NO ACTION,
  CONSTRAINT `fk_cw_artigos_users1` FOREIGN KEY (`user_id`, `person_id`) REFERENCES `users` (`id`, `person_id`) ON DELETE NO ACTION ON UPDATE NO ACTION
) ENGINE=InnoDB AUTO_INCREMENT=64 DEFAULT CHARSET=utf8;

-- Copiando dados para a tabela crescernaweb1.cwcol_artigos: ~60 rows (aproximadamente)
/*!40000 ALTER TABLE `cwcol_artigos` DISABLE KEYS */;
INSERT INTO `cwcol_artigos` (`id`, `caderno_id`, `user_id`, `person_id`, `titulo`, `alias`, `texto`, `resumo`, `imagem`, `data_publicacao`, `status`, `numero_artigo`, `versao_artigo`, `created`, `modified`, `createdby`, `modifiedby`, `isdeleted`, `page_views`, `authorizedby`, `date_authorization`, `comments`, `reprovedby`, `reprobation_date`) VALUES
	(9, 6, 41, 61, '7 DICAS DE COMO AUMENTAR AS VENDAS CRIANDO UM SITE PARA A SUA EMPRESA!', '7-dicas-de-como-aumentar-as-vendas-criando-um-site-para-a-sua-empresa', '<img alt="" src="http://www.crescernaweb.com.br/teste/webroot/img/img_editor/3416a75f4cea9109507cacd8e2f2aefc/images/venda-na-internet.jpg" style="float:left; height:207px; width:300px" />Otimizar um site para que ele consiga transformar visitantes em clientes n&atilde;o &eacute; uma tarefa t&atilde;o simples, mas tamb&eacute;m n&atilde;o &eacute; nenhum bicho de sete cabe&ccedil;as. Para conseguir fazer uma boa otimiza&ccedil;&atilde;o e alavancar os resultados do seu neg&oacute;cio, voc&ecirc; precisa seguir alguns passos fundamentais para o sucesso. Para te ajudar a atingir esse objetivo, vamos mostrar os passos que n&oacute;s mesmos demos para transformar nosso site no ativo digital mais importante da nossa empresa. Veja abaixo:<br />\r\n<br />\r\n<strong>1&ordm; passo para Aumentar Vendas: Para quem o seu site vai vender?</strong><br />\r\nO primeiro passo que voc&ecirc; deve levar em considera&ccedil;&atilde;o para otimizar o seu site, &eacute; analisar se ele est&aacute; direcionado para as pessoas que realmente tem interesse em se tornarem seus clientes.<br />\r\n<br />\r\n<strong>2&ordm; passo para Aumentar Vendas: Mensagem clara e objetiva</strong><br />\r\nA primeira coisa que um visitante deve entender quando entrar em qualquer p&aacute;gina do seu site, &eacute; o que voc&ecirc; est&aacute; tentando vender para ele. Qual mensagem voc&ecirc; est&aacute; passando do seu site para os visitantes? Mesmo que voc&ecirc; ache que seu site est&aacute; passando uma mensagem clara e objetiva, pode ser que eles n&atilde;o tenham essa impress&atilde;o.<br />\r\n<br />\r\n<strong>3&ordm; passo para Aumentar Vendas: Site que entrega valor</strong><br />\r\nO processo de compras hoje &eacute; muito diferente de 20 anos atr&aacute;s. Hoje as pessoas navegam por v&aacute;rios sites, tiram d&uacute;vidas, entram em f&oacute;runs, pesquisam conte&uacute;dos sobre os produtos que elas querem comprar, para terem certeza de que est&atilde;o fazendo um bom neg&oacute;cio. Ficou muito mais f&aacute;cil obter informa&ccedil;&atilde;o sobre qualquer tipo de produto. Ent&atilde;o o seu site deve ser um desses lugares que as pessoas v&atilde;o em busca de conhecimento relacionado aos seus produtos ou servi&ccedil;os.<br />\r\n<br />\r\n<strong>4&ordm; passo para Aumentar Vendas: F&aacute;cil navega&ccedil;&atilde;o</strong><br />\r\n&Eacute; uma coisa muito ruim o seu visitante sair do seu site porque ficou confuso e n&atilde;o encontrou o que queria. Um site de f&aacute;cil de navega&ccedil;&atilde;o, com uma navega&ccedil;&atilde;o intuitiva voltada na experi&ecirc;ncia do usu&aacute;rio &eacute; fundamental para passar uma boa impress&atilde;o para os seus visitantes.<br />\r\n<br />\r\n<strong>5&ordm; passo para Aumentar Vendas: N&atilde;o tente vender desesperadamente</strong><br />\r\nA pior coisa que voc&ecirc; pode fazer &eacute; deixar seu site igual aqueles an&uacute;ncios de SPAM. Por favor n&atilde;o fa&ccedil;a isso, o visitante pode at&eacute; achar que o seu site cont&eacute;m v&iacute;rus! Ao inv&eacute;s de tentar passar seus produtos desesperadamente como se estivesse segurando uma bomba, voc&ecirc; deve entregar informa&ccedil;&otilde;es sobre seus produtos ou servi&ccedil;os, sobre como eles podem ajudar o visitante a resolver os seus problemas, tente mostrar todos os benef&iacute;cios que fazem do seu produto ou servi&ccedil;o um diferencial dos outros no mercado.<br />\r\n<br />\r\n<strong>6&ordm; passo para Aumentar Vendas: Tenha um site que passe credibilidade</strong><br />\r\nVoc&ecirc; j&aacute; entrou em um site que o design seja t&atilde;o mal feito que voc&ecirc; n&atilde;o conseguiu continuar navegando? Muitos sites cont&eacute;m problemas como letras pequenas, fontes de dif&iacute;cil leitura, combina&ccedil;&atilde;o de cores que n&atilde;o s&atilde;o boas para os olhos, entre v&aacute;rias outras coisas. O investimento em um design profissional &eacute; uma &oacute;tima op&ccedil;&atilde;o, os designs gr&aacute;ficos podem ajudar em muito a melhorar a convers&atilde;o do seu site, e acaba que o retorno do investimento normalmente acaba sendo muito grande.<br />\r\n<br />\r\n<strong>7&ordm; passo para Aumentar Vendas: Tenha um site responsivo!!!</strong><br />\r\nEsse provavelmente &eacute; o passo mais importante. uma reportagem da Forbes que diz que, em 2017, 87% das vendas de dispositivos que se conectam &agrave; internet ser&atilde;o smartphones e tablets. O mercado digital ser&aacute; praticamente de dispositivos m&oacute;veis, ent&atilde;o n&atilde;o investir em um design responsivo pode acabar com o seu neg&oacute;cio! N&atilde;o perca vendas por n&atilde;o ter um design responsivo, j&aacute; n&atilde;o &eacute; um investimento, &eacute; uma necessidade.<br />\r\n<br />\r\nA import&acirc;ncia do seu site para Aumentar Vendas<br />\r\nSeguindo esses passos voc&ecirc; estar&aacute; cada vez mais evoluindo para transformar o seu site em um gerador de vendas muito eficiente. Mesmo que voc&ecirc; n&atilde;o venda seu produto ou servi&ccedil;o online, em um mundo cada vez mais digital o seu site &eacute; o melhor ativo para conseguir trazer novos clientes para seu neg&oacute;cio.', 'teste de artigo.', NULL, '2016-06-05 20:06:00', 'N', 1, '1', '2016-06-05 20:10:39', '2016-09-27 20:33:04', 41, 41, 'Y', 0, NULL, NULL, 'Galera,\r\npor favor, revisem os endereços das imagens internas do texto. Verifiquem também se o artigo de vocês possue imagem destaque. Utilizem o botão preview para visualizar e formatar da melhor maneira. \r\nAproveitar e usar os sites que verificam o indice de semelhanças com outros artigos na internet..\r\nVamo decolar! ', 1, '2016-09-14 18:12:33'),
	(10, 5, 43, 63, 'Gestão do tempo', 'adm', '<strong><span style="font-size:12px"><span style="color:rgb(178, 34, 34)">Na balan&ccedil;a do Tempo</span></span></strong><br />\r\n<br />\r\nComo administrar um dos recursos mais escasso do dia a dia. gerir o tempo &eacute; um dos principais desafios a superar para alcan&ccedil;ar a maxima performance e ser eficaz.<br />\r\n<br />\r\n&nbsp;', 'Artigo sobre a dificuldade da gestão do tempo com enfoque na gestão de startups.', NULL, '2016-06-06 09:19:00', 'N', 4, '1', '2016-06-06 09:24:31', '2016-09-28 21:23:56', 43, 43, 'Y', 0, NULL, NULL, 'estruture o artigo em quatro etapas bem definadas e simétricas. siga o guia do colunista link next  e aprovaremos seu artigo.', 43, '2016-06-06 09:37:53'),
	(11, 5, 43, 63, 'O Impacto da crise na logistica do Brasil.', 'o-impacto-da-crise-na-logistica-do-brasil', 'Como mensurar o impacto da crise na logistica do Brasil?<br />\r\n<br />\r\nComo ficar&aacute; a logistica em meio a uma das piores crises economicas e politicas que enfrentas na historia do Brasil. Dados lan&ccedil;ados na midia acada momento gera um impacto inevitavel para as politicas e recursos destinados a expansao de portos, aeroportos, ferrovias e rodovias.<br />\r\n&nbsp;', 'logística x crise. como esta sendo enfrentado este problema nacional.\r\n', NULL, '2016-06-06 09:40:00', 'N', 5, '1', '2016-06-06 09:53:50', '2016-09-28 21:23:41', 43, 43, 'Y', 0, NULL, NULL, 'tema não segue nosso roteiro', 43, '2016-07-14 15:59:27'),
	(12, 5, 43, 63, 'Gestão do tempo', 'tiempo', '<strong><span style="font-size:12px"><span style="color:rgb(178, 34, 34)">Na balan&ccedil;a do Tempo</span></span></strong><br />\r\n<br />\r\nComo administrar um dos recursos mais escasso do dia a dia. gerir o tempo &eacute; um dos principais desafios a superar para alcan&ccedil;ar a maxima performance e ser eficaz.<br />\r\napenas um coment&aacute;rio como teste de edi&ccedil;&atilde;o.<br />\r\n<br />\r\n<br />\r\n&nbsp;', 'Artigo sobre a dificuldade da gestão do tempo com enfoque na gestão de startups.', NULL, '2016-06-06 09:19:00', 'R', 6, '1', '2016-06-06 10:08:41', '2016-09-26 13:53:19', 43, 43, 'Y', 0, NULL, NULL, NULL, NULL, NULL),
	(13, 4, 1, 1, 'Apenas um teste', 'apenas-um-teste', 'Apenas um teste<br />\r\n<img alt="" src="http://www.crescernaweb.com.br/teste/webroot/img/img_editor/c4ca4238a0b923820dcc509a6f75849b/images/1425-a-fonte-dos-iniciados.jpg" style="height:484px; width:862px" />', 'resumo do artigo ', NULL, '2016-06-14 08:40:00', 'N', 1, '1', '2016-06-14 08:40:58', '2016-11-19 10:30:37', 1, 1, 'Y', 0, NULL, NULL, 'Reprocaajdhcsfhd safdadf', 1, '2016-06-14 08:42:24'),
	(14, 4, 1, 1, 'Apenas um teste', 'apenas-um-testesss', 'Apenas um testewerwrwrwr<br />\r\n<img alt="" src="http://www.crescernaweb.com.br/teste/webroot/img/img_editor/c4ca4238a0b923820dcc509a6f75849b/images/1425-a-fonte-dos-iniciados.jpg" style="height:484px; width:862px" />', 'resumo do artigo ', NULL, '2016-06-14 08:40:00', 'N', 2, '1', '2016-06-14 08:42:46', '2016-11-19 10:30:46', 1, 1, 'Y', 0, 1, '2016-06-14 08:43:38', 'teste', 1, '2016-08-22 22:57:54'),
	(15, 6, 41, 61, 'Os 5 Plugins SEO  para Wordpress que irão mudar sua vida! ', 'os-5-plugins-seo-para-wordpress-que-irao-mudar-sua-vida', '<img alt="" src="http://www.crescernaweb.com.br/teste/webroot/img/img_editor/3416a75f4cea9109507cacd8e2f2aefc/images/seo.png" style="float:left; height:158px; width:300px" />Quando sentamos pela primeira vez para falarmos sobre o Crescer na Web eu sabia que teria grandes desafios, entre eles, passar para o papel (ok, para a tela) o conhecimento que adquiri nessa minha jornada no mundo tecnol&oacute;gico, mundo este que me fascina desde muito novo diga-se de passagem.Chamo essa tarefa de desafio porque portugu&ecirc;s&nbsp;sempre foi&nbsp;umas da mat&eacute;rias que mais me assustavam e espero que nenhuma professora minha esteja lendo esse artigo agora.<br />\r\n<br />\r\nEscolher um tema para meu primeiro artigo me rendeu pelo menos o fim de semana inteiro, s&atilde;o tantos assuntos interessantes que quero trazer para voc&ecirc;s que fiquei louco, mas quando decidi mexer no Wordpress, a inspira&ccedil;&atilde;o veio como um flecha.<br />\r\n<br />\r\nBem, chega de hist&oacute;ria e vamos ao que nos interessa.<br />\r\n<br />\r\nHoje traremos para voc&ecirc;s uma ferramenta mais do que fundamental para o sucesso de seu site ou blog desenvolvido em Wordpress, os Plugins de SEO.<br />\r\n<br />\r\n<strong>Antes de mais nada, o que &eacute; SEO?</strong><br />\r\n<br />\r\nSEO&nbsp;significa&nbsp;Search Engine Optimization&nbsp;ou&nbsp;Otimiza&ccedil;&atilde;o para Buscas. Com os mecanismos dos &nbsp;sites de busca como google, yahoo e tantos outro, surgiram as &nbsp;t&eacute;cnicas de SEO, que nada mais s&atilde;o do que a&nbsp;otimiza&ccedil;&atilde;o de p&aacute;ginas para melhor compreens&atilde;o das ferramentas de busca.Em um futuro n&atilde;o t&atilde;o distante assim, o Crescer na Web ira tratar do assunto SEO de forma mais completa, o intuito agora &eacute; que voc&ecirc;s conhe&ccedil;am plugins que far&atilde;o esse servi&ccedil;o de forma eficiente e sem dores de cabe&ccedil;a.<br />\r\n&nbsp;&nbsp;&nbsp;&nbsp;&nbsp;&nbsp;&nbsp;&nbsp;<br />\r\nSites constru&iacute;dos com um SEO&nbsp;bem preparado tendem a ter maior&nbsp;relev&acirc;ncia nos resultados de buscas, aumentando assim sua&nbsp;visibilidade&nbsp;e a&nbsp;probabilidade de acessos, justamente por esse motivo, criei uma lista com os cinco melhores plugins de SEO para Wordpress que tenho certeza que vai ajudar muitos de voc&ecirc;s no desenvolvimento de seus sites e blogs:<br />\r\n<br />\r\n&nbsp;&nbsp;&nbsp;&nbsp;&nbsp;&nbsp;&nbsp;&nbsp;&nbsp;&nbsp;&nbsp;&nbsp;&nbsp;&nbsp;&nbsp; <strong>1# - All in One SEO Pack </strong><br />\r\nEste &eacute; o plugin mais usado entre os mais conhecidos, &eacute; o popstar dos Pugins SEO para Wordpress. Ele permite ao usu&aacute;rio definir &nbsp;fun&ccedil;&otilde;es b&aacute;sicas de SEO, como criar palavra-chave, t&iacute;tulos, meta tags, e uma descri&ccedil;&atilde;o para cada p&aacute;gina ou post do site ou blog.Al&eacute;m disso, provem recursos para evitar a duplica&ccedil;&atilde;o de conte&uacute;do, entre outras caracter&iacute;sticas. &nbsp;Com esse plugin voc&ecirc;s com certeza ir&atilde;o conseguir bons resultados nos motores de busca. O <strong>All in One SEO Pack</strong> conta com uma vers&atilde;o gratuita e a vers&atilde;o pr&oacute;.<br />\r\n<br />\r\n&nbsp;&nbsp;&nbsp;&nbsp;&nbsp;&nbsp;&nbsp;&nbsp;&nbsp;&nbsp;&nbsp;&nbsp;&nbsp;&nbsp;&nbsp; <strong>2# - WordPress SEO By Yoast</strong><br />\r\nOutro excelente plugin, o <strong>SEO By Yoast</strong> permite aos seus usu&aacute;rios rastrearem determinadas palavras-chave em p&aacute;ginas ou posts para ter certeza de que elas foram colocadas em &nbsp;t&iacute;tulos, headres, urls, e etc. Ele ainda oferece uma visualiza&ccedil;&atilde;o de como a sua publica&ccedil;&atilde;o ir&aacute; aparecer nos motores de busca. O melhor de tudo &eacute; que o <strong>WordPress SEO By Yoast </strong>&eacute; totalmente gratuito.<br />\r\n<br />\r\n<strong>&nbsp;&nbsp;&nbsp;&nbsp;&nbsp;&nbsp;&nbsp;&nbsp;&nbsp;&nbsp;&nbsp;&nbsp;&nbsp;&nbsp;&nbsp; #3 - XML sitemaps 2.Google</strong><br />\r\nEsse Pugin permite que seu site ou blog seja indexado no Google e outros motores de busca. Sua principal fun&ccedil;&atilde;o &eacute; criar um arquivo xml com o seu site todo organizado por links. Um sitemap &eacute; simplesmente um &nbsp;mapa completo do seu site, que ir&aacute; mostrar para o google onde buscar as informa&ccedil;&otilde;es,tornando essa busca muito mais r&aacute;pida e precisa, e como o <strong>XML sitemaps 2.Google </strong>permite o uso em paralelo de outro plugin SEO e se eles estiverem bem alinhados, comcerteza seu site ter&aacute; uma boa posi&ccedil;&atilde;o nos motores de busca. Ele tamb&eacute;m &eacute; gratuito, podem usar a vontade.<br />\r\n<br />\r\n&nbsp;&nbsp;&nbsp;&nbsp;&nbsp;&nbsp;&nbsp;&nbsp;&nbsp;&nbsp;&nbsp;&nbsp;&nbsp;&nbsp;&nbsp; <strong>#4 - HeadSpace2</strong><br />\r\nEle &eacute; bem parecido com o&nbsp; All in One SEO Pack,tendo sutis diferen&ccedil;as, sendo a principal delas &eacute; que, quando voc&ecirc;s escreverem um post, o <strong>HeadSpace2</strong> ir&aacute; sugerir que palavras-chave devem ser utilizadas. Al&eacute;m disso, &nbsp;ele facilita a inser&ccedil;&atilde;o de c&oacute;digo do&nbsp;Google Analytics para suas analises. Este plugin ir&aacute; cuidar de toda a parte do SEO que seu site ou blog precisa. Assim como o All in One SEO Pack, ele tamb&eacute;m pode ser encontrado nas vers&otilde;es gratuita e pr&oacute;.<br />\r\n<br />\r\n<strong>&nbsp;&nbsp;&nbsp;&nbsp;&nbsp;&nbsp;&nbsp;&nbsp;&nbsp;&nbsp;&nbsp;&nbsp;&nbsp;&nbsp;&nbsp; #5 - &nbsp;SEO Ultimate</strong><br />\r\nEsse plugin &nbsp;&eacute; de f&aacute;cil edi&ccedil;&atilde;o de meta descri&ccedil;&atilde;o, ferramentas que podem ajudar a melhorar sua estrat&eacute;gia de vincula&ccedil;&atilde;o , editor &nbsp;de permalink f&aacute;cil e muito, muito mais.A caracter&iacute;stica mais importante do <strong>Seo Ultimate </strong>&eacute; a capacidade de adicionar Meta descriptions para cada post e cada p&aacute;gina que existe no seu Blog ou site WordPress.&nbsp;Ele ainda traz com um contador de caracteres instalado que ir&aacute; contar quantos caracteres foram utilizados, j&aacute; que a maioria dos motores de busca l&ecirc;em somente os primeiros 140 caracteres da meta description. Esse plugin tamb&eacute;m est&aacute; dispon&iacute;vel em vers&otilde;es gratuitas e pagas.<br />\r\n<br />\r\nEnt&atilde;o &eacute; isso, miss&atilde;o cumprida, o primeiro artigo de nossa coluna tecnologia est&aacute; escrito e espero que tenha ajudado a voc&ecirc;s. Queridas professoras de portugu&ecirc;s, acho que minha fobia se foi, estou curado, agora vou escrever sem medo de ser feliz.<br />\r\n<br />\r\nSugest&otilde;es, coment&aacute;rios, id&eacute;ias e criticas podem e devem ser enviadas&nbsp; para que possamos melhorar nosso material e saciar da melhor forma poss&iacute;vel o apetite por conhecimento que sabemos que voc&ecirc;s tem.<br />\r\n<br />\r\nForte abra&ccedil;o e at&eacute; nosso pr&oacute;ximo encontro!<br />\r\n<br />\r\n&nbsp;', 'Os 5 melhores, super, hiper, ulta Plugins SEO para Wordpres. ', NULL, '2016-06-24 22:17:00', 'N', 2, '1', '2016-06-24 22:19:18', '2016-09-27 20:33:15', 41, 41, 'Y', 0, NULL, NULL, 'Galera,\r\npor favor, revisem os endereços das imagens internas do texto. Verifiquem também se o artigo de vocês possue imagem destaque. Utilizem o botão preview para visualizar e formatar da melhor maneira. \r\nAproveitar e usar os sites que verificam o indice de semelhanças com outros artigos na internet..\r\nVamo decolar! ', 1, '2016-09-14 18:12:41'),
	(16, 5, 43, 63, 'Entenda seu Modelo de Negócios Usando plano de Negócios, Canvas e Pitch Deck', 'Entenda-seu-modelo-de-negócios-usando-plano-de-negocios-canvas-e-pitch-deck', '<strong>Entenda seu Modelo de Neg&oacute;cios usando Plano de Neg&oacute;cios, Canvas e Pitch </strong><br />\r\nEsse artigo &eacute; para voc&ecirc; leitor que adora compartilhar o conhecimento e &eacute; entusiasta em Gest&atilde;o e Empreendedorismo. Ent&atilde;o, Eu e o Crescer na Web, preparamos algumas dicas para come&ccedil;ar a fundamentar seus insights em um modelo de neg&oacute;cio.<br />\r\nVamos come&ccedil;ar da forma mais direta poss&iacute;vel, esclarecendo uma das principais d&uacute;vidas de estudantes em diferentes &aacute;reas e novos empreendedores.<br />\r\nQual a diferen&ccedil;a entre Modelo de Neg&oacute;cios e Plano de Neg&oacute;cios<br />\r\nR: O Modelo de neg&oacute;cios &eacute; a l&oacute;gica descrita sobre o empreendimento e suas rela&ccedil;&otilde;es sist&ecirc;micas. J&aacute; o plano de negocio se consiste em relacionar os detalhes dessa intera&ccedil;&atilde;o, com proposta de valor, Metas bem definidas, An&aacute;lise de Custos, Tecnologias e Caracter&iacute;sticas da Equipe.<br />\r\nEntenda agora como elaborar seu modelo de:\r\n<ul>\r\n	<li>Plano de Neg&oacute;cio<br />\r\n	Canvas<br />\r\n	Pitch Deck</li>\r\n</ul>\r\n&nbsp;<br />\r\n<strong>1) PLANO DE NEGOCIO</strong><br />\r\nO QUE &Eacute;: Basicamente o plano de neg&oacute;cios &eacute; um documento de planejamento contendo vari&aacute;veis que viabiliza a estrat&eacute;gia e minimiza risco do empreendimento.<br />\r\nOBJETIVOS:<br />\r\n1&ordm; Organizar e orientar o empreendedor a elaborar estrat&eacute;gias que auxiliam nas tomadas de decis&atilde;o e para orienta&ccedil;&atilde;o de oportunidades e riscos.<br />\r\n2&ordm; Apresenta&ccedil;&atilde;o estruturada do negocio para futuros investidores, s&oacute;cios ou parceiros comerciais.<br />\r\nESTRUTURA: A estrutura pode mudar por n&atilde;o possui um padr&atilde;o definido, mas as principais caracter&iacute;sticas seguem de acordo com o senso comum, segue exemplos abaixo:<br />\r\n<strong>Sumario Executivo:</strong> um dos pontos mais dif&iacute;ceis da elabora&ccedil;&atilde;o do plano, pois dever&aacute; conter as informa&ccedil;&otilde;es cruciais comunicar com o publico alvo qual a sua estrat&eacute;gia de negocio, miss&atilde;o, vis&atilde;o e valores.<br />\r\n<strong>Empresa:</strong> descreve o hist&oacute;rico, estrutura organizacional, localidade e parceiros.<br />\r\n<strong>Tipo de Negocio: </strong>Relaciona os Produtos/Servi&ccedil;os e caracter&iacute;sticas de produ&ccedil;&atilde;o<br />\r\n<strong>Mercado</strong>: nesse ponto ocorre a analise interna sobre a produ&ccedil;&atilde;o e demanda e externa com os &iacute;ndices sobre o perfil dos clientes, canal de segmenta&ccedil;&atilde;o, vis&atilde;o sobre concorr&ecirc;ncia e riscos.<br />\r\n<strong>Financeiro:</strong> Apresenta&ccedil;&atilde;o de valores em balan&ccedil;o, DRE, fluxo de Caixa, investimentos, &iacute;ndice de Liquidez Liquida e corrente, Prazo de retorno sobre investimentos e outros.<br />\r\n<strong>Marketing: </strong>Basicamente os 4ps do Marketing (Produto, Pre&ccedil;o, Pra&ccedil;a e Promo&ccedil;&atilde;o).<br />\r\n<strong>Log&iacute;stica:</strong> Estoque, fornecedor, transporte, Giro em estoque, Canal de distribui&ccedil;&atilde;o, posicionamento geogr&aacute;fico.<br />\r\nPara mais detalhes fa&ccedil;a o DOWNLOAD do nosso exemplo de <strong><em>Business Plan</em>. </strong><br />\r\nAgora que voc&ecirc; j&aacute; possui um conhecimento b&aacute;sico para come&ccedil;ar a estruturar seu <em>insight</em>, vamos a outras formas de organizar.<br />\r\n&nbsp;<br />\r\n<strong>2) CANVAS </strong><br />\r\nO QUE &Eacute;: <em>Business Model Canv</em>as &eacute; uma ferramenta de planejamento estrat&eacute;gico, onde ser&aacute; ilustrada a estrutura do seu plano de negocio.<br />\r\nOBJETIVO: Mapear e ilustrar de forma clara os principais pontos de um plano de negocio de forma &uacute;nica em um modelo coorporativo. Trata-se de uma ferramenta pratica e muito experimenta &oacute;timo para voc&ecirc; come&ccedil;ar a se sistematizar suas id&eacute;ias.<br />\r\nESTRUTURA: Cont&eacute;m Nove Quadros:\r\n<ol>\r\n	<li>Proposta de Valor<br />\r\n	Segmento de Clientes:<br />\r\n	Relacionamentos com clientes:<br />\r\n	Atividade &ndash; chave:<br />\r\n	Recursos Principais:<br />\r\n	Parcerias Principais:<br />\r\n	Fontes de receita:<br />\r\n	Estrutura de custos:</li>\r\n</ol>\r\nVantagens:<br />\r\n&nbsp;&nbsp;&nbsp;&nbsp;&nbsp;&nbsp;&nbsp;&nbsp;&nbsp;&nbsp;&nbsp; Redu&ccedil;&atilde;o de tempo e recursos, f&aacute;cil elabora&ccedil;&atilde;o.<br />\r\n&nbsp;&nbsp;&nbsp;&nbsp;&nbsp;&nbsp;&nbsp;&nbsp;&nbsp;&nbsp;&nbsp; Estruturado em quadros geram um comunica&ccedil;&atilde;o pr&aacute;tica,<br />\r\n&nbsp;&nbsp;&nbsp;&nbsp;&nbsp;&nbsp;&nbsp;&nbsp;&nbsp;&nbsp;&nbsp; F&aacute;cil acesso, n&atilde;o burocr&aacute;tico, Distribu&iacute;do em v&aacute;rias m&iacute;dias na web.<br />\r\n&nbsp;&nbsp;&nbsp;&nbsp;&nbsp;&nbsp;&nbsp;&nbsp;&nbsp;&nbsp;&nbsp; Visual de F&aacute;cil apresenta&ccedil;&atilde;o para investidores<br />\r\n&nbsp;&nbsp;&nbsp;&nbsp;&nbsp;&nbsp;&nbsp;&nbsp;&nbsp;&nbsp;&nbsp; Modelo estrutural &uacute;nico<br />\r\nDesvantagens:<br />\r\n&nbsp;&nbsp;&nbsp;&nbsp;&nbsp;&nbsp;&nbsp;&nbsp;&nbsp;&nbsp;&nbsp; Analise superficial de riscos e controles<br />\r\n&nbsp;&nbsp;&nbsp;&nbsp;&nbsp;&nbsp;&nbsp;&nbsp;&nbsp;&nbsp;&nbsp; Vis&atilde;o macro falta detalhamento de processos internos e externos<br />\r\n&nbsp;&nbsp;&nbsp;&nbsp;&nbsp;&nbsp;&nbsp;&nbsp;&nbsp;&nbsp;&nbsp; Documenta&ccedil;&atilde;o superficial e custos poucos detalhados<br />\r\nFa&ccedil;a agora o download do <strong><em>Modelo Canvas business</em></strong> e tire suas d&uacute;vidas!&nbsp;&nbsp;&nbsp;&nbsp;&nbsp;&nbsp;&nbsp;<br />\r\n&nbsp;<br />\r\nSegue uma lista de ferramentas que poder&aacute; encontrar na web para elabora&ccedil;&atilde;o do seu plano de negocio.\r\n<ul>\r\n	<li>Business Model Designer &ndash; Acesso a explorar, projetar e inovar novos planos<br />\r\n	Strategyzer - Possui v&aacute;rios modelos de Canvas e v&iacute;deos.<br />\r\n	Launch Pad &ndash; Plataforma de valida&ccedil;&atilde;o de modelos de neg&oacute;cios<br />\r\n	Canvanizer &ndash; Cont&eacute;m&nbsp; v&aacute;rios Modelos estruturados</li>\r\n</ul>\r\nE Agora, j&aacute; e poss&iacute;vel come&ccedil;ar a planejar?<br />\r\n<strong>Dica:</strong> Outro caminho &eacute; utilizar um quadro branco para desenhar o Canvas e pegar os famosos blocos auto-adesivos &ldquo;<em>Post it</em>&rdquo; e come&ccedil;ar a colar no Canvas, muito utilizado em Startups para sistematizar os conceitos e estrat&eacute;gias com a equipe.<br />\r\n3) Estrutura de Pitch Deck<br />\r\nO QUE &Eacute;: Pitch &eacute; uma forma de venda, j&aacute; o Pitch Deck &eacute; uma apresenta&ccedil;&atilde;o em slides.<br />\r\nOBJETIVO: Apresentar uma breve descri&ccedil;&atilde;o do problema a solucionar e a descri&ccedil;&atilde;o da solu&ccedil;&atilde;o dos problemas dos clientes.<br />\r\nPreparado para apresentar seu plano de negocio para um investidor em 30 segundos?<br />\r\nUma solu&ccedil;&atilde;o &eacute; organizar com Pitch Deck.<br />\r\nESTRUTURA: A quantidade de slides pode mudar de acordo com a ocasi&atilde;o, variando entre 5 e 10 Slides e o tempo de 30 segundos a 15 minutos.\r\n<ol>\r\n	<li>Apresenta&ccedil;&atilde;o e tema<br />\r\n	Problema ou Oportunidade<br />\r\n	Solu&ccedil;&atilde;o e Questionamentos:<br />\r\n	Amostra do produto / Servi&ccedil;o<br />\r\n	Diferencial competitivo<br />\r\n	Business Model (Modelo de Neg&oacute;cio)<br />\r\n	Stakeholders<br />\r\n	Plano de A&ccedil;&atilde;o, Financeiro e Marketing<br />\r\n	Equipe e especialidades</li>\r\n</ol>\r\n&nbsp;<br />\r\nDica: para criar sua apresenta&ccedil;&atilde;o segue uma pequena lista dos programas mais utilizados:<br />\r\n<em>Impress</em><br />\r\n<em>Power point</em><br />\r\n<em>Prezi</em><br />\r\n<em>Sliderocket</em><br />\r\n<em>Acrobat presentation</em><br />\r\n<em>Google Docs</em><br />\r\n&nbsp;<br />\r\nEnt&atilde;o, Agora que o conhecimento foi compartilhado e sua chance de sucesso potencializada defenda seu modelo de neg&oacute;cios com &ecirc;nfase no seu diferencial competitivo e tratando as necessidades do cliente com a melhor qualidade poss&iacute;vel.<br />\r\nAbra&ccedil;os.<br />\r\n&nbsp;<br />\r\n&nbsp;', 'Objetivo e esclarecer dúvidas de estudantes e empreendedores sobre modelo de negócios e suas modelagens em plano de negócios, Canvas e Pitch Deck.\r\n', NULL, '2016-07-06 15:23:00', 'N', 8, '1', '2016-07-06 16:04:38', '2016-09-28 21:24:31', 43, 43, 'Y', 0, NULL, NULL, 'Galera,\r\npor favor, revisem os endereços das imagens internas do texto. Verifiquem também se o artigo de vocês possue imagem destaque. Utilizem o botão preview para visualizar e formatar da melhor maneira. \r\nAproveitar e usar os sites que verificam o indice de semelhanças com outros artigos na internet..\r\nVamo decolar! ', 1, '2016-09-14 18:13:23'),
	(17, 6, 41, 61, 'O que você precisa saber antes de criar seu site!', 'o-que-voce-precisa-saber-antes-de-criar-seu-site', '<img alt="" src="http://www.crescernaweb.com.br/teste/webroot/img/img_editor/3416a75f4cea9109507cacd8e2f2aefc/images/checklist.jpg" style="float:left; height:198px; width:300px" />Salve amigos&nbsp; do Crescer na Web, estamos no segundo artigo do nosso caderno de tecnologia e se voc&ecirc; j&aacute; leu o primeiro e voltou para ler o segundo &eacute; sinal de que meu esfor&ccedil;o n&atilde;o foi em v&atilde;o. Agora,&nbsp; se voc&ecirc; est&aacute; aqui pela primeira vez, seja bem vindo ao CnW.<br />\r\n<br />\r\n&nbsp;Ajeitem suas cadeiras porque l&aacute; vem mais informa&ccedil;&atilde;o.<br />\r\n<br />\r\nEu me lembro que em 1900 e guaran&aacute; de rolha, o profissional ou empresa que n&atilde;o tinha um telefone estava fora da brincadeira. Passou um tempo e isso foi mudando, quem n&atilde;o tivesse um &nbsp;computador&nbsp; e&nbsp; e-mail j&aacute; estava ultrapassado .<br />\r\n<br />\r\n&nbsp;Hoje, se voc&ecirc; ou sua empresa n&atilde;o tem um site, com toda certeza pode estar perdendo uma grande chance de crescer. Os sites s&atilde;o sem duvida nenhuma uma das formas mais efetivas de divulgar as &nbsp;atividades de um profissional ou empresa e conseq&uuml;entemente &nbsp;fomentar o crescimento&nbsp; e sua lucratividade.<br />\r\nDai, essa &eacute; a hora que voc&ecirc; deve estar euf&oacute;rico e falando:<br />\r\n- &quot;T&aacute;, ent&atilde;o vou fazer um site agora e bombar na internet.&quot;<br />\r\nEspera ai, muita calma nessa hora jovem padawan! Voc&ecirc; precisa antes de mais nada, organizar o que voc&ecirc; quer e o que precisa para o seu site, esse &eacute; o momento essencial e talvez o mais complexo no desenvolvimento de um site de sucesso. Mas, como a id&eacute;ia do Crescer na Web &eacute; ajudar voc&ecirc;s, esse jovem (nem tanto assim) colunista ir&aacute; trazer a luz no fim do t&uacute;nel, em um magn&iacute;fico e fundamental Check List de o que voc&ecirc; deve fazer antes de criar um site.<br />\r\n&nbsp;<br />\r\n<strong>#1 - Quem eu quero alcan&ccedil;ar com o meu site?</strong><br />\r\nAntes de qualquer coisa, &nbsp;&eacute; preciso identificar qual &eacute; o seu publico alvo, o seu consumidor final, aquela pessoa que vai ver o seu produto e servi&ccedil;o e diz &quot; Cala a boca e toma aqui o meu dinheiro&quot;, para isso, pense sempre em para quem voc&ecirc; dirige o conte&uacute;do do seu site.&nbsp;<br />\r\n<br />\r\n<strong># 2 - Qual o objetivo do seu site?</strong><br />\r\nEsse passo serve pra te ajudar a entender as necessidades t&eacute;cnicas e a o conteudo que voc&ecirc; voc&ecirc; vai querer que seu site transmita. Por exemplo, se voc&ecirc; tem uma confeitaria, com toda certeza voc&ecirc; ir&aacute; precisar de uma galeria com fotos dos seus produtos e se voc&ecirc; trabalha com delivery, dever&aacute; adicionar um carrinho de compras em seu site. &nbsp;Se o voc&ecirc; &eacute; um profissional na &aacute;rea da m&uacute;sica e do show business, ir&aacute; precisar de players para que seu publico alvo possa ouvir trechos de suas musicas, e quem sabe at&eacute; de players de v&iacute;deo e uma agenda caso realize shows.<br />\r\n<br />\r\n<strong># 3 - Inspira&ccedil;&atilde;o.</strong><br />\r\nN&atilde;o tenha pressa, ela &eacute; a inimiga da perfei&ccedil;&atilde;o e um pedra no sapato de quem espera retorno de um Website,gaste um bom tempo pesquisando sites de concorrentes, isso n&atilde;o &eacute; vergonhoso e vai fazer com que voc&ecirc; tenha uma id&eacute;ia de o que eles tem de positivo, coloque-se no lugar dos seus clientes. Com isto voc&ecirc; ter&aacute; uma id&eacute;ia mais consistente de como deseja que seu site seja e refer&ecirc;ncias para dar mais dire&ccedil;&atilde;o a cria&ccedil;&atilde;o do seu site.<br />\r\n<br />\r\n<strong>#4 - Escolha um bom dom&iacute;nio para seu site.</strong><br />\r\nEscolher um nome pro seu site &eacute; muito importante, e quanto mais curto e simples for, melhor. Uma boa dica &eacute; usar o planejador de palavras chaves do google, aquele que falei para voc&ecirc;s no nosso primeiro artigo. Dom&iacute;nios longos e complicados (paralelepipedospindamonhangaba.com.br) podem induzir o cliente ao erro &nbsp;e esse erro pode ser significado de vendas perdidas.<br />\r\nTome muito cuidado com palavras em l&iacute;ngua estrangeira. usemos novamente o exemplo da confeitaria, voc&ecirc; criou o site e resolveu criar o dom&iacute;nio deliciousbreakfast.com.br. &nbsp;Ser&aacute; que seu cliente vai saber escrever corretamente esse dominio? &nbsp;Lembre-se, simplifique sempre!<br />\r\n&nbsp;<br />\r\n<strong>5# - Escolher um host para hospedar o seu site:</strong><br />\r\nDepois de escolher o seu dom&iacute;nio e &nbsp;fazer a contrata&ccedil;&atilde;o dele, t&aacute; na hora de escolher um &nbsp;bom servi&ccedil;o de&nbsp;hospedagem.<br />\r\nUm host de&nbsp;hospedagem&nbsp;de site nada mais &eacute; do um local onde voc&ecirc; ir&aacute; colocar os arquivos de seu site e usar a conex&atilde;o de internet que eles disponibilizam para voc&ecirc;, permitindo que seu publico alvo visite o seu site.Existe diversas caracteristicas &nbsp;que voc&ecirc; deve observar em um servi&ccedil;o de hospedagem. Por&eacute;m, todavia, contudo, como voc&ecirc; est&aacute; no CnW, vai receber de bandeja algumas dicas do que voc&ecirc; deve observar na hora de contratar esse servi&ccedil;o:<br />\r\nObserve se seu host tem suporte para banco de dados MySQL: isso &eacute; importante se voc&ecirc; vai&nbsp;criar um site com o pacote do&nbsp;WordPress e etc. Veja sem ele d&aacute; suporte para PHP, isso &eacute; muito importante se voc&ecirc; vai usar o pacote do&nbsp;Wordpress&nbsp;e outras linguagens para constru&ccedil;&atilde;o de sites din&acirc;micos.<br />\r\nO espa&ccedil;o em disco m&iacute;nimo aceit&aacute;vel &eacute; algo pr&oacute;ximo &agrave; 50 MB. N&atilde;o use servi&ccedil;os que lhe entregarem menos do que isso.<br />\r\nAgora o mais importante a ser observado, o limite de transmiss&atilde;o de dados, nesse caso, como no anterior, a regra &eacute; simples prefira aquele servi&ccedil;o que lhe der mais. O m&iacute;nimo aceit&aacute;vel &eacute; algo em torno de 1 GB.<br />\r\nVeja se ele te d&aacute; um email pr&oacute;prio, n&atilde;o tem nada mais legal do que ter um e-mail profissional com a extens&atilde;o do nome do seu dom&iacute;nio.<br />\r\n<br />\r\nEnt&atilde;o &eacute; isso jovens padawans, espero ter ajudado,&nbsp; em artigos futuros falaremos mais em como desenvolver seu site, em como um bom layout pode interferir no seu crescimento e outras dicas.<br />\r\n<br />\r\nSe voc&ecirc; gostou, &eacute; s&oacute; clicar aqui em baixo e curtir, compartilha se achar interessante que o resto do mundo (exagerado) receba essas dicas, e pode deixar seu coment&aacute;rio, opini&atilde;o, critica e sugest&otilde;es para outros artigos, e n&atilde;o esque&ccedil;a de assinar nossa newsletter para receber artigos fresquinhos.<br />\r\n<br />\r\nAt&eacute; a pr&oacute;xima!<br />\r\n&nbsp;', 'O Checklist fundamental para a criação do seu site.', NULL, '2016-07-10 22:05:00', 'N', 3, '1', '2016-07-10 22:08:53', '2016-09-27 20:33:22', 41, 41, 'Y', 0, NULL, NULL, 'Galera,\r\npor favor, revisem os endereços das imagens internas do texto. Verifiquem também se o artigo de vocês possue imagem destaque. Utilizem o botão preview para visualizar e formatar da melhor maneira. \r\nAproveitar e usar os sites que verificam o indice de semelhanças com outros artigos na internet..\r\nVamo decolar! ', 1, '2016-09-14 18:12:52'),
	(18, 5, 43, 63, 'TRANSFORME SUA LOGÍSTICA NO E-COMMERCE EM VANTAGEM COMPETITIVA', 'transforme-sua-logistica-no-e-commerce-em-vantagem-competitiva', 'TRANSFORME SUA LOG&Iacute;STICA NO E-COMMERCE EM VANTAGEM COMPETITIVA<br />\r\n&nbsp;<br />\r\nCaro amigo do Crescer na WEB, j&aacute; vislumbrou que sua loja virtual necessita de uma presta&ccedil;&atilde;o de servi&ccedil;o log&iacute;stico com credibilidade, informa&ccedil;&otilde;es confi&aacute;veis para a entrega de seus produtos at&eacute; o cliente final com prazos bem definidos. Temos que ter um plano de a&ccedil;&atilde;o bem desenhado quanto aos processos log&iacute;sticos dentro do projeto. Isso vai alem de apenas entrega de produtos, pois a log&iacute;stica do e-commerce tem suas peculiaridades.<br />\r\nO QUE &Eacute; LOG&Iacute;STICA:<br />\r\nPodemos Definir de forma resumida que log&iacute;stica &eacute; como arte do planejamento e execu&ccedil;&atilde;o de projetos, muito utilizado na &aacute;rea militar em guerras para distribui&ccedil;&atilde;o e aloca&ccedil;&atilde;o de pessoas e equipamentos ib&eacute;ricos. Basicamente, &eacute; a gest&atilde;o da cadeia de suprimentos de ponto a ponto.<br />\r\nO QUE &Eacute; ECOMMERCE:<br />\r\nDo termo em ingl&ecirc;s <em>Eletronic Commerce</em>, que significa em portugu&ecirc;s Comercio Eletr&ocirc;nico. &Eacute; um modelo de comercio via web com a utiliza&ccedil;&atilde;o dos mais diversos tipos de dispositivos, onde ocorrem transa&ccedil;&otilde;es de compra e vendas de bens tang&iacute;veis e intang&iacute;veis.<br />\r\nEXPECTATIVAS DO CLIENTE:<br />\r\nNeste ponto do empreendimento, Voc&ecirc; o Empreendedor digital ou Startup j&aacute; atra&iacute;ram alguns clientes para o seu funil de vendas e agora, como, distribuir e otimizar com seguran&ccedil;a o pedido de seu cliente, agu&ccedil;ando a percep&ccedil;&atilde;o de entrega de valor , sim &eacute; isso que entendeu, o cliente entende o servi&ccedil;o como algo maior que apenas uma compra e venda de produto ou <em>B2C</em>. Talvez esteja esperando uma replica dos Castelos de <em>Game of Thronos, um livro de log&iacute;stica no E-commerce ou uma pr&oacute;tese mec&acirc;nica que tanto sonhou, ent&atilde;o seu negocio digitl n&atilde;o pode destruir as expectativas do seu consumidor.</em><br />\r\nPara seu empreendimento ganhar consist&ecirc;ncia na log&iacute;stica do e-commerce segue dicas para Crescer na Web.<br />\r\n&nbsp;<br />\r\n8 DICAS VALIOSAS PARA UMA EFICAZ LOG&Iacute;STICA NO E-COMMERCE<br />\r\n&nbsp;<br />\r\n1 - PLANEJAMENTO E CONTROLE: Sua loja virtual esta preparada para expandir mercado? Seu <strong>Plano de negocio </strong>contempla uma log&iacute;stica equilibrada entre seu negocio, fornecedores, transportadoras, correios ou seu Marketplace. Para controle a log&iacute;stica j&aacute; disp&otilde;e de v&aacute;rias ferramentas e t&eacute;cnicas como: KPI (Key Performance Indicator&nbsp; ou indicadores chave de Desempenho) ou SLA (acordo de N&iacute;vel de servi&ccedil;o) muito utilizado em grandes empresas.<br />\r\n2 &ndash; ESTOQUE: Independente de seu estoque ser pequeno ou grande a sua preocupa&ccedil;&atilde;o tem que ser a mesma, se seu sistema ERP est&aacute; integrado com distribuidoras ou Marketplace, se esta alocando os produtos de forma correta evitando, assim avarias, se a embalagem adequada tanto para o transporte quando para os clientes.<br />\r\nCaso trabalhe com estoque virtual diretamente do fornecedor a confiabilidade das informa&ccedil;&otilde;es tem que ser total, para isso o uso de um bom sistema &eacute; indispens&aacute;vel.<br />\r\n3 &ndash; TERCEIRIZA&Ccedil;&Atilde;O DA COLETA / ENTREGA: seu plano de negocio n&atilde;o concebe transporte direto ao cliente, ent&atilde;o, no m&iacute;nimo dever&aacute; se cerca de informa&ccedil;&otilde;es de transportadoras, valores de frete, cubagem, rotas e prazos de entregas. Se sua loja virtual utiliza um Marketplace, ent&atilde;o fa&ccedil;a um estudo apurado de benchmarking, pois voc&ecirc; quer o melhor parceiro poss&iacute;vel da coleta at&eacute; entrega dos pedidos.<br />\r\n4 &ndash; FRETE GRATIS &Eacute; A MELHOR OP&Ccedil;&Atilde;O: sem d&uacute;vida um dos momentos mais dif&iacute;ceis tanto para quem vende ou quem compra no e-commerce &eacute; o pre&ccedil;o do frete. Pois precificar o servi&ccedil;o n&atilde;o &eacute; algo f&aacute;cil e seu desempenho influencia no preenchimento do carrinho. Frete gr&aacute;tis pode chamar aten&ccedil;&atilde;o do cliente, por&eacute;m mal calculado pode ser o gargalho log&iacute;stico de seu empreendimento. Lembrando na maioria das lojas virtuais o frete &eacute; o pen&uacute;ltimo passo antes de fechar a venda, Para isso pesquise c&aacute;lculos de fretes online, correios, startups de log&iacute;stica, gateway de fretes e blogs sobre o assunto, e vamos CRESCER NA WEB.<br />\r\n5 &ndash; PRAZO DE ENTREGA: sua distribui&ccedil;&atilde;o organizada e eficaz poder&aacute; ser uma vantagem competitiva aos olhos de seus clientes perante aos correntes, independente do tipo de distribui&ccedil;&atilde;o utilizada. N&atilde;o prometa aquilo que n&atilde;o possa cumprir, se ofereceu um produto com o prazo de entrega curt&iacute;ssimo a chance de dar errado &eacute; imensa, ent&atilde;o cumpra os prazos de acordo sua capacidade e de seus parceiros na distribui&ccedil;&atilde;o. Para tal ser&aacute; necess&aacute;ria uma equipe qualifica para atendimento (<em>Back-Office</em>). N&atilde;o se esque&ccedil;a que prazo de entrega influencia para tomada de decis&atilde;o na compra de seu cliente e tamb&eacute;m pode gerar recorr&ecirc;ncia, ent&atilde;o coloque dois dias a mais dependendo da localidade.<br />\r\n6 - RASTREAMENTO: A confian&ccedil;a do cliente cresce sempre que o mesmo obt&eacute;m respostas diretas sobre seus pedidos, rastrear o pedido em tempo real na loja virtual, Marketplace ou transportadora &eacute; um servi&ccedil;o indispens&aacute;vel no e-commerce. Junto ao prazo coerente evitando insatisfa&ccedil;&atilde;o do cliente, reclama&ccedil;&otilde;es em seu atendimento, posts negativos em redes sociais e PROCON e RECLAMEAQUI.<br />\r\n7 &ndash; LOG&Iacute;STICA RESERVA DO E-COMMERCE: A log&iacute;stica reversa pode ser outra vantagem competitiva se for bem alinhada no planejamento log&iacute;stico do seu empreendimento. Pois &eacute; muito comum trocas ou devolu&ccedil;&otilde;es de produtos adquiridos via lojas virtuais. Com isso, o seu atendimento em conjunto ao setor log&iacute;stico dever&aacute; responder de forma r&aacute;pida as necessidades dos clientes, sendo o caso de coletar o produto na casa do cliente ou informar de forma r&aacute;pida e precisa como a entrega ou troca dever&aacute; ocorrer.<br />\r\n8 &ndash; RECORRENCIA: O constante aperfei&ccedil;oamento da log&iacute;stica requer um esfor&ccedil;o grande de todos envolvidos no processo para a satisfa&ccedil;&atilde;o do cliente, mas n&atilde;o se faz apenas s&oacute; com um bom produto, como citado anteriormente tamb&eacute;m adicionando valores na percep&ccedil;&atilde;o do cliente.<br />\r\n&nbsp;', 'O artigo transforme sua logística no e-commerce em vantagem competitiva, mostra dicas importantes para negócios digitais quanto a gestão logística.  ', NULL, '2016-06-06 09:40:00', 'N', 9, '1', '2016-07-14 16:01:06', '2016-09-28 21:24:47', 43, 43, 'Y', 0, NULL, NULL, 'Galera,\r\npor favor, revisem os endereços das imagens internas do texto. Verifiquem também se o artigo de vocês possue imagem destaque. Utilizem o botão preview para visualizar e formatar da melhor maneira. \r\nAproveitar e usar os sites que verificam o indice de semelhanças com outros artigos na internet..\r\nVamo decolar! ', 1, '2016-09-14 18:13:42'),
	(19, 6, 42, 62, 'Uma ajuda na hora de testar seu software - Parte 1', 'uma-ajuda-na-hora-de-testar-seu-software-parte-1', '<p style="text-align:justify"><strong>O PROBLEMA</strong><br />\r\nQuando precisamos nos comunicar &eacute; muito comum recorrermos a refer&ecirc;ncias visuais, principalmente quando &eacute; dif&iacute;cil descrever verbalmente alguma coisa, por exemplo, quando pedimos um salgado na padaria, em geral apontamos para o mesmo ao inv&eacute;s descreve-lo. Por&eacute;m, quando interagimos com um computador v&aacute;rias de suas interfaces n&atilde;o s&atilde;o otimizadas para utilizar refer&ecirc;ncias visuais na comunica&ccedil;&atilde;o e nos vemos for&ccedil;ados a optar por outras alternativas. Um exemplo &eacute; o teste e automa&ccedil;&atilde;o de interfaces de usu&aacute;rio gr&aacute;ficas que em geral requerem a escrita de scripts que enviam comandos para determinados componentes da interface com o objetivo de control&aacute;-los e verificar se os mesmos apresentam o comportamento esperado. Ao realizarmos a escrita desses scripts enfrentamos um grande desafio em como referenciar os componentes da interface que desejamos testar.</p>\r\n\r\n<p style="text-align:justify">Uma solu&ccedil;&atilde;o seria utilizar os nomes dos componentes como refer&ecirc;ncia, por&eacute;m estas informa&ccedil;&otilde;es n&atilde;o costumam ser vis&iacute;veis ao usu&aacute;rio pelo fato do c&oacute;digo fonte da aplica&ccedil;&atilde;o, em geral ser fechado e com acesso restrito. Outra op&ccedil;&atilde;o seria utilizar as coordenadas (x,y) dos componentes na tela, por&eacute;m devido ao fato de existirem v&aacute;rias resolu&ccedil;&otilde;es diferentes sendo as mesmas podendo ser alteradas e tamb&eacute;m a possibilidade dos componentes trocarem de posi&ccedil;&atilde;o ap&oacute;s o mapeamento das coordenadas tornam esta solu&ccedil;&atilde;o em determinadas situa&ccedil;&otilde;es invi&aacute;vel.&nbsp;</p>\r\n\r\n<p style="text-align:justify"><img alt="Sikuli Script" src="http://crescernaweb.com.br/webroot/img/img_editor/a1d0c6e83f027327d8461063f4ac58a6/images/sikuli.png" style="float:left; height:204px; width:204px" />Com o objetivo de resolver este problema o <a href="http://www.sikuli.org/">Sikuli Script</a> foi desenvolvido pelos pesquisadores do <a href="http://web.mit.edu/">MIT</a> Tom Yeh, Tsung-Hsiang Chang e Robert C. Miller e posteriormente convertido em um projeto de c&oacute;digo livre. O projeto pode ser considerado um sistema de script que permite que usu&aacute;rios utilizem como refer&ecirc;ncia as imagens dos componentes da interface que desejam controlar.&nbsp;Dadas as informa&ccedil;&otilde;es anteriores, partiremos agora para a parte pratica.</p>\r\n\r\n<p style="text-align:justify"><strong>TESTANDO UMA APLICA&Ccedil;&Atilde;O DESKTOP</strong></p>\r\n\r\n<p style="text-align:justify">Para demonstrar o funcionamento desta ferramenta, escolhemos uma aplica&ccedil;&atilde;o java desktop que pode ser testada tranquilamente usando o sikuli script.</p>\r\n\r\n<p style="text-align:justify">Antes de mais nada, vamos preparar um ambiente de teste. No nosso teste usamos o sistema operacional Ubuntu Linux mas pode ser feito em qualquer outro sistema operacional.</p>\r\n\r\n<ol>\r\n	<li style="text-align:justify"><strong>Esteja certo de que o Java Development Kit (JDK) esta instalado. Caso n&atilde;o esteja, fa&ccedil;a o download neste link: http://www.oracle.com;</strong></li>\r\n	<li style="text-align:justify"><strong>Instale o Eclipse ou NetBeans, caso ainda n&atilde;o o tenha feito, e tenha certeza de estar usando a vers&atilde;o de 32 bits do IDE escolhido pois o Sikuli n&atilde;o &eacute; compat&iacute;vel com as vers&otilde;es de 64 bits;</strong></li>\r\n	<li style="text-align:justify"><strong>Fa&ccedil;a o download do Sikuli IDE em http://sikuli.org;</strong></li>\r\n	<li style="text-align:justify"><strong>Abra o seu projeto no NetBeans ou Eclipse ou crie um novo projeto;</strong></li>\r\n	<li style="text-align:justify"><strong>Clique com o bot&atilde;o direito no projeto e escolha &ldquo;propriedades&rdquo; , depois bibliotecas (no netbeans) ou buildpatch (no eclipse);</strong></li>\r\n	<li style="text-align:justify"><strong>Na janela que se seguira, devemos escolher a op&ccedil;&atilde;o &ldquo;adicionar jar/pasta&rdquo; e ent&atilde;o navegamos at&eacute; a pasta de instala&ccedil;&atilde;o do Sikuli e selecionamos (sikuli-script.jar) e depois em &ldquo;ok&rdquo;;</strong></li>\r\n	<li style="text-align:justify"><strong>O pr&oacute;ximo passo &eacute; criar uma classe de teste. A classe de teste n&atilde;o sera usada para um teste unit&aacute;rio real, ela sera usada para testarmos a interface de usu&aacute;rio atrav&eacute;s do sikuli.</strong></li>\r\n	<li style="text-align:justify"><strong>Adicione tantos casos de teste quantos desejar.</strong></li>\r\n</ol>\r\n\r\n<p style="text-align:justify">Seguindo com nossa implementa&ccedil;&atilde;o pr&aacute;tica, logo que criarmos nosso caso de teste (Junit Test) ele se apresentara desta forma:</p>\r\n\r\n<pre>\r\n<code>import org.junit.After;\r\nimport org.junit.AfterClass;\r\nimport org.junit.Before;\r\nimport org.junit.BeforeClass;\r\nimport org.junit.Test;\r\nimport static org.junit.Assert.*;\r\npublic class novo {\r\n public novo() {\r\n }\r\n @BeforeClass\r\n public static void setUpClass() {\r\n }\r\n @AfterClass\r\n public static void tearDownClass() {\r\n }\r\n @Before\r\n public void setUp() {\r\n }\r\n @After\r\n public void tearDown() {\r\n }\r\n}</code></pre>\r\n\r\n<p>Algumas importa&ccedil;&otilde;es s&atilde;o desnecess&aacute;rias, portanto, vamos manter apenas a importa&ccedil;&atilde;o da biblioteca junit e o metodo setUp() para o nosso objetivo. Eliminando os c&oacute;digos desnecess&aacute;rios, nossa classe ficara desta forma:</p>\r\n\r\n<pre>\r\n<code>import org.junit.*;\r\npublic class novo {\r\n public novo() {\r\n }\r\n @Before\r\n public void setUp() {\r\n }\r\n}</code></pre>\r\n\r\n<p>Agora vamos adicionar a importa&ccedil;&atilde;o da biblioteca sikuli e adicionamos tamb&eacute;m alguns atributos a classe que iremos usar.</p>\r\n\r\n<pre>\r\n<code>import org.junit.*;\r\nimport org.sikuli.script.*;\r\npublic class novo {\r\n private SikuliScript script;\r\n private Screen tela;\r\n private Pattern projeto;\r\n private Pattern executa;\r\n private Pattern soma;\r\n private Pattern um;\r\n private Pattern dois;\r\n private Pattern tres;\r\n private Pattern igual;\r\n public novo() {\r\n }\r\n @Before\r\n public void setUp() {\r\n }\r\n}</code></pre>\r\n\r\n<p>Na segunda parte deste artigo&nbsp;continuaremos com a nossa automatiza&ccedil;&atilde;o de teste usando o Sikuli Script, at&eacute; aqui j&aacute; temos a nossa classe de teste pronta e o proximo passo &eacute; criar o nosso caso de teste. At&eacute; l&aacute;!</p>\r\n', 'Uma força para o seu teste de software usando uma ferramenta livre para automatizar a tarefa.', '7.jpg', '2016-08-16 14:57:00', 'N', 8, '1', '2016-08-16 16:49:23', '2016-10-29 17:43:25', 42, 42, 'N', 0, NULL, NULL, 'Revisões necessárias', 42, '2016-10-29 17:43:25'),
	(20, 4, 1, 1, 'Apenas um teste', 'apenas-um-teste', 'Apenas um teste<br />\r\n<img alt="" src="http://www.crescernaweb.com.br/teste/webroot/img/img_editor/c4ca4238a0b923820dcc509a6f75849b/images/1425-a-fonte-dos-iniciados.jpg" style="height:484px; width:862px" />', 'resumo do artigo ', '1.png', '2016-06-14 08:40:00', 'R', 1, '2', '2016-08-16 21:51:21', '2016-11-19 10:30:56', 1, 1, 'Y', 0, NULL, NULL, NULL, NULL, NULL),
	(21, 6, 1, 1, 'ddslknflskn s jfsf sfds', 'ddslknflskn-s-jfsf-sfds', '<p>sdfsfsfsfdsdfsdfsf</p>\r\n', NULL, '1.png', '2016-08-18 23:00:00', 'R', 1, '1', '2016-08-18 23:00:28', '2016-09-18 20:16:44', 1, 1, 'Y', 0, NULL, NULL, NULL, NULL, NULL),
	(22, 4, 1, 1, 'Afinal, o que é endomarketing?', 'afinal-o-que-e-endomarketing', '<p><img alt="" src="http://www.crescernaweb.com.br/teste/webroot/img/img_editor/c4ca4238a0b923820dcc509a6f75849b/images/endomarketing.jpg" style="float:left; height:200px; margin:5px; width:300px" />Nascido da necessidade das organiza&ccedil;&otilde;es de prosperar em um ambiente cada vez mais competitivo, o Endomarketing, ou marketing interno, consiste na utiliza&ccedil;&atilde;o das estrat&eacute;gias utilizadas pelo marketing tradicional direcionadas para o ambiente interno da organiza&ccedil;&atilde;o.</p>\r\n\r\n<p>O Endomarketing tem como principal objetivo manter colaboradores treinados, motivados e capazes de entregar ao cliente o que foi prometido pelas campanhas de publicidade.</p>\r\n\r\n<p>Antes de lan&ccedil;ar seus produtos ao mercado, as empresas precisam convencer seus clientes internos a compr&aacute;-lo. Ao tornar o colaborador um &ldquo;aliado&rdquo; do seu neg&oacute;cio, ele se sentir&aacute; respons&aacute;vel direto pelo sucesso da organiza&ccedil;&atilde;o e se preocupar&aacute; mais com seu pr&oacute;prio desempenho e crescimento pessoal.<br />\r\n<br />\r\nAl&eacute;m de entregar um servi&ccedil;o de melhor qualidade ao cliente, organiza&ccedil;&otilde;es que possuem colaboradores treinados e motivados ter&atilde;o menos problemas com rotatividade de pessoal, o que significa tamb&eacute;m maior economia nos processos de contrata&ccedil;&atilde;o e treinamento.</p>\r\n\r\n<p>Atrav&eacute;s de a&ccedil;&otilde;es que fortale&ccedil;am o trabalho em equipe, que aumentem a satisfa&ccedil;&atilde;o e o desempenho dos colaboradores, e que criem canais eficientes de comunica&ccedil;&atilde;o interpessoal, o Endomarketing conseguir&aacute; atingir aos seus objetivos finais, que &eacute; conquistar bons resultados econ&ocirc;micos, mercadol&oacute;gicos, administrativos e humanos.<br />\r\n<br />\r\n<strong>12 objetivos que podem ser alcan&ccedil;ados com a aplica&ccedil;&atilde;o de um programa de marketing interno:</strong></p>\r\n\r\n<ol>\r\n	<li>Manter os colaboradores treinados e atualizados.</li>\r\n	<li>Manter os colaboradores motivados.</li>\r\n	<li>Assegurar um bom clima organizacional.</li>\r\n	<li>Atrair, selecionar e reter os melhores profissionais.</li>\r\n	<li>Identificar e desenvolver meios para satisfazer as necessidades do colaborador.</li>\r\n	<li>Criar canais adequados para comunica&ccedil;&atilde;o interpessoal, com o objetivo de eliminar conflitos e outros fatores de insatisfa&ccedil;&atilde;o entre os colaboradores.</li>\r\n	<li>Implantar uma administra&ccedil;&atilde;o democr&aacute;tica.</li>\r\n	<li>Gerenciar os recursos humanos com base emuma perspectiva de marketing.</li>\r\n	<li>Vencer resist&ecirc;ncias.</li>\r\n	<li>Encorajar e destacar continuamente os pap&eacute;is dos colaboradores na organiza&ccedil;&atilde;o.</li>\r\n	<li>Desenvolver e promover ideias, projetos ou valores &uacute;teis para a organiza&ccedil;&atilde;o.</li>\r\n	<li>Construir uma integra&ccedil;&atilde;o entre produto e o colaborador.</li>\r\n</ol>\r\n\r\n<p><strong>As a&ccedil;&otilde;es do endomarketing</strong></p>\r\n\r\n<p>N&atilde;o existe uma f&oacute;rmula pronta para alinhar o pensamento dos colaboradores aos objetivos da organiza&ccedil;&atilde;o. Entretanto, atrav&eacute;s de t&eacute;cnicas e estrat&eacute;gias de Comunica&ccedil;&atilde;o e de Marketing, adequadas &agrave; realidade e ao modelo de neg&oacute;cios da organiza&ccedil;&atilde;o, podemos conseguir efeitos surpreendentes. Conhe&ccedil;a alguns exemplos de a&ccedil;&otilde;es de Endomarketing:</p>\r\n\r\n<ol>\r\n	<li>Pesquisas de clima organizacional<br />\r\n	Aplicadas semestralmente ou anualmente, as pesquisas de clima organizacional s&atilde;o fundamentais para acompanhar a satisfa&ccedil;&atilde;o dos colaboradores e identificar poss&iacute;veis problemas.</li>\r\n	<li>Palestras/eventos motivacionais<br />\r\n	As a&ccedil;&otilde;es motivacionais tem por objetivo incentivar o crescimento da satisfa&ccedil;&atilde;o dos colaboradores e dar seguran&ccedil;a &agrave;s equipes com rela&ccedil;&atilde;o &agrave; sua import&acirc;ncia na organiza&ccedil;&atilde;o. Geralmente s&atilde;o feitas em momentos chave (in&iacute;cio e fim de ano, fus&otilde;es, etc) e tem o poder de tirar as pessoas da zona de conforto, dando uma chacoalhada no moral da turma de forma que, normalmente, as chefias, ger&ecirc;ncias e diretorias n&atilde;o conseguem fazer.</li>\r\n	<li>Benef&iacute;cios extras<br />\r\n	De uma forma geral, os benef&iacute;cios sempre fazem diferen&ccedil;a na forma como os colaboradores enxergar&atilde;o sua organiza&ccedil;&atilde;o.<br />\r\n	Al&eacute;m dos benef&iacute;cios comuns como vale-refei&ccedil;&atilde;o, transporte, assist&ecirc;ncia medica e odontol&oacute;gica, a organiza&ccedil;&atilde;o pode investir em benef&iacute;cios extras como home-office, vale-academia, conv&ecirc;nios diversos, vale cultura, flexibilidade de hor&aacute;rio ou outros que estimulem a qualidade de vida de seus colaboradores.</li>\r\n	<li>Eventos e iniciativas de integra&ccedil;&atilde;o<br />\r\n	Na maioria das organiza&ccedil;&otilde;es, os tipos mais comuns s&atilde;o as festas de fim de ano e o famoso happy hour. N&atilde;o existe uma regra definida para esse tipo de evento, o que deve ser levado em conta s&atilde;o os valores da organiza&ccedil;&atilde;o e os perfis dos colaboradores.<br />\r\n	Investir em a&ccedil;&otilde;es como o team Building tamb&eacute;m pode ser interessante para desenvolver o esp&iacute;rito de equipe e ajudar a melhorar o desempenho e produtividade dos colaboradores.</li>\r\n	<li>Treinamentos<br />\r\n	Os treinamentos s&atilde;o importantes, pois ajudam a desenvolver e aprimorar capacidades de comunica&ccedil;&atilde;o, vendas e servi&ccedil;os entre os colaboradores.<br />\r\n	Entre os objetivos mais comuns dos treinamentos para colaboradores, podemos incluir:\r\n	<ul>\r\n		<li>Conhecer a cultura da empresa;</li>\r\n		<li>Conhecer os processos;</li>\r\n		<li>Entender as necessidades e desejos dos clientes;</li>\r\n		<li>Capacitar para instigar os colaboradores a ter novas ideias que possam complementar projetos de melhorias da empresa, fazendo- os se sentirem &uacute;teis dentro da mesma;</li>\r\n		<li>Incluir elementos que foquem no tratamento justo tanto de funcion&aacute;rios quanto de clientes.</li>\r\n	</ul>\r\n	</li>\r\n	<li>Comunica&ccedil;&atilde;o Interna<br />\r\n	No Endomarketing, a comunica&ccedil;&atilde;o interna &eacute; utilizada como ferramenta de relacionamento com o colaborador, tratando-os como se fossem &ldquo;clientes internos&rdquo;, com o objetivo de que os colaboradores atendam melhor os clientes e trabalhem sempre em prol da organiza&ccedil;&atilde;o.</li>\r\n</ol>\r\n\r\n<p>Gerenciamento de recursos humanos<br />\r\nO gerenciamento de recursos humanos tem como objetivo atrair e manter os melhores colaboradores dentro da organiza&ccedil;&atilde;o.<br />\r\nAs fun&ccedil;&otilde;es inerentes ao gerenciamento de recursos humanos ( procedimentos de recrutamento, planos de carreira, pr&ecirc;mios , sal&aacute;rio, entre outras) dever&atilde;o ser utilizadas de forma que as metas do marketing interno sejam atingidas</p>\r\n', 'O Endomarketing tem como principal objetivo de manter colaboradores treinados, motivados e capazes de entregar ao cliente o que foi prometido..', '3.png', '2016-08-22 22:52:00', 'N', 4, '1', '2016-08-22 22:52:45', '2016-09-14 16:07:04', 1, 1, 'N', 0, 1, '2016-08-22 22:57:36', 'reverter', 1, '2016-09-14 16:07:04'),
	(23, 6, 1, 1, 'Veja como garantir a integridade de dados de maneira simples, utilizando transações no CakePHP', 'veja-como-garantir-a-integridade-de-dados-de-maneira-simples-utilizando-transacoes-no-cakephp', 'Ol&aacute; pessoal. Como vai? Tudo bem?<br />\r\nNeste artigo irei demonstrar &nbsp;como utilizar <strong>transa&ccedil;&otilde;es </strong>no <strong>CakePHP</strong>.<br />\r\n<br />\r\nMais afinal, o que s&atilde;o <strong>transa&ccedil;&otilde;es</strong>?\r\n<blockquote>As transa&ccedil;&otilde;es s&atilde;o uma seq&uuml;&ecirc;ncia de opera&ccedil;&otilde;es executadas no banco de dados que s&atilde;o tratadas como um bloco &uacute;nico e indivis&iacute;vel.</blockquote>\r\n<br />\r\nTrabalhar com transa&ccedil;&otilde;es &eacute; a <strong>forma correta</strong> de garantir a <strong>integridade dos dados</strong>.<br />\r\n<br />\r\nVamos supor que precis&aacute;ssemos gravar, na mesma opera&ccedil;&atilde;o, dados relacionados em mais de uma tabela. Um situa&ccedil;&atilde;o bem comum em grandes sistemas.<br />\r\n<br />\r\n<strong>Resumidamente, as transa&ccedil;&otilde;es no banco de dados funcionariam da seguinte forma</strong>:<br />\r\n<em>Ap&oacute;s a tentativa de gravar os dados, o sistema verifica se todos os dados foram gravados com sucesso. Caso toda opera&ccedil;&atilde;o tenha ocorrido sem erros, o sistema grava todas as informa&ccedil;&otilde;es (<strong>commit</strong>). Caso exista algum erro, toda a opera&ccedil;&atilde;o &eacute; desfeita (<strong>rollback</strong>)!!</em><br />\r\n<br />\r\n<strong>IMPORTANTE!</strong> Trabalhando com banco de dados MYSQL, as tabelas precisam estar no formato <strong>InnoDb.</strong><br />\r\n<br />\r\nO CakePHP possui um suporte embutido para transa&ccedil;&otilde;es. Para utilizar uma transa&ccedil;&atilde;o em seu <strong><em>controller</em></strong>, voc&ecirc; utilizar&aacute; os seguintes comandos:\r\n\r\n<pre>\r\n<code class="language-php">// Obtém uma referência a um objeto DataSource\r\n$datasource = $this-&gt;NomedoModel-&gt;getDataSource();\r\n\r\n//Inicia a transação\r\n$datasource-&gt;begin();\r\n\r\n//Efetiva e finaliza a transação no banco de dados\r\n$dataSource-&gt;commit();\r\n\r\n//Aborta e desfaz toda a transação impedindo que qualquer operação da transação seja efetivado\r\n$datasource-&gt;rollback();\r\n</code></pre>\r\n\r\n<p><br />\r\nSegue abaixo, uma <strong>EXEMPLO</strong> de utiliza&ccedil;&atilde;o:<br />\r\nFuncionariosController.php</p>\r\n\r\n<pre>\r\n<code class="language-php">$datasource = $this-&gt;Funcionario-&gt;getDataSource();\r\ntry{\r\n    $datasource-&gt;begin();\r\n    //Gravando os dados do funcionário\r\n    if(!$this-&gt;Funcionario-&gt;save($dadosDofuncionario))\r\n        throw new Exception();\r\n\r\n    //Gravando os dados da jornada do funcionário\r\n    if(!$this-&gt;Jornada-&gt;save($dadosDaJornada))\r\n        throw new Exception();\r\n\r\n    //Caso não exista erros, o sistema grava os dados nas tabelas\r\n    $datasource-&gt;commit();\r\n    //Mensagem de sucesso\r\n    $this-&gt;Session-&gt;setFlash(__(\'Mensagem de sucesso\'), \'\', array());\r\n} catch(Exception $e) {\r\n    //Caso exista erros, o sistema desfaz toda a operação\r\n    $datasource-&gt;rollback();\r\n    //Mensagem de erro\r\n    $this-&gt;Session-&gt;setFlash(__(\'Mensagem de erro\'), \'\', array());\r\n}\r\n</code></pre>\r\n<br />\r\n<strong>Obs.: TESTADO EM VERS&Otilde;ES 2.<em>x</em></strong><br />\r\n<br />\r\n&Eacute; isso ai pessoal. Espero que gostem!<br />\r\nAbra&ccedil;os e at&eacute; mais.', 'Como garantir a integridade de dados ao realizar operações complexas, utilizando transações no CakePHP.', '11.jpg', '2016-09-18 20:16:00', 'N', 24, '1', '2016-09-18 20:19:50', '2016-09-27 19:44:14', 1, 1, 'Y', 0, 1, '2016-09-26 09:09:06', 'Resumo redundante com titulo', 1, '2016-09-26 09:10:15'),
	(24, 6, 41, 61, 'Os 5 Plugins SEO  para Wordpress que irão mudar sua vida! ', 'os-5-plugins-seo-para-wordpress-que-irao-mudar-sua-vida', '<img alt="" src="http://www.crescernaweb.com.br/teste/webroot/img/img_editor/3416a75f4cea9109507cacd8e2f2aefc/images/seo.png" style="float:left; height:158px; width:300px" />Quando sentamos pela primeira vez para falarmos sobre o Crescer na Web eu sabia que teria grandes desafios, entre eles, passar para o papel (ok, para a tela) o conhecimento que adquiri nessa minha jornada no mundo tecnol&oacute;gico, mundo este que me fascina desde muito novo diga-se de passagem.Chamo essa tarefa de desafio porque portugu&ecirc;s&nbsp;sempre foi&nbsp;umas da mat&eacute;rias que mais me assustavam e espero que nenhuma professora minha esteja lendo esse artigo agora.<br />\r\n<br />\r\nEscolher um tema para meu primeiro artigo me rendeu pelo menos o fim de semana inteiro, s&atilde;o tantos assuntos interessantes que quero trazer para voc&ecirc;s que fiquei louco, mas quando decidi mexer no Wordpress, a inspira&ccedil;&atilde;o veio como um flecha.<br />\r\n<br />\r\nBem, chega de hist&oacute;ria e vamos ao que nos interessa.<br />\r\n<br />\r\nHoje traremos para voc&ecirc;s uma ferramenta mais do que fundamental para o sucesso de seu site ou blog desenvolvido em Wordpress, os Plugins de SEO.<br />\r\n<br />\r\n<strong>Antes de mais nada, o que &eacute; SEO?</strong><br />\r\n<br />\r\nSEO&nbsp;significa&nbsp;Search Engine Optimization&nbsp;ou&nbsp;Otimiza&ccedil;&atilde;o para Buscas. Com os mecanismos dos &nbsp;sites de busca como google, yahoo e tantos outro, surgiram as &nbsp;t&eacute;cnicas de SEO, que nada mais s&atilde;o do que a&nbsp;otimiza&ccedil;&atilde;o de p&aacute;ginas para melhor compreens&atilde;o das ferramentas de busca.Em um futuro n&atilde;o t&atilde;o distante assim, o Crescer na Web ira tratar do assunto SEO de forma mais completa, o intuito agora &eacute; que voc&ecirc;s conhe&ccedil;am plugins que far&atilde;o esse servi&ccedil;o de forma eficiente e sem dores de cabe&ccedil;a.<br />\r\n&nbsp;&nbsp;&nbsp;&nbsp;&nbsp;&nbsp;&nbsp;&nbsp;<br />\r\nSites constru&iacute;dos com um SEO&nbsp;bem preparado tendem a ter maior&nbsp;relev&acirc;ncia nos resultados de buscas, aumentando assim sua&nbsp;visibilidade&nbsp;e a&nbsp;probabilidade de acessos, justamente por esse motivo, criei uma lista com os cinco melhores plugins de SEO para Wordpress que tenho certeza que vai ajudar muitos de voc&ecirc;s no desenvolvimento de seus sites e blogs:<br />\r\n<br />\r\n&nbsp;&nbsp;&nbsp;&nbsp;&nbsp;&nbsp;&nbsp;&nbsp;&nbsp;&nbsp;&nbsp;&nbsp;&nbsp;&nbsp;&nbsp; <strong>1# - All in One SEO Pack </strong><br />\r\nEste &eacute; o plugin mais usado entre os mais conhecidos, &eacute; o popstar dos Pugins SEO para Wordpress. Ele permite ao usu&aacute;rio definir &nbsp;fun&ccedil;&otilde;es b&aacute;sicas de SEO, como criar palavra-chave, t&iacute;tulos, meta tags, e uma descri&ccedil;&atilde;o para cada p&aacute;gina ou post do site ou blog.Al&eacute;m disso, provem recursos para evitar a duplica&ccedil;&atilde;o de conte&uacute;do, entre outras caracter&iacute;sticas. &nbsp;Com esse plugin voc&ecirc;s com certeza ir&atilde;o conseguir bons resultados nos motores de busca. O <strong>All in One SEO Pack</strong> conta com uma vers&atilde;o gratuita e a vers&atilde;o pr&oacute;.<br />\r\n<br />\r\n&nbsp;&nbsp;&nbsp;&nbsp;&nbsp;&nbsp;&nbsp;&nbsp;&nbsp;&nbsp;&nbsp;&nbsp;&nbsp;&nbsp;&nbsp; <strong>2# - WordPress SEO By Yoast</strong><br />\r\nOutro excelente plugin, o <strong>SEO By Yoast</strong> permite aos seus usu&aacute;rios rastrearem determinadas palavras-chave em p&aacute;ginas ou posts para ter certeza de que elas foram colocadas em &nbsp;t&iacute;tulos, headres, urls, e etc. Ele ainda oferece uma visualiza&ccedil;&atilde;o de como a sua publica&ccedil;&atilde;o ir&aacute; aparecer nos motores de busca. O melhor de tudo &eacute; que o <strong>WordPress SEO By Yoast </strong>&eacute; totalmente gratuito.<br />\r\n<br />\r\n<strong>&nbsp;&nbsp;&nbsp;&nbsp;&nbsp;&nbsp;&nbsp;&nbsp;&nbsp;&nbsp;&nbsp;&nbsp;&nbsp;&nbsp;&nbsp; #3 - XML sitemaps 2.Google</strong><br />\r\nEsse Pugin permite que seu site ou blog seja indexado no Google e outros motores de busca. Sua principal fun&ccedil;&atilde;o &eacute; criar um arquivo xml com o seu site todo organizado por links. Um sitemap &eacute; simplesmente um &nbsp;mapa completo do seu site, que ir&aacute; mostrar para o google onde buscar as informa&ccedil;&otilde;es,tornando essa busca muito mais r&aacute;pida e precisa, e como o <strong>XML sitemaps 2.Google </strong>permite o uso em paralelo de outro plugin SEO e se eles estiverem bem alinhados, comcerteza seu site ter&aacute; uma boa posi&ccedil;&atilde;o nos motores de busca. Ele tamb&eacute;m &eacute; gratuito, podem usar a vontade.<br />\r\n<br />\r\n&nbsp;&nbsp;&nbsp;&nbsp;&nbsp;&nbsp;&nbsp;&nbsp;&nbsp;&nbsp;&nbsp;&nbsp;&nbsp;&nbsp;&nbsp; <strong>#4 - HeadSpace2</strong><br />\r\nEle &eacute; bem parecido com o&nbsp; All in One SEO Pack,tendo sutis diferen&ccedil;as, sendo a principal delas &eacute; que, quando voc&ecirc;s escreverem um post, o <strong>HeadSpace2</strong> ir&aacute; sugerir que palavras-chave devem ser utilizadas. Al&eacute;m disso, &nbsp;ele facilita a inser&ccedil;&atilde;o de c&oacute;digo do&nbsp;Google Analytics para suas analises. Este plugin ir&aacute; cuidar de toda a parte do SEO que seu site ou blog precisa. Assim como o All in One SEO Pack, ele tamb&eacute;m pode ser encontrado nas vers&otilde;es gratuita e pr&oacute;.<br />\r\n<br />\r\n<strong>&nbsp;&nbsp;&nbsp;&nbsp;&nbsp;&nbsp;&nbsp;&nbsp;&nbsp;&nbsp;&nbsp;&nbsp;&nbsp;&nbsp;&nbsp; #5 - &nbsp;SEO Ultimate</strong><br />\r\nEsse plugin &nbsp;&eacute; de f&aacute;cil edi&ccedil;&atilde;o de meta descri&ccedil;&atilde;o, ferramentas que podem ajudar a melhorar sua estrat&eacute;gia de vincula&ccedil;&atilde;o , editor &nbsp;de permalink f&aacute;cil e muito, muito mais.A caracter&iacute;stica mais importante do <strong>Seo Ultimate </strong>&eacute; a capacidade de adicionar Meta descriptions para cada post e cada p&aacute;gina que existe no seu Blog ou site WordPress.&nbsp;Ele ainda traz com um contador de caracteres instalado que ir&aacute; contar quantos caracteres foram utilizados, j&aacute; que a maioria dos motores de busca l&ecirc;em somente os primeiros 140 caracteres da meta description. Esse plugin tamb&eacute;m est&aacute; dispon&iacute;vel em vers&otilde;es gratuitas e pagas.<br />\r\n<br />\r\nEnt&atilde;o &eacute; isso, miss&atilde;o cumprida, o primeiro artigo de nossa coluna tecnologia est&aacute; escrito e espero que tenha ajudado a voc&ecirc;s. Queridas professoras de portugu&ecirc;s, acho que minha fobia se foi, estou curado, agora vou escrever sem medo de ser feliz.<br />\r\n<br />\r\nSugest&otilde;es, coment&aacute;rios, id&eacute;ias e criticas podem e devem ser enviadas&nbsp; para que possamos melhorar nosso material e saciar da melhor forma poss&iacute;vel o apetite por conhecimento que sabemos que voc&ecirc;s tem.<br />\r\n<br />\r\nForte abra&ccedil;o e at&eacute; nosso pr&oacute;ximo encontro!<br />\r\n<br />\r\n&nbsp;', 'Os 5 melhores, super, hiper, ulta Plugins SEO para Wordpres. ', '2.jpg', '2016-06-24 22:17:00', 'R', 2, '2', '2016-09-18 20:51:40', '2016-09-18 20:55:53', 41, 41, 'Y', 0, NULL, NULL, NULL, NULL, NULL),
	(27, 6, 41, 61, 'Os 5 Plugins SEO  para Wordpress que irão mudar sua vida! ', 'os-5-plugins-seo-para-wordpress', '<p><img alt="" src="http://www.crescernaweb.com.br/webroot/img/img_editor/3416a75f4cea9109507cacd8e2f2aefc/images/5_plugins-seo.jpg" style="float:left; height:248px; width:280px; padding-right: 5px; " />Quando sentamos pela primeira vez para falarmos sobre o Crescer na Web eu sabia que teria grandes desafios, entre eles, passar para o papel (ok, para a tela) o conhecimento que adquiri nessa minha jornada no mundo tecnol&oacute;gico, mundo este que me fascina desde muito novo diga-se de passagem.Chamo essa tarefa de desafio porque portugu&ecirc;s&nbsp;sempre foi&nbsp;umas da mat&eacute;rias que mais me assustavam e espero que nenhuma professora minha esteja lendo esse artigo agora.<br />\r\n<br />\r\nEscolher um tema para meu primeiro artigo me rendeu pelo menos o fim de semana inteiro, s&atilde;o tantos assuntos interessantes que quero trazer para voc&ecirc;s que fiquei louco, mas quando decidi mexer no Wordpress, a inspira&ccedil;&atilde;o veio como um flecha.<br />\r\n<br />\r\nBem, chega de hist&oacute;ria e vamos ao que nos interessa.<br />\r\n<br />\r\nHoje traremos para voc&ecirc;s uma ferramenta mais do que fundamental para o sucesso de seu site ou blog desenvolvido em Wordpress, os Plugins de SEO.<br />\r\n<br />\r\n<strong>Antes de mais nada, o que &eacute; SEO?</strong><br />\r\n<br />\r\nSEO&nbsp;significa&nbsp;Search Engine Optimization&nbsp;ou&nbsp;Otimiza&ccedil;&atilde;o para Buscas. Com os mecanismos dos &nbsp;sites de busca como google, yahoo e tantos outro, surgiram as &nbsp;t&eacute;cnicas de SEO, que nada mais s&atilde;o do que a&nbsp;otimiza&ccedil;&atilde;o de p&aacute;ginas para melhor compreens&atilde;o das ferramentas de busca.Em um futuro n&atilde;o t&atilde;o distante assim, o Crescer na Web ira tratar do assunto SEO de forma mais completa, o intuito agora &eacute; que voc&ecirc;s conhe&ccedil;am plugins que far&atilde;o esse servi&ccedil;o de forma eficiente e sem dores de cabe&ccedil;a.<br />\r\n&nbsp;&nbsp;&nbsp;&nbsp;&nbsp;&nbsp;&nbsp;&nbsp;<br />\r\nSites constru&iacute;dos com um SEO&nbsp;bem preparado tendem a ter maior&nbsp;relev&acirc;ncia nos resultados de buscas, aumentando assim sua&nbsp;visibilidade&nbsp;e a&nbsp;probabilidade de acessos, justamente por esse motivo, criei uma lista com os cinco melhores plugins de SEO para Wordpress que tenho certeza que vai ajudar muitos de voc&ecirc;s no desenvolvimento de seus sites e blogs:<br />\r\n<br />\r\n&nbsp;&nbsp;&nbsp;&nbsp;&nbsp;&nbsp;&nbsp;&nbsp;&nbsp;&nbsp;&nbsp;&nbsp;&nbsp;&nbsp;&nbsp; <strong>1# - All in One SEO Pack </strong><br />\r\nEste &eacute; o plugin mais usado entre os mais conhecidos, &eacute; o popstar dos Pugins SEO para Wordpress. Ele permite ao usu&aacute;rio definir &nbsp;fun&ccedil;&otilde;es b&aacute;sicas de SEO, como criar palavra-chave, t&iacute;tulos, meta tags, e uma descri&ccedil;&atilde;o para cada p&aacute;gina ou post do site ou blog.Al&eacute;m disso, provem recursos para evitar a duplica&ccedil;&atilde;o de conte&uacute;do, entre outras caracter&iacute;sticas. &nbsp;Com esse plugin voc&ecirc;s com certeza ir&atilde;o conseguir bons resultados nos motores de busca. O <strong>All in One SEO Pack</strong> conta com uma vers&atilde;o gratuita e a vers&atilde;o pr&oacute;.<br />\r\n<br />\r\n&nbsp;&nbsp;&nbsp;&nbsp;&nbsp;&nbsp;&nbsp;&nbsp;&nbsp;&nbsp;&nbsp;&nbsp;&nbsp;&nbsp;&nbsp; <strong>2# - WordPress SEO By Yoast</strong><br />\r\nOutro excelente plugin, o <strong>SEO By Yoast</strong> permite aos seus usu&aacute;rios rastrearem determinadas palavras-chave em p&aacute;ginas ou posts para ter certeza de que elas foram colocadas em &nbsp;t&iacute;tulos, headres, urls, e etc. Ele ainda oferece uma visualiza&ccedil;&atilde;o de como a sua publica&ccedil;&atilde;o ir&aacute; aparecer nos motores de busca. O melhor de tudo &eacute; que o <strong>WordPress SEO By Yoast </strong>&eacute; totalmente gratuito.<br />\r\n<br />\r\n<strong>&nbsp;&nbsp;&nbsp;&nbsp;&nbsp;&nbsp;&nbsp;&nbsp;&nbsp;&nbsp;&nbsp;&nbsp;&nbsp;&nbsp;&nbsp; #3 - XML sitemaps 2.Google</strong><br />\r\nEsse Pugin permite que seu site ou blog seja indexado no Google e outros motores de busca. Sua principal fun&ccedil;&atilde;o &eacute; criar um arquivo xml com o seu site todo organizado por links. Um sitemap &eacute; simplesmente um &nbsp;mapa completo do seu site, que ir&aacute; mostrar para o google onde buscar as informa&ccedil;&otilde;es,tornando essa busca muito mais r&aacute;pida e precisa, e como o <strong>XML sitemaps 2.Google </strong>permite o uso em paralelo de outro plugin SEO e se eles estiverem bem alinhados, comcerteza seu site ter&aacute; uma boa posi&ccedil;&atilde;o nos motores de busca. Ele tamb&eacute;m &eacute; gratuito, podem usar a vontade.<br />\r\n<br />\r\n&nbsp;&nbsp;&nbsp;&nbsp;&nbsp;&nbsp;&nbsp;&nbsp;&nbsp;&nbsp;&nbsp;&nbsp;&nbsp;&nbsp;&nbsp; <strong>#4 - HeadSpace2</strong><br />\r\nEle &eacute; bem parecido com o&nbsp; All in One SEO Pack,tendo sutis diferen&ccedil;as, sendo a principal delas &eacute; que, quando voc&ecirc;s escreverem um post, o <strong>HeadSpace2</strong> ir&aacute; sugerir que palavras-chave devem ser utilizadas. Al&eacute;m disso, &nbsp;ele facilita a inser&ccedil;&atilde;o de c&oacute;digo do&nbsp;Google Analytics para suas analises. Este plugin ir&aacute; cuidar de toda a parte do SEO que seu site ou blog precisa. Assim como o All in One SEO Pack, ele tamb&eacute;m pode ser encontrado nas vers&otilde;es gratuita e pr&oacute;.<br />\r\n<br />\r\n<strong>&nbsp;&nbsp;&nbsp;&nbsp;&nbsp;&nbsp;&nbsp;&nbsp;&nbsp;&nbsp;&nbsp;&nbsp;&nbsp;&nbsp;&nbsp; #5 - &nbsp;SEO Ultimate</strong><br />\r\nEsse plugin &nbsp;&eacute; de f&aacute;cil edi&ccedil;&atilde;o de meta descri&ccedil;&atilde;o, ferramentas que podem ajudar a melhorar sua estrat&eacute;gia de vincula&ccedil;&atilde;o , editor &nbsp;de permalink f&aacute;cil e muito, muito mais.A caracter&iacute;stica mais importante do <strong>Seo Ultimate </strong>&eacute; a capacidade de adicionar Meta descriptions para cada post e cada p&aacute;gina que existe no seu Blog ou site WordPress.&nbsp;Ele ainda traz com um contador de caracteres instalado que ir&aacute; contar quantos caracteres foram utilizados, j&aacute; que a maioria dos motores de busca l&ecirc;em somente os primeiros 140 caracteres da meta description. Esse plugin tamb&eacute;m est&aacute; dispon&iacute;vel em vers&otilde;es gratuitas e pagas.<br />\r\n<br />\r\nEnt&atilde;o &eacute; isso, miss&atilde;o cumprida, o primeiro artigo de nossa coluna tecnologia est&aacute; escrito e espero que tenha ajudado a voc&ecirc;s. Queridas professoras de portugu&ecirc;s, acho que minha fobia se foi, estou curado, agora vou escrever sem medo de ser feliz.<br />\r\n<br />\r\nSugest&otilde;es, coment&aacute;rios, id&eacute;ias e criticas podem e devem ser enviadas&nbsp; para que possamos melhorar nosso material e saciar da melhor forma poss&iacute;vel o apetite por conhecimento que sabemos que voc&ecirc;s tem.<br />\r\n<br />\r\nForte abra&ccedil;o e at&eacute; nosso pr&oacute;ximo encontro!<br />\r\n<br />\r\n&nbsp;</p>\r\n', 'Os 5 melhores, super, hiper, ulta Plugins SEO para Wordpres. ', '4.jpg', '2016-06-24 22:17:00', 'N', 5, '1', '2016-09-18 20:58:38', '2016-09-27 20:33:27', 41, 41, 'Y', 3, 1, '2016-09-21 19:58:39', 'Revertido para pequenas correçoes', 1, '2016-09-23 20:16:44'),
	(28, 6, 41, 61, 'O que você precisa saber antes de criar seu site!', 'o-que-voce-precisa-antes-de-criar-seu-site', '<p><img alt="" src="http://www.crescernaweb.com.br/webroot/img/img_editor/3416a75f4cea9109507cacd8e2f2aefc/images/antes_de_criar.jpg" style="float:left; height:248px; width:300px; padding-right: 5px;" />Salve amigos&nbsp; do Crescer na Web, estamos no segundo artigo do nosso caderno de tecnologia e se voc&ecirc; j&aacute; leu o primeiro e voltou para ler o segundo &eacute; sinal de que meu esfor&ccedil;o n&atilde;o foi em v&atilde;o. Agora,&nbsp; se voc&ecirc; est&aacute; aqui pela primeira vez, seja bem vindo ao CnW.<br />\r\n<br />\r\n&nbsp;Ajeitem suas cadeiras porque l&aacute; vem mais informa&ccedil;&atilde;o.<br />\r\n<br />\r\nEu me lembro que em 1900 e guaran&aacute; de rolha, o profissional ou empresa que n&atilde;o tinha um telefone estava fora da brincadeira. Passou um tempo e isso foi mudando, quem n&atilde;o tivesse um &nbsp;computador&nbsp; e&nbsp; e-mail j&aacute; estava ultrapassado .<br />\r\n<br />\r\n&nbsp;Hoje, se voc&ecirc; ou sua empresa n&atilde;o tem um site, com toda certeza pode estar perdendo uma grande chance de crescer. Os sites s&atilde;o sem duvida nenhuma uma das formas mais efetivas de divulgar as &nbsp;atividades de um profissional ou empresa e conseq&uuml;entemente &nbsp;fomentar o crescimento&nbsp; e sua lucratividade.<br />\r\nDai, essa &eacute; a hora que voc&ecirc; deve estar euf&oacute;rico e falando:<br />\r\n- &quot;T&aacute;, ent&atilde;o vou fazer um site agora e bombar na internet.&quot;<br />\r\nEspera ai, muita calma nessa hora jovem padawan! Voc&ecirc; precisa antes de mais nada, organizar o que voc&ecirc; quer e o que precisa para o seu site, esse &eacute; o momento essencial e talvez o mais complexo no desenvolvimento de um site de sucesso. Mas, como a id&eacute;ia do Crescer na Web &eacute; ajudar voc&ecirc;s, esse jovem (nem tanto assim) colunista ir&aacute; trazer a luz no fim do t&uacute;nel, em um magn&iacute;fico e fundamental Check List de o que voc&ecirc; deve fazer antes de criar um site.<br />\r\n&nbsp;<br />\r\n<strong>#1 - Quem eu quero alcan&ccedil;ar com o meu site?</strong><br />\r\nAntes de qualquer coisa, &nbsp;&eacute; preciso identificar qual &eacute; o seu publico alvo, o seu consumidor final, aquela pessoa que vai ver o seu produto e servi&ccedil;o e diz &quot; Cala a boca e toma aqui o meu dinheiro&quot;, para isso, pense sempre em para quem voc&ecirc; dirige o conte&uacute;do do seu site.&nbsp;<br />\r\n<br />\r\n<strong># 2 - Qual o objetivo do seu site?</strong><br />\r\nEsse passo serve pra te ajudar a entender as necessidades t&eacute;cnicas e a o conteudo que voc&ecirc; vai querer que seu site transmita. Por exemplo, se voc&ecirc; tem uma confeitaria, com toda certeza voc&ecirc; ir&aacute; precisar de uma galeria com fotos dos seus produtos e se voc&ecirc; trabalha com delivery, dever&aacute; adicionar um carrinho de compras em seu site. &nbsp;Se o voc&ecirc; &eacute; um profissional na &aacute;rea da m&uacute;sica e do show business, ir&aacute; precisar de players para que seu publico alvo possa ouvir trechos de suas musicas, e quem sabe at&eacute; de players de v&iacute;deo e uma agenda caso realize shows.<br />\r\n<br />\r\n<strong># 3 - Inspira&ccedil;&atilde;o.</strong><br />\r\nN&atilde;o tenha pressa, ela &eacute; a inimiga da perfei&ccedil;&atilde;o e um pedra no sapato de quem espera retorno de um Website. Gaste um bom tempo pesquisando sites de concorrentes, isso n&atilde;o &eacute; vergonhoso e vai fazer com que voc&ecirc; tenha uma id&eacute;ia de o que eles tem de positivo, coloque-se no lugar dos seus clientes. Com isto voc&ecirc; ter&aacute; uma id&eacute;ia mais consistente de como deseja que seu site seja e refer&ecirc;ncias para dar mais dire&ccedil;&atilde;o a cria&ccedil;&atilde;o do seu site.<br />\r\n<br />\r\n<strong>#4 - Escolha um bom dom&iacute;nio para seu site.</strong><br />\r\nEscolher um nome pro seu site &eacute; muito importante, e quanto mais curto e simples for, melhor. Uma boa dica &eacute; usar o planejador de palavras chaves do google, aquele que falei para voc&ecirc;s no nosso primeiro artigo. Dom&iacute;nios longos e complicados (paralelepipedospindamonhangaba.com.br) podem induzir o cliente ao erro &nbsp;e esse erro pode ser significado de vendas perdidas.<br />\r\nTome muito cuidado com palavras em l&iacute;ngua estrangeira. usemos novamente o exemplo da confeitaria, voc&ecirc; criou o site e resolveu criar o dom&iacute;nio deliciousbreakfast.com.br. &nbsp;Ser&aacute; que seu cliente vai saber escrever corretamente esse dominio? &nbsp;Lembre-se, simplifique sempre!<br />\r\n&nbsp;<br />\r\n<strong>5# - Escolher um host para hospedar o seu site:</strong><br />\r\nDepois de escolher o seu dom&iacute;nio e &nbsp;fazer a contrata&ccedil;&atilde;o dele, t&aacute; na hora de escolher um &nbsp;bom servi&ccedil;o de&nbsp;hospedagem.<br />\r\nUm host de&nbsp;hospedagem&nbsp;de site nada mais &eacute; do um local onde voc&ecirc; ir&aacute; colocar os arquivos de seu site e usar a conex&atilde;o de internet que eles disponibilizam para voc&ecirc;, permitindo que seu publico alvo visite o seu site.Existe diversas caracteristicas &nbsp;que voc&ecirc; deve observar em um servi&ccedil;o de hospedagem. Por&eacute;m, todavia, contudo, como voc&ecirc; est&aacute; no CnW, vai receber de bandeja algumas dicas do que voc&ecirc; deve observar na hora de contratar esse servi&ccedil;o:<br />\r\nObserve se seu host tem suporte para banco de dados MySQL: isso &eacute; importante se voc&ecirc; vai&nbsp;criar um site com o pacote do&nbsp;WordPress e etc. Veja sem ele d&aacute; suporte para PHP, isso &eacute; muito importante se voc&ecirc; vai usar o pacote do&nbsp;Wordpress&nbsp;e outras linguagens para constru&ccedil;&atilde;o de sites din&acirc;micos.<br />\r\nO espa&ccedil;o em disco m&iacute;nimo aceit&aacute;vel &eacute; algo pr&oacute;ximo &agrave; 50 MB. N&atilde;o use servi&ccedil;os que lhe entregarem menos do que isso.<br />\r\nAgora o mais importante a ser observado, o limite de transmiss&atilde;o de dados, nesse caso, como no anterior, a regra &eacute; simples prefira aquele servi&ccedil;o que lhe der mais. O m&iacute;nimo aceit&aacute;vel &eacute; algo em torno de 1 GB.<br />\r\nVeja se ele te d&aacute; um email pr&oacute;prio, n&atilde;o tem nada mais legal do que ter um e-mail profissional com a extens&atilde;o do nome do seu dom&iacute;nio.<br />\r\n<br />\r\nEnt&atilde;o &eacute; isso jovens padawans, espero ter ajudado,&nbsp; em artigos futuros falaremos mais em como desenvolver seu site, em como um bom layout pode interferir no seu crescimento e outras dicas.<br />\r\n<br />\r\nSe voc&ecirc; gostou, &eacute; s&oacute; clicar aqui em baixo e curtir, compartilha se achar interessante que o resto do mundo (exagerado) receba essas dicas, e pode deixar seu coment&aacute;rio, opini&atilde;o, critica e sugest&otilde;es para outros artigos, e n&atilde;o esque&ccedil;a de assinar nossa newsletter para receber artigos fresquinhos.<br />\r\n<br />\r\nAt&eacute; a pr&oacute;xima!<br />\r\n&nbsp;</p>\r\n', 'O Checklist fundamental para a criação do seu site.', '3.jpg', '2016-07-10 22:05:00', 'N', 6, '1', '2016-09-18 22:50:53', '2016-09-27 20:33:36', 41, 41, 'Y', 0, NULL, NULL, 'Para correção', 41, '2016-09-26 17:05:57'),
	(29, 6, 41, 61, 'Os 5 Plugins SEO  para Wordpress que irão mudar sua vida! ', 'os-5-plugins-seo-para-wordpress_mudar_a_vida', '<p><img alt="" src="http://www.crescernaweb.com.br/webroot/img/img_editor/3416a75f4cea9109507cacd8e2f2aefc/images/5_plugins-seo.jpg" style="float:left; height:248px; width:280px; margin-right: 10px; " />Quando sentamos pela primeira vez para falarmos sobre o Crescer na Web eu sabia que teria grandes desafios, entre eles, passar para o papel (ok, para a tela) o conhecimento que adquiri nessa minha jornada no mundo tecnol&oacute;gico, mundo este que me fascina desde muito novo diga-se de passagem .Chamo essa tarefa de desafio porque portugu&ecirc;s&nbsp;sempre foi&nbsp;umas da mat&eacute;rias que mais me assustavam e espero que nenhuma professora minha esteja lendo esse artigo agora.<br />\r\n\r\nEscolher um tema para meu primeiro artigo me rendeu pelo menos o fim de semana inteiro, s&atilde;o tantos assuntos interessantes que quero trazer para voc&ecirc;s que fiquei louco, mas quando decidi mexer no Wordpress, a inspira&ccedil;&atilde;o veio como um flecha.<br />\r\n<br />\r\nBem, chega de hist&oacute;ria e vamos ao que nos interessa.<br />\r\n<br />\r\nHoje traremos para voc&ecirc;s uma ferramenta mais do que fundamental para o sucesso de seu site ou blog desenvolvido em Wordpress, os Plugins de SEO.<br />\r\n<br />\r\n<strong>Antes de mais nada, o que &eacute; SEO?</strong><br />\r\n<br />\r\nSEO&nbsp;significa&nbsp;Search Engine Optimization&nbsp;ou&nbsp;Otimiza&ccedil;&atilde;o para Buscas. Com&nbsp;os mecanismos dos sites de busca como google, yahoo e tantos outro, surgiram as &nbsp;t&eacute;cnicas de SEO, que nada mais s&atilde;o do que a&nbsp;otimiza&ccedil;&atilde;o de p&aacute;ginas para melhor compreens&atilde;o das ferramentas de busca. Em um futuro n&atilde;o t&atilde;o distante assim, o Crescer na Web ira tratar do assunto SEO de forma mais completa, o intuito agora &eacute; que voc&ecirc;s conhe&ccedil;am plugins que far&atilde;o esse servi&ccedil;o de forma eficiente e sem dores de cabe&ccedil;a.<br />\r\n&nbsp;&nbsp;&nbsp;&nbsp;&nbsp;&nbsp;&nbsp;&nbsp;<br />\r\nSites constru&iacute;dos com um SEO&nbsp;bem preparado tendem a ter maior&nbsp;relev&acirc;ncia nos resultados de buscas, aumentando assim sua&nbsp;visibilidade&nbsp;e a&nbsp;probabilidade de acessos, justamente por esse motivo, criei uma lista com os cinco melhores plugins de SEO para Wordpress que tenho certeza que vai ajudar muitos de voc&ecirc;s no desenvolvimento de seus sites e blogs:<br />\r\n<br />\r\n&nbsp;&nbsp;&nbsp;&nbsp;&nbsp;&nbsp;&nbsp;&nbsp;&nbsp;&nbsp;&nbsp;&nbsp;&nbsp;&nbsp;&nbsp; <strong>1# - All in One SEO Pack </strong><br />\r\nEste &eacute; o plugin mais usado entre os mais conhecidos, &eacute; o popstar dos Pugins SEO para Wordpress. Ele permite ao usu&aacute;rio definir &nbsp;fun&ccedil;&otilde;es b&aacute;sicas de SEO, como criar palavra-chave, t&iacute;tulos, meta tags, e uma descri&ccedil;&atilde;o para cada p&aacute;gina ou post do site ou blog. Al&eacute;m disso, provem recursos para evitar a duplica&ccedil;&atilde;o de conte&uacute;do, entre outras caracter&iacute;sticas. Com esse plugin voc&ecirc;s com certeza ir&atilde;o conseguir bons resultados nos motores de busca. O <strong>All in One SEO Pack</strong> conta com uma vers&atilde;o gratuita e a vers&atilde;o pr&oacute;.<br />\r\n<br />\r\n&nbsp;&nbsp;&nbsp;&nbsp;&nbsp;&nbsp;&nbsp;&nbsp;&nbsp;&nbsp;&nbsp;&nbsp;&nbsp;&nbsp;&nbsp; <strong>2# - WordPress SEO By Yoast</strong><br />\r\nOutro excelente plugin, o <strong>SEO By Yoast</strong> permite aos seus usu&aacute;rios rastrearem determinadas palavras-chave em p&aacute;ginas ou posts para ter certeza de que elas foram colocadas em &nbsp;t&iacute;tulos, headres, urls, e etc. Ele ainda oferece uma visualiza&ccedil;&atilde;o de como a sua publica&ccedil;&atilde;o ir&aacute; aparecer nos motores de busca. O melhor de tudo &eacute; que o <strong>WordPress SEO By Yoast </strong>&eacute; totalmente gratuito.<br />\r\n<br />\r\n<strong>&nbsp;&nbsp;&nbsp;&nbsp;&nbsp;&nbsp;&nbsp;&nbsp;&nbsp;&nbsp;&nbsp;&nbsp;&nbsp;&nbsp;&nbsp; #3 - XML sitemaps 2.Google</strong><br />\r\nEsse Plugin permite que seu site ou blog seja indexado no Google e outros motores de busca. Sua principal fun&ccedil;&atilde;o &eacute; criar um arquivo xml com o seu site todo organizado por links. Um sitemap &eacute; simplesmente um&nbsp;mapa completo do seu site, que ir&aacute; mostrar para o google onde buscar as informa&ccedil;&otilde;es, tornando essa busca muito mais r&aacute;pida e precisa, e como o <strong>XML sitemaps 2.Google </strong>permite o uso em paralelo de outro plugin SEO e se eles estiverem bem alinhados, com certeza seu site ter&aacute; uma boa posi&ccedil;&atilde;o nos motores de busca. Ele tamb&eacute;m &eacute; gratuito, podem usar a vontade.<br />\r\n<br />\r\n&nbsp;&nbsp;&nbsp;&nbsp;&nbsp;&nbsp;&nbsp;&nbsp;&nbsp;&nbsp;&nbsp;&nbsp;&nbsp;&nbsp;&nbsp; <strong>#4 - HeadSpace2</strong><br />\r\nEle &eacute; bem parecido com&nbsp;o&nbsp;All in One SEO Pack, tendo sutis diferen&ccedil;as, a principal delas &eacute; que &nbsp;quando voc&ecirc;s escreverem um post, o <strong>HeadSpace2</strong> ir&aacute; sugerir que palavras-chave devem ser utilizadas. Al&eacute;m disso, ele facilita a inser&ccedil;&atilde;o de c&oacute;digo do&nbsp;Google Analytics para suas analises. Este plugin ir&aacute; cuidar de toda a parte do SEO que seu site ou blog precisa. Assim como o All in One SEO Pack, ele tamb&eacute;m pode ser encontrado nas vers&otilde;es gratuita e pr&oacute;.<br />\r\n<br />\r\n<strong>&nbsp;&nbsp;&nbsp;&nbsp;&nbsp;&nbsp;&nbsp;&nbsp;&nbsp;&nbsp;&nbsp;&nbsp;&nbsp;&nbsp;&nbsp; #5 - &nbsp;SEO Ultimate</strong><br />\r\nEsse plugin &eacute; de f&aacute;cil edi&ccedil;&atilde;o de meta descri&ccedil;&atilde;o, ferramentas que podem ajudar a melhorar sua estrat&eacute;gia de vincula&ccedil;&atilde;o ,&nbsp;editor de permalink f&aacute;cil e muito, muito mais. A caracter&iacute;stica mais importante do <strong>Seo Ultimate </strong>&eacute; a capacidade de adicionar Meta descriptions para cada post e cada p&aacute;gina que existe no seu Blog ou site WordPress.&nbsp;Ele ainda traz com um contador de caracteres instalado que ir&aacute; contar quantos caracteres foram utilizados, j&aacute; que a maioria dos motores de busca l&ecirc;em somente os primeiros 140 caracteres da meta description. Esse plugin tamb&eacute;m est&aacute; dispon&iacute;vel em vers&otilde;es gratuitas e pagas.<br />\r\n<br />\r\nEnt&atilde;o &eacute; isso, miss&atilde;o cumprida, o primeiro artigo de nossa coluna de tecnologia est&aacute; escrito e espero que tenha ajudado a voc&ecirc;s. Queridas professoras de portugu&ecirc;s, acho que minha fobia se foi, estou curado, agora vou escrever sem medo de ser feliz.<br />\r\n<br />\r\nSugest&otilde;es, coment&aacute;rios, id&eacute;ias e criticas podem e devem ser enviadas&nbsp; para que possamos melhorar nosso material e saciar da melhor forma poss&iacute;vel o apetite por conhecimento que sabemos que voc&ecirc;s tem.<br />\r\n<br />\r\nForte abra&ccedil;o e at&eacute; nosso pr&oacute;ximo encontro!<br />\r\n<br />\r\n&nbsp;</p>\r\n', 'Os 5 melhores, super, hiper, ulta Plugins SEO para Wordpres. ', '4.jpg', '2016-06-24 22:17:00', 'N', 7, '1', '2016-09-23 20:41:30', '2016-09-27 21:24:16', 41, 1, 'Y', 4, 1, '2016-09-25 15:58:45', 'Revertido a pedido do colunista', 1, '2016-09-27 21:24:16'),
	(30, 6, 1, 1, 'Veja como garantir a integridade de dados de maneira simples, utilizando transações no CakePHP', 'veja-como-garantir-a-integridade-de-dados-de-maneira-simples-utilizando-transacoes-no-cakephp', 'Ol&aacute; pessoal. Como vai? Tudo bem?<br />\r\nNeste artigo irei demonstrar &nbsp;como utilizar <strong>transa&ccedil;&otilde;es </strong>no <strong>CakePHP</strong>.<br />\r\n<br />\r\nMais afinal, o que s&atilde;o <strong>transa&ccedil;&otilde;es</strong>?\r\n<blockquote>As transa&ccedil;&otilde;es s&atilde;o uma seq&uuml;&ecirc;ncia de opera&ccedil;&otilde;es executadas no banco de dados que s&atilde;o tratadas como um bloco &uacute;nico e indivis&iacute;vel.</blockquote>\r\n<br />\r\nTrabalhar com transa&ccedil;&otilde;es &eacute; a <strong>forma correta</strong> de garantir a <strong>integridade dos dados</strong>.<br />\r\n<br />\r\nVamos supor que precis&aacute;ssemos gravar, na mesma opera&ccedil;&atilde;o, dados relacionados em mais de uma tabela. Um situa&ccedil;&atilde;o bem comum em grandes sistemas.<br />\r\n<br />\r\n<strong>Resumidamente, as transa&ccedil;&otilde;es no banco de dados funcionariam da seguinte forma</strong>:<br />\r\n<em>Ap&oacute;s a tentativa de gravar os dados, o sistema verifica se todos os dados foram gravados com sucesso. Caso toda opera&ccedil;&atilde;o tenha ocorrido sem erros, o sistema grava todas as informa&ccedil;&otilde;es (<strong>commit</strong>). Caso exista algum erro, toda a opera&ccedil;&atilde;o &eacute; desfeita (<strong>rollback</strong>)!!</em><br />\r\n<br />\r\n<strong>IMPORTANTE!</strong> Trabalhando com banco de dados MYSQL, as tabelas precisam estar no formato <strong>InnoDb.</strong><br />\r\n<br />\r\nO CakePHP possui um suporte embutido para transa&ccedil;&otilde;es. Para utilizar uma transa&ccedil;&atilde;o em seu <strong><em>controller</em></strong>, voc&ecirc; utilizar&aacute; os seguintes comandos:\r\n\r\n<pre>\r\n<code class="language-php">// Obtém uma referência a um objeto DataSource\r\n$datasource = $this-&gt;NomedoModel-&gt;getDataSource();\r\n\r\n//Inicia a transação\r\n$datasource-&gt;begin();\r\n\r\n//Efetiva e finaliza a transação no banco de dados\r\n$dataSource-&gt;commit();\r\n\r\n//Aborta e desfaz toda a transação impedindo que qualquer operação da transação seja efetivado\r\n$datasource-&gt;rollback();\r\n</code></pre>\r\n\r\n<p><br />\r\nSegue abaixo, uma <strong>EXEMPLO</strong> de utiliza&ccedil;&atilde;o:<br />\r\nFuncionariosController.php</p>\r\n\r\n<pre>\r\n<code class="language-php">$datasource = $this-&gt;Funcionario-&gt;getDataSource();\r\ntry{\r\n    $datasource-&gt;begin();\r\n    //Gravando os dados do funcionário\r\n    if(!$this-&gt;Funcionario-&gt;save($dadosDofuncionario))\r\n        throw new Exception();\r\n\r\n    //Gravando os dados da jornada do funcionário\r\n    if(!$this-&gt;Jornada-&gt;save($dadosDaJornada))\r\n        throw new Exception();\r\n\r\n    //Caso não exista erros, o sistema grava os dados nas tabelas\r\n    $datasource-&gt;commit();\r\n    //Mensagem de sucesso\r\n    $this-&gt;Session-&gt;setFlash(__(\'Mensagem de sucesso\'), \'\', array());\r\n} catch(Exception $e) {\r\n    //Caso exista erros, o sistema desfaz toda a operação\r\n    $datasource-&gt;rollback();\r\n    //Mensagem de erro\r\n    $this-&gt;Session-&gt;setFlash(__(\'Mensagem de erro\'), \'\', array());\r\n}\r\n</code></pre>\r\n<br />\r\n<strong>Obs.: TESTADO EM VERS&Otilde;ES 2.<em>x</em></strong><br />\r\n<br />\r\n&Eacute; isso ai pessoal. Espero que gostem!<br />\r\nAbra&ccedil;os e at&eacute; mais.', 'Operações complexas e seguras no banco de dados, de forma simples, utilizando transações no CakePHP.', '11.jpg', '2016-09-18 20:16:00', 'N', 24, '2', '2016-09-26 09:10:28', '2016-09-27 19:44:22', 1, 1, 'Y', 1, 1, '2016-09-26 09:12:32', 'reverter', 1, '2016-09-26 09:13:29'),
	(31, 6, 1, 1, 'Veja como garantir a integridade de dados de maneira simples, utilizando transações no CakePHP', 'veja-como-garantir-a-integridade-de-dados-de-maneira-simples-utilizando-transacoes-no-cakephp', 'Ol&aacute; pessoal. Como vai? Tudo bem?<br />\r\nNeste artigo irei demonstrar &nbsp;como utilizar <strong>transa&ccedil;&otilde;es </strong>no <strong>CakePHP</strong>.<br />\r\n<br />\r\nMais afinal, o que s&atilde;o <strong>transa&ccedil;&otilde;es</strong>?\r\n<blockquote>As transa&ccedil;&otilde;es s&atilde;o uma seq&uuml;&ecirc;ncia de opera&ccedil;&otilde;es executadas no banco de dados que s&atilde;o tratadas como um bloco &uacute;nico e indivis&iacute;vel.</blockquote>\r\n<br />\r\nTrabalhar com transa&ccedil;&otilde;es &eacute; a <strong>forma correta</strong> de garantir a <strong>integridade dos dados</strong>.<br />\r\n<br />\r\nVamos supor que precis&aacute;ssemos gravar, na mesma opera&ccedil;&atilde;o, dados relacionados em mais de uma tabela. Um situa&ccedil;&atilde;o bem comum em grandes sistemas.<br />\r\n<br />\r\n<strong>Resumidamente, as transa&ccedil;&otilde;es no banco de dados funcionariam da seguinte forma</strong>:<br />\r\n<em>Ap&oacute;s a tentativa de gravar os dados, o sistema verifica se todos os dados foram gravados com sucesso. Caso toda opera&ccedil;&atilde;o tenha ocorrido sem erros, o sistema grava todas as informa&ccedil;&otilde;es (<strong>commit</strong>). Caso exista algum erro, toda a opera&ccedil;&atilde;o &eacute; desfeita (<strong>rollback</strong>)!!</em><br />\r\n<br />\r\n<strong>IMPORTANTE!</strong> Trabalhando com banco de dados MYSQL, as tabelas precisam estar no formato <strong>InnoDb.</strong><br />\r\n<br />\r\nO CakePHP possui um suporte embutido para transa&ccedil;&otilde;es. Para utilizar uma transa&ccedil;&atilde;o em seu <strong><em>controller</em></strong>, voc&ecirc; utilizar&aacute; os seguintes comandos:\r\n\r\n<pre>\r\n<code class="language-php">// Obtém uma referência a um objeto DataSource\r\n$datasource = $this-&gt;NomedoModel-&gt;getDataSource();\r\n\r\n//Inicia a transação\r\n$datasource-&gt;begin();\r\n\r\n//Efetiva e finaliza a transação no banco de dados\r\n$dataSource-&gt;commit();\r\n\r\n//Aborta e desfaz toda a transação impedindo que qualquer operação da transação seja efetivado\r\n$datasource-&gt;rollback();\r\n</code></pre>\r\n\r\n<p><br />\r\nSegue abaixo, uma <strong>EXEMPLO</strong> de utiliza&ccedil;&atilde;o:<br />\r\nFuncionariosController.php</p>\r\n\r\n<pre>\r\n<code class="language-php">$datasource = $this-&gt;Funcionario-&gt;getDataSource();\r\ntry{\r\n    $datasource-&gt;begin();\r\n    //Gravando os dados do funcionário\r\n    if(!$this-&gt;Funcionario-&gt;save($dadosDofuncionario))\r\n        throw new Exception();\r\n\r\n    //Gravando os dados da jornada do funcionário\r\n    if(!$this-&gt;Jornada-&gt;save($dadosDaJornada))\r\n        throw new Exception();\r\n\r\n    //Caso não exista erros, o sistema grava os dados nas tabelas\r\n    $datasource-&gt;commit();\r\n    //Mensagem de sucesso\r\n    $this-&gt;Session-&gt;setFlash(__(\'Mensagem de sucesso\'), \'\', array());\r\n} catch(Exception $e) {\r\n    //Caso exista erros, o sistema desfaz toda a operação\r\n    $datasource-&gt;rollback();\r\n    //Mensagem de erro\r\n    $this-&gt;Session-&gt;setFlash(__(\'Mensagem de erro\'), \'\', array());\r\n}\r\n</code></pre>\r\n<br />\r\n<strong>Obs.: TESTADO EM VERS&Otilde;ES 2.<em>x</em></strong><br />\r\n<br />\r\n&Eacute; isso ai pessoal. Espero que gostem!<br />\r\nAbra&ccedil;os e at&eacute; mais.', 'Operações complexas e seguras no banco de dados, de forma simples, utilizando transações no CakePHP.', '11.jpg', '2016-09-18 20:16:00', 'N', 25, '1', '2016-09-26 09:13:53', '2016-09-27 19:44:30', 1, 1, 'Y', 2, 1, '2016-09-26 09:23:31', 'tete', 1, '2016-09-27 09:28:40'),
	(32, 5, 43, 63, 'TRANSFORME SUA LOGÍSTICA NO E-COMMERCE EM VANTAGEM COMPETITIVA', 'transforme-sua-logistica-no-e-commerce-em-vantagem-competitiva', '<img alt="" src="http://www.crescernaweb.com.br/webroot/img/img_editor/17e62166fc8586dfa4d1bc0e1742c08b/images/Logistica%20no%20ecommerce2.jpg" style="float:left; height:248px; width:300px" />TRANSFORME SUA LOG&Iacute;STICA NO E-COMMERCE EM VANTAGEM COMPETITIVA<br />\r\n&nbsp;<br />\r\nCaro amigo do Crescer na WEB, j&aacute; vislumbrou que sua loja virtual necessita de uma presta&ccedil;&atilde;o de servi&ccedil;o log&iacute;stico com credibilidade, informa&ccedil;&otilde;es confi&aacute;veis para a entrega de seus produtos at&eacute; o cliente final com prazos bem definidos. Temos que ter um plano de a&ccedil;&atilde;o bem desenhado quanto aos processos log&iacute;sticos dentro do projeto. Isso vai alem de apenas entrega de produtos, pois a log&iacute;stica do e-commerce tem suas peculiaridades.<br />\r\nO QUE &Eacute; LOG&Iacute;STICA:<br />\r\nPodemos Definir de forma resumida que log&iacute;stica &eacute; como arte do planejamento e execu&ccedil;&atilde;o de projetos, muito utilizado na &aacute;rea militar em guerras para distribui&ccedil;&atilde;o e aloca&ccedil;&atilde;o de pessoas e equipamentos ib&eacute;ricos. Basicamente, &eacute; a gest&atilde;o da cadeia de suprimentos de ponto a ponto.<br />\r\nO QUE &Eacute; ECOMMERCE:<br />\r\nDo termo em ingl&ecirc;s <em>Eletronic Commerce</em>, que significa em portugu&ecirc;s Comercio Eletr&ocirc;nico. &Eacute; um modelo de comercio via web com a utiliza&ccedil;&atilde;o dos mais diversos tipos de dispositivos, onde ocorrem transa&ccedil;&otilde;es de compra e vendas de bens tang&iacute;veis e intang&iacute;veis.<br />\r\nEXPECTATIVAS DO CLIENTE:<br />\r\nNeste ponto do empreendimento, Voc&ecirc; o Empreendedor digital ou Startup j&aacute; atra&iacute;ram alguns clientes para o seu funil de vendas e agora, como, distribuir e otimizar com seguran&ccedil;a o pedido de seu cliente, agu&ccedil;ando a percep&ccedil;&atilde;o de entrega de valor , sim &eacute; isso que entendeu, o cliente entende o servi&ccedil;o como algo maior que apenas uma compra e venda de produto ou <em>B2C</em>. Talvez esteja esperando um presente como: uma replica dos Castelos de <em>Game of Thronos, um livro de log&iacute;stica no E-commerce ou uma pr&oacute;tese mec&acirc;nica que tanto sonhou, ent&atilde;o seu negocio digital n&atilde;o pode destruir as expectativas do seu consumidor.</em><br />\r\nPara seu empreendimento ganhar consist&ecirc;ncia na log&iacute;stica do e-commerce segue dicas para Crescer na Web.<br />\r\n&nbsp;<br />\r\n8 DICAS VALIOSAS PARA UMA EFICAZ LOG&Iacute;STICA NO E-COMMERCE<br />\r\n&nbsp;<br />\r\n1 - PLANEJAMENTO E CONTROLE: Sua loja virtual esta preparada para expandir mercado? Seu <strong>Plano de negocio </strong>contempla uma log&iacute;stica equilibrada entre seu negocio, fornecedores, transportadoras, correios ou seu Marketplace. Para controle a log&iacute;stica j&aacute; disp&otilde;e de v&aacute;rias ferramentas e t&eacute;cnicas como: KPI (Key Performance Indicator&nbsp; ou indicadores chave de Desempenho) ou SLA (acordo de N&iacute;vel de servi&ccedil;o) muito utilizado em grandes empresas.<br />\r\n2 &ndash; ESTOQUE: Independente de seu estoque ser pequeno ou grande a sua preocupa&ccedil;&atilde;o tem que ser a mesma, se seu sistema ERP est&aacute; integrado com distribuidoras ou Marketplace, se esta alocando os produtos de forma correta evitando, assim avarias, se a embalagem adequada tanto para o transporte quando para os clientes.<br />\r\nCaso trabalhe com estoque virtual diretamente do fornecedor a confiabilidade das informa&ccedil;&otilde;es tem que ser total, para isso o uso de um bom sistema &eacute; indispens&aacute;vel.<br />\r\n3 &ndash; TERCEIRIZA&Ccedil;&Atilde;O DA COLETA / ENTREGA: seu plano de negocio n&atilde;o concebe transporte direto ao cliente, ent&atilde;o, no m&iacute;nimo dever&aacute; se cerca de informa&ccedil;&otilde;es de transportadoras, valores de frete, cubagem, rotas e prazos de entregas. Se sua loja virtual utiliza um Marketplace, ent&atilde;o fa&ccedil;a um estudo apurado de benchmarking, pois voc&ecirc; quer o melhor parceiro poss&iacute;vel da coleta at&eacute; entrega dos pedidos.<br />\r\n4 &ndash; FRETE GRATIS &Eacute; A MELHOR OP&Ccedil;&Atilde;O: sem d&uacute;vida um dos momentos mais dif&iacute;ceis tanto para quem vende ou quem compra no e-commerce &eacute; o pre&ccedil;o do frete. Pois precificar o servi&ccedil;o n&atilde;o &eacute; algo f&aacute;cil e seu desempenho influencia no preenchimento do carrinho. Frete gr&aacute;tis pode chamar aten&ccedil;&atilde;o do cliente, por&eacute;m mal calculado pode ser o gargalho log&iacute;stico de seu empreendimento. Lembrando na maioria das lojas virtuais o frete &eacute; o pen&uacute;ltimo passo antes de fechar a venda, Para isso pesquise c&aacute;lculos de fretes online, correios, startups de log&iacute;stica, gateway de fretes e blogs sobre o assunto, e vamos CRESCER NA WEB.<br />\r\n5 &ndash; PRAZO DE ENTREGA: sua distribui&ccedil;&atilde;o organizada e eficaz poder&aacute; ser uma vantagem competitiva aos olhos de seus clientes perante aos correntes, independente do tipo de distribui&ccedil;&atilde;o utilizada. N&atilde;o prometa aquilo que n&atilde;o possa cumprir, se ofereceu um produto com o prazo de entrega curt&iacute;ssimo a chance de dar errado &eacute; imensa, ent&atilde;o cumpra os prazos de acordo sua capacidade e de seus parceiros na distribui&ccedil;&atilde;o. Para tal ser&aacute; necess&aacute;ria uma equipe qualifica para atendimento (<em>Back-Office</em>). N&atilde;o se esque&ccedil;a que prazo de entrega influencia para tomada de decis&atilde;o na compra de seu cliente e tamb&eacute;m pode gerar recorr&ecirc;ncia, ent&atilde;o coloque dois dias a mais dependendo da localidade.<br />\r\n6 - RASTREAMENTO: A confian&ccedil;a do cliente cresce sempre que o mesmo obt&eacute;m respostas diretas sobre seus pedidos, rastrear o pedido em tempo real na loja virtual, Marketplace ou transportadora &eacute; um servi&ccedil;o indispens&aacute;vel no e-commerce. Junto ao prazo coerente evitando insatisfa&ccedil;&atilde;o do cliente, reclama&ccedil;&otilde;es em seu atendimento, posts negativos em redes sociais e PROCON e RECLAMEAQUI.<br />\r\n7 &ndash; LOG&Iacute;STICA RESERVA DO E-COMMERCE: A log&iacute;stica reversa pode ser outra vantagem competitiva se for bem alinhada no planejamento log&iacute;stico do seu empreendimento. Pois &eacute; muito comum trocas ou devolu&ccedil;&otilde;es de produtos adquiridos via lojas virtuais. Com isso, o seu atendimento em conjunto ao setor log&iacute;stico dever&aacute; responder de forma r&aacute;pida as necessidades dos clientes, sendo o caso de coletar o produto na casa do cliente ou informar de forma r&aacute;pida e precisa como a entrega ou troca dever&aacute; ocorrer.<br />\r\n8 &ndash; RECORRENCIA: O constante aperfei&ccedil;oamento da log&iacute;stica requer um esfor&ccedil;o grande de todos envolvidos no processo para a satisfa&ccedil;&atilde;o do cliente, mas n&atilde;o se faz apenas s&oacute; com um bom produto, como citado anteriormente tamb&eacute;m adicionando valores na percep&ccedil;&atilde;o do cliente.<br />\r\n<br />\r\nRelacionar tais pontos n&atilde;o &eacute; f&aacute;cil, por&eacute;m os resultados trazem uma grande Vantagem Competitiva para empresa ou para o conhecimento individual, pois requer horas de pesquisas e dedica&ccedil;&atilde;o, mas voc&ecirc; n&atilde;o esta mais na in&eacute;rcia, ent&atilde;o bom trabalho e conte com o crescer na web para esse desafio.<br />\r\nAgora sim! Vamos juntos Crescer na Web.<br />\r\n&nbsp;', 'O artigo transforme sua logística no e-commerce em vantagem competitiva, mostra dicas importantes para negócios digitais quanto a gestão logística.  ', '11.jpg', '2016-06-06 09:40:00', 'N', 13, '1', '2016-09-26 13:10:06', '2016-09-28 21:25:02', 43, 43, 'Y', 2, 43, '2016-09-26 16:57:54', 'teste de anuncio', 43, '2016-09-27 17:02:57'),
	(33, 5, 43, 63, 'Entenda seu Modelo de Negócios Usando plano de Negócios, Canvas e Pitch Deck', 'Entenda-seu-modelo-de-negócios-usando-plano-de-negocios-canvas-e-pitch-deck', '<div><strong><img alt="" src="http://www.crescernaweb.com.br/webroot/img/img_editor/17e62166fc8586dfa4d1bc0e1742c08b/images/Modelo_de_NegocioS2.jpg" style="float:left; height:214px; width:300px" />Entenda seu Modelo de Neg&oacute;cios usando Plano de Neg&oacute;cios, Canvas e Pitch </strong></div>\r\nEsse artigo &eacute; para voc&ecirc; leitor que adora compartilhar o conhecimento e &eacute; entusiasta em Gest&atilde;o e Empreendedorismo. Ent&atilde;o, Eu e o Crescer na Web, preparamos algumas dicas para come&ccedil;ar a fundamentar seus insights em um modelo de neg&oacute;cio.<br />\r\nVamos come&ccedil;ar da forma mais direta poss&iacute;vel, esclarecendo uma das principais d&uacute;vidas de estudantes em diferentes &aacute;reas e novos empreendedores.<br />\r\nQual a diferen&ccedil;a entre Modelo de Neg&oacute;cios e Plano de Neg&oacute;cios<br />\r\nR: O Modelo de neg&oacute;cios &eacute; a l&oacute;gica descrita sobre o empreendimento e suas rela&ccedil;&otilde;es sist&ecirc;micas. J&aacute; o plano de negocio se consiste em relacionar os detalhes dessa intera&ccedil;&atilde;o, com proposta de valor, Metas bem definidas, An&aacute;lise de Custos, Tecnologias e Caracter&iacute;sticas da Equipe.<br />\r\nEntenda agora como elaborar seu modelo de:\r\n<ul>\r\n	<li>Plano de Neg&oacute;cio<br />\r\n	Canvas<br />\r\n	Pitch Deck</li>\r\n</ul>\r\n&nbsp;<br />\r\n<strong>1) PLANO DE NEGOCIO</strong><br />\r\nO QUE &Eacute;: Basicamente o plano de neg&oacute;cios &eacute; um documento de planejamento contendo vari&aacute;veis que viabiliza a estrat&eacute;gia e minimiza risco do empreendimento.<br />\r\nOBJETIVOS:<br />\r\n1&ordm; Organizar e orientar o empreendedor a elaborar estrat&eacute;gias que auxiliam nas tomadas de decis&atilde;o e para orienta&ccedil;&atilde;o de oportunidades e riscos.<br />\r\n2&ordm; Apresenta&ccedil;&atilde;o estruturada do negocio para futuros investidores, s&oacute;cios ou parceiros comerciais.<br />\r\nESTRUTURA: A estrutura pode mudar por n&atilde;o possui um padr&atilde;o definido, mas as principais caracter&iacute;sticas seguem de acordo com o senso comum, segue exemplos abaixo:<br />\r\n<strong>Sumario Executivo:</strong> um dos pontos mais dif&iacute;ceis da elabora&ccedil;&atilde;o do plano, pois dever&aacute; conter as informa&ccedil;&otilde;es cruciais comunicar com o publico alvo qual a sua estrat&eacute;gia de negocio, miss&atilde;o, vis&atilde;o e valores.<br />\r\n<strong>Empresa:</strong> descreve o hist&oacute;rico, estrutura organizacional, localidade e parceiros.<br />\r\n<strong>Tipo de Negocio: </strong>Relaciona os Produtos/Servi&ccedil;os e caracter&iacute;sticas de produ&ccedil;&atilde;o<br />\r\n<strong>Mercado</strong>: nesse ponto ocorre a analise interna sobre a produ&ccedil;&atilde;o e demanda e externa com os &iacute;ndices sobre o perfil dos clientes, canal de segmenta&ccedil;&atilde;o, vis&atilde;o sobre concorr&ecirc;ncia e riscos.<br />\r\n<strong>Financeiro:</strong> Apresenta&ccedil;&atilde;o de valores em balan&ccedil;o, DRE, fluxo de Caixa, investimentos, &iacute;ndice de Liquidez Liquida e corrente, Prazo de retorno sobre investimentos e outros.<br />\r\n<strong>Marketing: </strong>Basicamente os 4ps do Marketing (Produto, Pre&ccedil;o, Pra&ccedil;a e Promo&ccedil;&atilde;o).<br />\r\n<strong>Log&iacute;stica:</strong> Estoque, fornecedor, transporte, Giro em estoque, Canal de distribui&ccedil;&atilde;o, posicionamento geogr&aacute;fico.<br />\r\nPara mais detalhes fa&ccedil;a o DOWNLOAD do nosso exemplo de <strong><em>Business Plan</em>. </strong><br />\r\nAgora que voc&ecirc; j&aacute; possui um conhecimento b&aacute;sico para come&ccedil;ar a estruturar seu <em>insight</em>, vamos a outras formas de organizar.<br />\r\n&nbsp;<br />\r\n<strong>2) CANVAS </strong><br />\r\nO QUE &Eacute;: <em>Business Model Canv</em>as &eacute; uma ferramenta de planejamento estrat&eacute;gico, onde ser&aacute; ilustrada a estrutura do seu plano de negocio.<br />\r\nOBJETIVO: Mapear e ilustrar de forma clara os principais pontos de um plano de negocio de forma &uacute;nica em um modelo coorporativo. Trata-se de uma ferramenta pratica e muito experimenta &oacute;timo para voc&ecirc; come&ccedil;ar a se sistematizar suas id&eacute;ias.<br />\r\nESTRUTURA: Cont&eacute;m Nove Quadros:\r\n<ol>\r\n	<li>Proposta de Valor<br />\r\n	Segmento de Clientes:<br />\r\n	Relacionamentos com clientes:<br />\r\n	Atividade &ndash; chave:<br />\r\n	Recursos Principais:<br />\r\n	Parcerias Principais:<br />\r\n	Fontes de receita:<br />\r\n	Estrutura de custos:</li>\r\n</ol>\r\nVantagens:<br />\r\n&nbsp;&nbsp;&nbsp;&nbsp;&nbsp;&nbsp;&nbsp;&nbsp;&nbsp;&nbsp;&nbsp; Redu&ccedil;&atilde;o de tempo e recursos, f&aacute;cil elabora&ccedil;&atilde;o.<br />\r\n&nbsp;&nbsp;&nbsp;&nbsp;&nbsp;&nbsp;&nbsp;&nbsp;&nbsp;&nbsp;&nbsp; Estruturado em quadros geram um comunica&ccedil;&atilde;o pr&aacute;tica,<br />\r\n&nbsp;&nbsp;&nbsp;&nbsp;&nbsp;&nbsp;&nbsp;&nbsp;&nbsp;&nbsp;&nbsp; F&aacute;cil acesso, n&atilde;o burocr&aacute;tico, Distribu&iacute;do em v&aacute;rias m&iacute;dias na web.<br />\r\n&nbsp;&nbsp;&nbsp;&nbsp;&nbsp;&nbsp;&nbsp;&nbsp;&nbsp;&nbsp;&nbsp; Visual de F&aacute;cil apresenta&ccedil;&atilde;o para investidores<br />\r\n&nbsp;&nbsp;&nbsp;&nbsp;&nbsp;&nbsp;&nbsp;&nbsp;&nbsp;&nbsp;&nbsp; Modelo estrutural &uacute;nico<br />\r\nDesvantagens:<br />\r\n&nbsp;&nbsp;&nbsp;&nbsp;&nbsp;&nbsp;&nbsp;&nbsp;&nbsp;&nbsp;&nbsp; Analise superficial de riscos e controles<br />\r\n&nbsp;&nbsp;&nbsp;&nbsp;&nbsp;&nbsp;&nbsp;&nbsp;&nbsp;&nbsp;&nbsp; Vis&atilde;o macro falta detalhamento de processos internos e externos<br />\r\n&nbsp;&nbsp;&nbsp;&nbsp;&nbsp;&nbsp;&nbsp;&nbsp;&nbsp;&nbsp;&nbsp; Documenta&ccedil;&atilde;o superficial e custos poucos detalhados<br />\r\nFa&ccedil;a agora o download do <strong><em>Modelo Canvas business</em></strong> e tire suas d&uacute;vidas!&nbsp;&nbsp;&nbsp;&nbsp;&nbsp;&nbsp;&nbsp;<br />\r\n&nbsp;<br />\r\nSegue uma lista de ferramentas que poder&aacute; encontrar na web para elabora&ccedil;&atilde;o do seu plano de negocio.\r\n<ul>\r\n	<li>Business Model Designer &ndash; Acesso a explorar, projetar e inovar novos planos<br />\r\n	Strategyzer - Possui v&aacute;rios modelos de Canvas e v&iacute;deos.<br />\r\n	Launch Pad &ndash; Plataforma de valida&ccedil;&atilde;o de modelos de neg&oacute;cios<br />\r\n	Canvanizer &ndash; Cont&eacute;m&nbsp; v&aacute;rios Modelos estruturados</li>\r\n</ul>\r\nE Agora, j&aacute; e poss&iacute;vel come&ccedil;ar a planejar?<br />\r\n<strong>Dica:</strong> Outro caminho &eacute; utilizar um quadro branco para desenhar o Canvas e pegar os famosos blocos auto-adesivos &ldquo;<em>Post it</em>&rdquo; e come&ccedil;ar a colar no Canvas, muito utilizado em Startups para sistematizar os conceitos e estrat&eacute;gias com a equipe.<br />\r\n3) Estrutura de Pitch Deck<br />\r\nO QUE &Eacute;: Pitch &eacute; uma forma de venda, j&aacute; o Pitch Deck &eacute; uma apresenta&ccedil;&atilde;o em slides.<br />\r\nOBJETIVO: Apresentar uma breve descri&ccedil;&atilde;o do problema a solucionar e a descri&ccedil;&atilde;o da solu&ccedil;&atilde;o dos problemas dos clientes.<br />\r\nPreparado para apresentar seu plano de negocio para um investidor em 30 segundos?<br />\r\nUma solu&ccedil;&atilde;o &eacute; organizar com Pitch Deck.<br />\r\nESTRUTURA: A quantidade de slides pode mudar de acordo com a ocasi&atilde;o, variando entre 5 e 10 Slides e o tempo de 30 segundos a 15 minutos.\r\n<ol>\r\n	<li>Apresenta&ccedil;&atilde;o e tema<br />\r\n	Problema ou Oportunidade<br />\r\n	Solu&ccedil;&atilde;o e Questionamentos:<br />\r\n	Amostra do produto / Servi&ccedil;o<br />\r\n	Diferencial competitivo<br />\r\n	Business Model (Modelo de Neg&oacute;cio)<br />\r\n	Stakeholders<br />\r\n	Plano de A&ccedil;&atilde;o, Financeiro e Marketing<br />\r\n	Equipe e especialidades</li>\r\n</ol>\r\n&nbsp;<br />\r\nDica: para criar sua apresenta&ccedil;&atilde;o segue uma pequena lista dos programas mais utilizados:<br />\r\n<em>Impress</em><br />\r\n<em>Power point</em><br />\r\n<em>Prezi</em><br />\r\n<em>Sliderocket</em><br />\r\n<em>Acrobat presentation</em><br />\r\n<em>Google Docs</em><br />\r\n&nbsp;<br />\r\nEnt&atilde;o, Agora que o conhecimento foi compartilhado e sua chance de sucesso potencializada defenda seu modelo de neg&oacute;cios com &ecirc;nfase no seu diferencial competitivo e tratando as necessidades do cliente com a melhor qualidade poss&iacute;vel.<br />\r\nAbra&ccedil;os.<br />\r\n&nbsp;<br />\r\n&nbsp;', 'Objetivo e esclarecer dúvidas de estudantes e empreendedores sobre modelo de negócios e suas modelagens em plano de negócios, Canvas e Pitch Deck.\r\n', '14.jpg', '2016-07-06 15:23:00', 'N', 14, '1', '2016-09-26 13:54:23', '2016-09-28 21:25:15', 43, 43, 'Y', 4, 43, '2016-09-26 17:05:22', 'REALIZAR ALTERAÇÕES', 43, '2016-09-27 13:27:28'),
	(34, 6, 41, 61, 'O que você precisa saber antes de criar seu site!', 'o-que-voce-precisa-saber-antes-de-criar-seu-site', '<img alt="" src="http://www.crescernaweb.com.br/teste/webroot/img/img_editor/3416a75f4cea9109507cacd8e2f2aefc/images/checklist.jpg" style="float:left; height:198px; width:300px" />Salve amigos&nbsp; do Crescer na Web, estamos no segundo artigo do nosso caderno de tecnologia e se voc&ecirc; j&aacute; leu o primeiro e voltou para ler o segundo &eacute; sinal de que meu esfor&ccedil;o n&atilde;o foi em v&atilde;o. Agora,&nbsp; se voc&ecirc; est&aacute; aqui pela primeira vez, seja bem vindo ao CnW.<br />\r\n<br />\r\n&nbsp;Ajeitem suas cadeiras porque l&aacute; vem mais informa&ccedil;&atilde;o.<br />\r\n<br />\r\nEu me lembro que em 1900 e guaran&aacute; de rolha, o profissional ou empresa que n&atilde;o tinha um telefone estava fora da brincadeira. Passou um tempo e isso foi mudando, quem n&atilde;o tivesse um &nbsp;computador&nbsp; e&nbsp; e-mail j&aacute; estava ultrapassado .<br />\r\n<br />\r\n&nbsp;Hoje, se voc&ecirc; ou sua empresa n&atilde;o tem um site, com toda certeza pode estar perdendo uma grande chance de crescer. Os sites s&atilde;o sem duvida nenhuma uma das formas mais efetivas de divulgar as &nbsp;atividades de um profissional ou empresa e conseq&uuml;entemente &nbsp;fomentar o crescimento&nbsp; e sua lucratividade.<br />\r\nDai, essa &eacute; a hora que voc&ecirc; deve estar euf&oacute;rico e falando:<br />\r\n- &quot;T&aacute;, ent&atilde;o vou fazer um site agora e bombar na internet.&quot;<br />\r\nEspera ai, muita calma nessa hora jovem padawan! Voc&ecirc; precisa antes de mais nada, organizar o que voc&ecirc; quer e o que precisa para o seu site, esse &eacute; o momento essencial e talvez o mais complexo no desenvolvimento de um site de sucesso. Mas, como a id&eacute;ia do Crescer na Web &eacute; ajudar voc&ecirc;s, esse jovem (nem tanto assim) colunista ir&aacute; trazer a luz no fim do t&uacute;nel, em um magn&iacute;fico e fundamental Check List de o que voc&ecirc; deve fazer antes de criar um site.<br />\r\n&nbsp;<br />\r\n<strong>#1 - Quem eu quero alcan&ccedil;ar com o meu site?</strong><br />\r\nAntes de qualquer coisa, &nbsp;&eacute; preciso identificar qual &eacute; o seu publico alvo, o seu consumidor final, aquela pessoa que vai ver o seu produto e servi&ccedil;o e diz &quot; Cala a boca e toma aqui o meu dinheiro&quot;, para isso, pense sempre em para quem voc&ecirc; dirige o conte&uacute;do do seu site.&nbsp;<br />\r\n<br />\r\n<strong># 2 - Qual o objetivo do seu site?</strong><br />\r\nEsse passo serve pra te ajudar a entender as necessidades t&eacute;cnicas e a o conteudo que voc&ecirc; voc&ecirc; vai querer que seu site transmita. Por exemplo, se voc&ecirc; tem uma confeitaria, com toda certeza voc&ecirc; ir&aacute; precisar de uma galeria com fotos dos seus produtos e se voc&ecirc; trabalha com delivery, dever&aacute; adicionar um carrinho de compras em seu site. &nbsp;Se o voc&ecirc; &eacute; um profissional na &aacute;rea da m&uacute;sica e do show business, ir&aacute; precisar de players para que seu publico alvo possa ouvir trechos de suas musicas, e quem sabe at&eacute; de players de v&iacute;deo e uma agenda caso realize shows.<br />\r\n<br />\r\n<strong># 3 - Inspira&ccedil;&atilde;o.</strong><br />\r\nN&atilde;o tenha pressa, ela &eacute; a inimiga da perfei&ccedil;&atilde;o e um pedra no sapato de quem espera retorno de um Website,gaste um bom tempo pesquisando sites de concorrentes, isso n&atilde;o &eacute; vergonhoso e vai fazer com que voc&ecirc; tenha uma id&eacute;ia de o que eles tem de positivo, coloque-se no lugar dos seus clientes. Com isto voc&ecirc; ter&aacute; uma id&eacute;ia mais consistente de como deseja que seu site seja e refer&ecirc;ncias para dar mais dire&ccedil;&atilde;o a cria&ccedil;&atilde;o do seu site.<br />\r\n<br />\r\n<strong>#4 - Escolha um bom dom&iacute;nio para seu site.</strong><br />\r\nEscolher um nome pro seu site &eacute; muito importante, e quanto mais curto e simples for, melhor. Uma boa dica &eacute; usar o planejador de palavras chaves do google, aquele que falei para voc&ecirc;s no nosso primeiro artigo. Dom&iacute;nios longos e complicados (paralelepipedospindamonhangaba.com.br) podem induzir o cliente ao erro &nbsp;e esse erro pode ser significado de vendas perdidas.<br />\r\nTome muito cuidado com palavras em l&iacute;ngua estrangeira. usemos novamente o exemplo da confeitaria, voc&ecirc; criou o site e resolveu criar o dom&iacute;nio deliciousbreakfast.com.br. &nbsp;Ser&aacute; que seu cliente vai saber escrever corretamente esse dominio? &nbsp;Lembre-se, simplifique sempre!<br />\r\n&nbsp;<br />\r\n<strong>5# - Escolher um host para hospedar o seu site:</strong><br />\r\nDepois de escolher o seu dom&iacute;nio e &nbsp;fazer a contrata&ccedil;&atilde;o dele, t&aacute; na hora de escolher um &nbsp;bom servi&ccedil;o de&nbsp;hospedagem.<br />\r\nUm host de&nbsp;hospedagem&nbsp;de site nada mais &eacute; do um local onde voc&ecirc; ir&aacute; colocar os arquivos de seu site e usar a conex&atilde;o de internet que eles disponibilizam para voc&ecirc;, permitindo que seu publico alvo visite o seu site.Existe diversas caracteristicas &nbsp;que voc&ecirc; deve observar em um servi&ccedil;o de hospedagem. Por&eacute;m, todavia, contudo, como voc&ecirc; est&aacute; no CnW, vai receber de bandeja algumas dicas do que voc&ecirc; deve observar na hora de contratar esse servi&ccedil;o:<br />\r\nObserve se seu host tem suporte para banco de dados MySQL: isso &eacute; importante se voc&ecirc; vai&nbsp;criar um site com o pacote do&nbsp;WordPress e etc. Veja sem ele d&aacute; suporte para PHP, isso &eacute; muito importante se voc&ecirc; vai usar o pacote do&nbsp;Wordpress&nbsp;e outras linguagens para constru&ccedil;&atilde;o de sites din&acirc;micos.<br />\r\nO espa&ccedil;o em disco m&iacute;nimo aceit&aacute;vel &eacute; algo pr&oacute;ximo &agrave; 50 MB. N&atilde;o use servi&ccedil;os que lhe entregarem menos do que isso.<br />\r\nAgora o mais importante a ser observado, o limite de transmiss&atilde;o de dados, nesse caso, como no anterior, a regra &eacute; simples prefira aquele servi&ccedil;o que lhe der mais. O m&iacute;nimo aceit&aacute;vel &eacute; algo em torno de 1 GB.<br />\r\nVeja se ele te d&aacute; um email pr&oacute;prio, n&atilde;o tem nada mais legal do que ter um e-mail profissional com a extens&atilde;o do nome do seu dom&iacute;nio.<br />\r\n<br />\r\nEnt&atilde;o &eacute; isso jovens padawans, espero ter ajudado,&nbsp; em artigos futuros falaremos mais em como desenvolver seu site, em como um bom layout pode interferir no seu crescimento e outras dicas.<br />\r\n<br />\r\nSe voc&ecirc; gostou, &eacute; s&oacute; clicar aqui em baixo e curtir, compartilha se achar interessante que o resto do mundo (exagerado) receba essas dicas, e pode deixar seu coment&aacute;rio, opini&atilde;o, critica e sugest&otilde;es para outros artigos, e n&atilde;o esque&ccedil;a de assinar nossa newsletter para receber artigos fresquinhos.<br />\r\n<br />\r\nAt&eacute; a pr&oacute;xima!<br />\r\n&nbsp;', 'O Checklist fundamental para a criação do seu site.', NULL, '2016-07-10 22:05:00', 'R', 3, '2', '2016-09-26 16:59:00', '2016-09-26 17:08:11', 41, 41, 'Y', 0, NULL, NULL, NULL, NULL, NULL),
	(35, 6, 41, 61, 'O que você precisa saber antes de criar seu site!', 'o-que-voce-precisa-antes-de-criar-seu-site', '<p><img alt="" src="http://www.crescernaweb.com.br/webroot/img/img_editor/3416a75f4cea9109507cacd8e2f2aefc/images/antes_de_criar.jpg" style="float:left; height:248px; width:300px; padding-right: 5px;" />Salve amigos&nbsp; do Crescer na Web, estamos no segundo artigo do nosso caderno de tecnologia e se voc&ecirc; j&aacute; leu o primeiro e voltou para ler o segundo &eacute; sinal de que meu esfor&ccedil;o n&atilde;o foi em v&atilde;o. Agora,&nbsp; se voc&ecirc; est&aacute; aqui pela primeira vez, seja bem vindo ao CnW.<br />\r\n<br />\r\n&nbsp;Ajeitem suas cadeiras porque l&aacute; vem mais informa&ccedil;&atilde;o.<br />\r\n<br />\r\nEu me lembro que em 1900 e guaran&aacute; de rolha, o profissional ou empresa que n&atilde;o tinha um telefone estava fora da brincadeira. Passou um tempo e isso foi mudando, quem n&atilde;o tivesse um &nbsp;computador&nbsp; e&nbsp; e-mail j&aacute; estava ultrapassado .<br />\r\n<br />\r\n&nbsp;Hoje, se voc&ecirc; ou sua empresa n&atilde;o tem um site, com toda certeza pode estar perdendo uma grande chance de crescer. Os sites s&atilde;o sem duvida nenhuma uma das formas mais efetivas de divulgar as &nbsp;atividades de um profissional ou empresa e conseq&uuml;entemente &nbsp;fomentar o crescimento&nbsp; e sua lucratividade.<br />\r\nDai, essa &eacute; a hora que voc&ecirc; deve estar euf&oacute;rico e falando:<br />\r\n- &quot;T&aacute;, ent&atilde;o vou fazer um site agora e bombar na internet.&quot;<br />\r\nEspera ai, muita calma nessa hora jovem padawan! Voc&ecirc; precisa antes de mais nada, organizar o que voc&ecirc; quer e o que precisa para o seu site, esse &eacute; o momento essencial e talvez o mais complexo no desenvolvimento de um site de sucesso. Mas, como a id&eacute;ia do Crescer na Web &eacute; ajudar voc&ecirc;s, esse jovem (nem tanto assim) colunista ir&aacute; trazer a luz no fim do t&uacute;nel, em um magn&iacute;fico e fundamental Check List de o que voc&ecirc; deve fazer antes de criar um site.<br />\r\n&nbsp;<br />\r\n<strong>#1 - Quem eu quero alcan&ccedil;ar com o meu site?</strong><br />\r\nAntes de qualquer coisa, &nbsp;&eacute; preciso identificar qual &eacute; o seu publico alvo, o seu consumidor final, aquela pessoa que vai ver o seu produto e servi&ccedil;o e diz &quot; Cala a boca e toma aqui o meu dinheiro&quot;, para isso, pense sempre em para quem voc&ecirc; dirige o conte&uacute;do do seu site.&nbsp;<br />\r\n<br />\r\n<strong># 2 - Qual o objetivo do seu site?</strong><br />\r\nEsse passo serve pra te ajudar a entender as necessidades t&eacute;cnicas e a o conteudo que voc&ecirc; vai querer que seu site transmita. Por exemplo, se voc&ecirc; tem uma confeitaria, com toda certeza voc&ecirc; ir&aacute; precisar de uma galeria com fotos dos seus produtos e se voc&ecirc; trabalha com delivery, dever&aacute; adicionar um carrinho de compras em seu site. &nbsp;Se o voc&ecirc; &eacute; um profissional na &aacute;rea da m&uacute;sica e do show business, ir&aacute; precisar de players para que seu publico alvo possa ouvir trechos de suas musicas, e quem sabe at&eacute; de players de v&iacute;deo e uma agenda caso realize shows.<br />\r\n<br />\r\n<strong># 3 - Inspira&ccedil;&atilde;o.</strong><br />\r\nN&atilde;o tenha pressa, ela &eacute; a inimiga da perfei&ccedil;&atilde;o e um pedra no sapato de quem espera retorno de um Website. Gaste um bom tempo pesquisando sites de concorrentes, isso n&atilde;o &eacute; vergonhoso e vai fazer com que voc&ecirc; tenha uma id&eacute;ia de o que eles tem de positivo, coloque-se no lugar dos seus clientes. Com isto voc&ecirc; ter&aacute; uma id&eacute;ia mais consistente de como deseja que seu site seja e refer&ecirc;ncias para dar mais dire&ccedil;&atilde;o a cria&ccedil;&atilde;o do seu site.<br />\r\n<br />\r\n<strong>#4 - Escolha um bom dom&iacute;nio para seu site.</strong><br />\r\nEscolher um nome pro seu site &eacute; muito importante, e quanto mais curto e simples for, melhor. Uma boa dica &eacute; usar o planejador de palavras chaves do google, aquele que falei para voc&ecirc;s no nosso primeiro artigo. Dom&iacute;nios longos e complicados (paralelepipedospindamonhangaba.com.br) podem induzir o cliente ao erro &nbsp;e esse erro pode ser significado de vendas perdidas.<br />\r\nTome muito cuidado com palavras em l&iacute;ngua estrangeira. usemos novamente o exemplo da confeitaria, voc&ecirc; criou o site e resolveu criar o dom&iacute;nio deliciousbreakfast.com.br. &nbsp;Ser&aacute; que seu cliente vai saber escrever corretamente esse dominio? &nbsp;Lembre-se, simplifique sempre!<br />\r\n&nbsp;<br />\r\n<strong>5# - Escolher um host para hospedar o seu site:</strong><br />\r\nDepois de escolher o seu dom&iacute;nio e &nbsp;fazer a contrata&ccedil;&atilde;o dele, t&aacute; na hora de escolher um &nbsp;bom servi&ccedil;o de&nbsp;hospedagem.<br />\r\nUm host de&nbsp;hospedagem&nbsp;de site nada mais &eacute; do um local onde voc&ecirc; ir&aacute; colocar os arquivos de seu site e usar a conex&atilde;o de internet que eles disponibilizam para voc&ecirc;, permitindo que seu publico alvo visite o seu site.Existe diversas caracteristicas &nbsp;que voc&ecirc; deve observar em um servi&ccedil;o de hospedagem. Por&eacute;m, todavia, contudo, como voc&ecirc; est&aacute; no CnW, vai receber de bandeja algumas dicas do que voc&ecirc; deve observar na hora de contratar esse servi&ccedil;o:<br />\r\nObserve se seu host tem suporte para banco de dados MySQL: isso &eacute; importante se voc&ecirc; vai&nbsp;criar um site com o pacote do&nbsp;WordPress e etc. Veja sem ele d&aacute; suporte para PHP, isso &eacute; muito importante se voc&ecirc; vai usar o pacote do&nbsp;Wordpress&nbsp;e outras linguagens para constru&ccedil;&atilde;o de sites din&acirc;micos.<br />\r\nO espa&ccedil;o em disco m&iacute;nimo aceit&aacute;vel &eacute; algo pr&oacute;ximo &agrave; 50 MB. N&atilde;o use servi&ccedil;os que lhe entregarem menos do que isso.<br />\r\nAgora o mais importante a ser observado, o limite de transmiss&atilde;o de dados, nesse caso, como no anterior, a regra &eacute; simples prefira aquele servi&ccedil;o que lhe der mais. O m&iacute;nimo aceit&aacute;vel &eacute; algo em torno de 1 GB.<br />\r\nVeja se ele te d&aacute; um email pr&oacute;prio, n&atilde;o tem nada mais legal do que ter um e-mail profissional com a extens&atilde;o do nome do seu dom&iacute;nio.<br />\r\n<br />\r\nEnt&atilde;o &eacute; isso jovens padawans, espero ter ajudado,&nbsp; em artigos futuros falaremos mais em como desenvolver seu site, em como um bom layout pode interferir no seu crescimento e outras dicas.<br />\r\n<br />\r\nSe voc&ecirc; gostou, &eacute; s&oacute; clicar aqui em baixo e curtir, compartilha se achar interessante que o resto do mundo (exagerado) receba essas dicas, e pode deixar seu coment&aacute;rio, opini&atilde;o, critica e sugest&otilde;es para outros artigos, e n&atilde;o esque&ccedil;a de assinar nossa newsletter para receber artigos fresquinhos.<br />\r\n<br />\r\nAt&eacute; a pr&oacute;xima!<br />\r\n&nbsp;</p>\r\n', 'O Checklist fundamental para a criação do seu site.', '3.jpg', '2016-07-10 22:05:00', 'N', 6, '2', '2016-09-26 17:06:31', '2016-09-27 20:42:54', 41, 41, 'Y', 0, NULL, NULL, 'Revisão', 41, '2016-09-27 20:42:54'),
	(36, 6, 41, 61, '7 DICAS DE COMO AUMENTAR AS VENDAS CRIANDO UM SITE PARA A SUA EMPRESA!', '7-dicas-de-como-aumentar-as-vendas-criando-um-site-para-a-sua-empresa', '<img alt="" src="http://www.crescernaweb.com.br/teste/webroot/img/img_editor/3416a75f4cea9109507cacd8e2f2aefc/images/venda-na-internet.jpg" style="float:left; height:207px; width:300px" />Otimizar um site para que ele consiga transformar visitantes em clientes n&atilde;o &eacute; uma tarefa t&atilde;o simples, mas tamb&eacute;m n&atilde;o &eacute; nenhum bicho de sete cabe&ccedil;as. Para conseguir fazer uma boa otimiza&ccedil;&atilde;o e alavancar os resultados do seu neg&oacute;cio, voc&ecirc; precisa seguir alguns passos fundamentais para o sucesso. Para te ajudar a atingir esse objetivo, vamos mostrar os passos que n&oacute;s mesmos demos para transformar nosso site no ativo digital mais importante da nossa empresa. Veja abaixo:<br />\r\n<br />\r\n<strong>1&ordm; passo para Aumentar Vendas: Para quem o seu site vai vender?</strong><br />\r\nO primeiro passo que voc&ecirc; deve levar em considera&ccedil;&atilde;o para otimizar o seu site, &eacute; analisar se ele est&aacute; direcionado para as pessoas que realmente tem interesse em se tornarem seus clientes.<br />\r\n<br />\r\n<strong>2&ordm; passo para Aumentar Vendas: Mensagem clara e objetiva</strong><br />\r\nA primeira coisa que um visitante deve entender quando entrar em qualquer p&aacute;gina do seu site, &eacute; o que voc&ecirc; est&aacute; tentando vender para ele. Qual mensagem voc&ecirc; est&aacute; passando do seu site para os visitantes? Mesmo que voc&ecirc; ache que seu site est&aacute; passando uma mensagem clara e objetiva, pode ser que eles n&atilde;o tenham essa impress&atilde;o.<br />\r\n<br />\r\n<strong>3&ordm; passo para Aumentar Vendas: Site que entrega valor</strong><br />\r\nO processo de compras hoje &eacute; muito diferente de 20 anos atr&aacute;s. Hoje as pessoas navegam por v&aacute;rios sites, tiram d&uacute;vidas, entram em f&oacute;runs, pesquisam conte&uacute;dos sobre os produtos que elas querem comprar, para terem certeza de que est&atilde;o fazendo um bom neg&oacute;cio. Ficou muito mais f&aacute;cil obter informa&ccedil;&atilde;o sobre qualquer tipo de produto. Ent&atilde;o o seu site deve ser um desses lugares que as pessoas v&atilde;o em busca de conhecimento relacionado aos seus produtos ou servi&ccedil;os.<br />\r\n<br />\r\n<strong>4&ordm; passo para Aumentar Vendas: F&aacute;cil navega&ccedil;&atilde;o</strong><br />\r\n&Eacute; uma coisa muito ruim o seu visitante sair do seu site porque ficou confuso e n&atilde;o encontrou o que queria. Um site de f&aacute;cil de navega&ccedil;&atilde;o, com uma navega&ccedil;&atilde;o intuitiva voltada na experi&ecirc;ncia do usu&aacute;rio &eacute; fundamental para passar uma boa impress&atilde;o para os seus visitantes.<br />\r\n<br />\r\n<strong>5&ordm; passo para Aumentar Vendas: N&atilde;o tente vender desesperadamente</strong><br />\r\nA pior coisa que voc&ecirc; pode fazer &eacute; deixar seu site igual aqueles an&uacute;ncios de SPAM. Por favor n&atilde;o fa&ccedil;a isso, o visitante pode at&eacute; achar que o seu site cont&eacute;m v&iacute;rus! Ao inv&eacute;s de tentar passar seus produtos desesperadamente como se estivesse segurando uma bomba, voc&ecirc; deve entregar informa&ccedil;&otilde;es sobre seus produtos ou servi&ccedil;os, sobre como eles podem ajudar o visitante a resolver os seus problemas, tente mostrar todos os benef&iacute;cios que fazem do seu produto ou servi&ccedil;o um diferencial dos outros no mercado.<br />\r\n<br />\r\n<strong>6&ordm; passo para Aumentar Vendas: Tenha um site que passe credibilidade</strong><br />\r\nVoc&ecirc; j&aacute; entrou em um site que o design seja t&atilde;o mal feito que voc&ecirc; n&atilde;o conseguiu continuar navegando? Muitos sites cont&eacute;m problemas como letras pequenas, fontes de dif&iacute;cil leitura, combina&ccedil;&atilde;o de cores que n&atilde;o s&atilde;o boas para os olhos, entre v&aacute;rias outras coisas. O investimento em um design profissional &eacute; uma &oacute;tima op&ccedil;&atilde;o, os designs gr&aacute;ficos podem ajudar em muito a melhorar a convers&atilde;o do seu site, e acaba que o retorno do investimento normalmente acaba sendo muito grande.<br />\r\n<br />\r\n<strong>7&ordm; passo para Aumentar Vendas: Tenha um site responsivo!!!</strong><br />\r\nEsse provavelmente &eacute; o passo mais importante. uma reportagem da Forbes que diz que, em 2017, 87% das vendas de dispositivos que se conectam &agrave; internet ser&atilde;o smartphones e tablets. O mercado digital ser&aacute; praticamente de dispositivos m&oacute;veis, ent&atilde;o n&atilde;o investir em um design responsivo pode acabar com o seu neg&oacute;cio! N&atilde;o perca vendas por n&atilde;o ter um design responsivo, j&aacute; n&atilde;o &eacute; um investimento, &eacute; uma necessidade.<br />\r\n<br />\r\nA import&acirc;ncia do seu site para Aumentar Vendas<br />\r\nSeguindo esses passos voc&ecirc; estar&aacute; cada vez mais evoluindo para transformar o seu site em um gerador de vendas muito eficiente. Mesmo que voc&ecirc; n&atilde;o venda seu produto ou servi&ccedil;o online, em um mundo cada vez mais digital o seu site &eacute; o melhor ativo para conseguir trazer novos clientes para seu neg&oacute;cio.', 'teste de artigo.', NULL, '2016-06-05 20:06:00', 'R', 1, '2', '2016-09-26 17:09:56', '2016-09-26 17:10:07', 41, 41, 'Y', 0, NULL, NULL, NULL, NULL, NULL),
	(37, 6, 1, 1, 'Veja como garantir a integridade de dados de maneira simples, utilizando transações no CakePHP', 'veja-como-garantir-a-integridade-de-dados-de-maneira-simples-utilizando-transacoes-no-cakephp', 'Ol&aacute; pessoal. Como vai? Tudo bem?<br />\r\n<br />\r\nFrequentemente, no desenvolvimento de software, temos que trabalhar com as opera&ccedil;&otilde;es de inser&ccedil;&atilde;o, remo&ccedil;&atilde;o e atualiza&ccedil;&atilde;o de registros, em um banco de dados.<br />\r\n<br />\r\nMuitas vezes, essas opera&ccedil;&otilde;es se tornam mais complexas e faz-se necess&aacute;rio trabalhar com mais de um comando, sendo que um costuma depender do resultado do outro para ser realizado.<br />\r\n<br />\r\nNeste caso, para garantir a consist&ecirc;ncia dos dados gravados, podemos utilizar as <strong>transa&ccedil;&otilde;es</strong>.<br />\r\n<br />\r\nMais afinal, o que s&atilde;o <strong>transa&ccedil;&otilde;es</strong>?\r\n<blockquote>As transa&ccedil;&otilde;es s&atilde;o uma seq&uuml;&ecirc;ncia de opera&ccedil;&otilde;es executadas no banco de dados que s&atilde;o tratadas como um bloco &uacute;nico e indivis&iacute;vel.</blockquote>\r\n<br />\r\nTrabalhar com transa&ccedil;&otilde;es &eacute; a <strong>forma correta</strong> de garantir a <strong>integridade dos dados</strong>.<br />\r\n<br />\r\nVamos supor que precis&aacute;ssemos gravar, na mesma opera&ccedil;&atilde;o, dados relacionados em mais de uma tabela. Um situa&ccedil;&atilde;o bem comum em grandes sistemas.<br />\r\n<br />\r\n<strong>Resumidamente, as transa&ccedil;&otilde;es no banco de dados funcionariam da seguinte forma</strong>:<br />\r\n<em>Ap&oacute;s a tentativa de gravar os dados, o sistema verifica se todos os dados foram gravados com sucesso. Caso toda opera&ccedil;&atilde;o tenha ocorrido sem erros, o sistema grava todas as informa&ccedil;&otilde;es (<strong>commit</strong>). Caso exista algum erro, toda a opera&ccedil;&atilde;o &eacute; desfeita (<strong>rollback</strong>)!!</em><br />\r\n<br />\r\n<strong>IMPORTANTE!</strong> Trabalhando com banco de dados MYSQL, as tabelas precisam estar no formato <strong>InnoDb.</strong><br />\r\n<br />\r\nNeste artigo, vou mostrar como trabalhar com transa&ccedil;&otilde;es, utilizando o framework CakePHP.<br />\r\n<br />\r\nO CakePHP possui um suporte embutido para transa&ccedil;&otilde;es. Para utilizar uma transa&ccedil;&atilde;o em seu <strong><em>controller</em></strong>, voc&ecirc; utilizar&aacute; os seguintes comandos:\r\n\r\n<pre>\r\n<code class="language-php">// Obtém uma referência a um objeto DataSource\r\n$datasource = $this-&gt;NomedoModel-&gt;getDataSource();\r\n\r\n//Inicia a transação\r\n$datasource-&gt;begin();\r\n\r\n//Efetiva e finaliza a transação no banco de dados\r\n$dataSource-&gt;commit();\r\n\r\n//Aborta e desfaz toda a transação impedindo que qualquer operação da transação seja efetivado\r\n$datasource-&gt;rollback();\r\n</code></pre>\r\n\r\n<p><br />\r\nSegue abaixo, uma <strong>EXEMPLO</strong> de utiliza&ccedil;&atilde;o:<br />\r\nFuncionariosController.php</p>\r\n\r\n<pre>\r\n<code class="language-php">$datasource = $this-&gt;Funcionario-&gt;getDataSource();\r\ntry{\r\n    $datasource-&gt;begin();\r\n    //Gravando os dados do funcionário\r\n    if(!$this-&gt;Funcionario-&gt;save($dadosDofuncionario))\r\n        throw new Exception();\r\n\r\n    //Gravando os dados da jornada do funcionário\r\n    if(!$this-&gt;Jornada-&gt;save($dadosDaJornada))\r\n        throw new Exception();\r\n\r\n    //Caso não exista erros, o sistema grava os dados nas tabelas\r\n    $datasource-&gt;commit();\r\n    //Mensagem de sucesso\r\n    $this-&gt;Session-&gt;setFlash(__(\'Mensagem de sucesso\'), \'\', array());\r\n} catch(Exception $e) {\r\n    //Caso exista erros, o sistema desfaz toda a operação\r\n    $datasource-&gt;rollback();\r\n    //Mensagem de erro\r\n    $this-&gt;Session-&gt;setFlash(__(\'Mensagem de erro\'), \'\', array());\r\n}\r\n</code></pre>\r\n<br />\r\n<strong>Obs.: TESTADO EM VERS&Otilde;ES 2.<em>x</em></strong><br />\r\n<br />\r\n&Eacute; isso ai pessoal. Espero que gostem!<br />\r\nAbra&ccedil;os e at&eacute; mais.', 'Operações complexas e seguras no banco de dados, de forma simples, utilizando transações no CakePHP.', '11.jpg', '2016-09-18 20:16:00', 'N', 26, '1', '2016-09-27 09:28:59', '2016-09-27 19:49:40', 1, 1, 'Y', 5, 1, '2016-09-27 09:33:19', 'Reverter aprovação', 1, '2016-09-27 19:49:40'),
	(38, 5, 43, 63, 'Entenda seu Modelo de Negócios Usando plano de Negócios, Canvas e Pitch Deck', 'Entenda-seu-modelo-de-negócios-usando-plano-de-negocios-canvas-e-pitch-deck', '<img alt="" src="http://www.crescernaweb.com.br/webroot/img/img_editor/17e62166fc8586dfa4d1bc0e1742c08b/images/FUNDO%20NEGOCIOS2.jpg" style="float:left; height:248px; margin:10px; width:300px" />Esse artigo &eacute; para voc&ecirc; leitor que adora compartilhar o conhecimento e &eacute; entusiasta em Gest&atilde;o e Empreendedorismo. Ent&atilde;o, Eu e o Crescer na Web, preparamos algumas dicas para come&ccedil;ar a fundamentar seus insights em um modelo de neg&oacute;cio.<br />\r\nVamos come&ccedil;ar da forma mais direta poss&iacute;vel, esclarecendo uma das principais d&uacute;vidas de estudantes em diferentes &aacute;reas e novos empreendedores.<br />\r\nQual a diferen&ccedil;a entre Modelo de Neg&oacute;cios e Plano de Neg&oacute;cios<br />\r\nR: O Modelo de neg&oacute;cios &eacute; a l&oacute;gica descrita sobre o empreendimento e suas rela&ccedil;&otilde;es sist&ecirc;micas. J&aacute; o plano de negocio se consiste em relacionar os detalhes dessa intera&ccedil;&atilde;o, com proposta de valor, Metas bem definidas, An&aacute;lise de Custos, Tecnologias e Caracter&iacute;sticas da Equipe.<br />\r\nEntenda agora como elaborar seu modelo de:\r\n<ul>\r\n	<li>Plano de Neg&oacute;cio<br />\r\n	Canvas<br />\r\n	Pitch Deck</li>\r\n</ul>\r\n&nbsp;<br />\r\n<strong>1) PLANO DE NEGOCIO</strong><br />\r\nO QUE &Eacute;: Basicamente o plano de neg&oacute;cios &eacute; um documento de planejamento contendo vari&aacute;veis que viabiliza a estrat&eacute;gia e minimiza risco do empreendimento.<br />\r\nOBJETIVOS:<br />\r\n1&ordm; Organizar e orientar o empreendedor a elaborar estrat&eacute;gias que auxiliam nas tomadas de decis&atilde;o e para orienta&ccedil;&atilde;o de oportunidades e riscos.<br />\r\n2&ordm; Apresenta&ccedil;&atilde;o estruturada do negocio para futuros investidores, s&oacute;cios ou parceiros comerciais.<br />\r\nESTRUTURA: A estrutura pode mudar por n&atilde;o possui um padr&atilde;o definido, mas as principais caracter&iacute;sticas seguem de acordo com o senso comum, segue exemplos abaixo:<br />\r\n<strong>Sumario Executivo:</strong> um dos pontos mais dif&iacute;ceis da elabora&ccedil;&atilde;o do plano, pois dever&aacute; conter as informa&ccedil;&otilde;es cruciais comunicar com o publico alvo qual a sua estrat&eacute;gia de negocio, miss&atilde;o, vis&atilde;o e valores.<br />\r\n<strong>Empresa:</strong> descreve o hist&oacute;rico, estrutura organizacional, localidade e parceiros.<br />\r\n<strong>Tipo de Negocio: </strong>Relaciona os Produtos/Servi&ccedil;os e caracter&iacute;sticas de produ&ccedil;&atilde;o<br />\r\n<strong>Mercado</strong>: nesse ponto ocorre a analise interna sobre a produ&ccedil;&atilde;o e demanda e externa com os &iacute;ndices sobre o perfil dos clientes, canal de segmenta&ccedil;&atilde;o, vis&atilde;o sobre concorr&ecirc;ncia e riscos.<br />\r\n<strong>Financeiro:</strong> Apresenta&ccedil;&atilde;o de valores em balan&ccedil;o, DRE, fluxo de Caixa, investimentos, &iacute;ndice de Liquidez Liquida e corrente, Prazo de retorno sobre investimentos e outros.<br />\r\n<strong>Marketing: </strong>Basicamente os 4ps do Marketing (Produto, Pre&ccedil;o, Pra&ccedil;a e Promo&ccedil;&atilde;o).<br />\r\n<strong>Log&iacute;stica:</strong> Estoque, fornecedor, transporte, Giro em estoque, Canal de distribui&ccedil;&atilde;o, posicionamento geogr&aacute;fico.<br />\r\nPara mais detalhes fa&ccedil;a o DOWNLOAD do nosso exemplo de <strong><em>Business Plan</em>. </strong><br />\r\nAgora que voc&ecirc; j&aacute; possui um conhecimento b&aacute;sico para come&ccedil;ar a estruturar seu <em>insight</em>, vamos a outras formas de organizar.<br />\r\n&nbsp;<br />\r\n<strong>2) CANVAS </strong><br />\r\nO QUE &Eacute;: <em>Business Model Canv</em>as &eacute; uma ferramenta de planejamento estrat&eacute;gico, onde ser&aacute; ilustrada a estrutura do seu plano de negocio.<br />\r\nOBJETIVO: Mapear e ilustrar de forma clara os principais pontos de um plano de negocio de forma &uacute;nica em um modelo coorporativo. Trata-se de uma ferramenta pratica e muito experimenta &oacute;timo para voc&ecirc; come&ccedil;ar a se sistematizar suas id&eacute;ias.<br />\r\nESTRUTURA: Cont&eacute;m Nove Quadros:\r\n<ol>\r\n	<li>Proposta de Valor<br />\r\n	Segmento de Clientes:<br />\r\n	Relacionamentos com clientes:<br />\r\n	Atividade &ndash; chave:<br />\r\n	Recursos Principais:<br />\r\n	Parcerias Principais:<br />\r\n	Fontes de receita:<br />\r\n	Estrutura de custos:</li>\r\n</ol>\r\nVantagens:<br />\r\n&nbsp;&nbsp;&nbsp;&nbsp;&nbsp;&nbsp;&nbsp;&nbsp;&nbsp;&nbsp;&nbsp; Redu&ccedil;&atilde;o de tempo e recursos, f&aacute;cil elabora&ccedil;&atilde;o.<br />\r\n&nbsp;&nbsp;&nbsp;&nbsp;&nbsp;&nbsp;&nbsp;&nbsp;&nbsp;&nbsp;&nbsp; Estruturado em quadros geram um comunica&ccedil;&atilde;o pr&aacute;tica,<br />\r\n&nbsp;&nbsp;&nbsp;&nbsp;&nbsp;&nbsp;&nbsp;&nbsp;&nbsp;&nbsp;&nbsp; F&aacute;cil acesso, n&atilde;o burocr&aacute;tico, Distribu&iacute;do em v&aacute;rias m&iacute;dias na web.<br />\r\n&nbsp;&nbsp;&nbsp;&nbsp;&nbsp;&nbsp;&nbsp;&nbsp;&nbsp;&nbsp;&nbsp; Visual de F&aacute;cil apresenta&ccedil;&atilde;o para investidores<br />\r\n&nbsp;&nbsp;&nbsp;&nbsp;&nbsp;&nbsp;&nbsp;&nbsp;&nbsp;&nbsp;&nbsp; Modelo estrutural &uacute;nico<br />\r\nDesvantagens:<br />\r\n&nbsp;&nbsp;&nbsp;&nbsp;&nbsp;&nbsp;&nbsp;&nbsp;&nbsp;&nbsp;&nbsp; Analise superficial de riscos e controles<br />\r\n&nbsp;&nbsp;&nbsp;&nbsp;&nbsp;&nbsp;&nbsp;&nbsp;&nbsp;&nbsp;&nbsp; Vis&atilde;o macro falta detalhamento de processos internos e externos<br />\r\n&nbsp;&nbsp;&nbsp;&nbsp;&nbsp;&nbsp;&nbsp;&nbsp;&nbsp;&nbsp;&nbsp; Documenta&ccedil;&atilde;o superficial e custos poucos detalhados<br />\r\nFa&ccedil;a agora o download do <strong><em>Modelo Canvas business</em></strong> e tire suas d&uacute;vidas!&nbsp;&nbsp;&nbsp;&nbsp;&nbsp;&nbsp;&nbsp;<br />\r\n&nbsp;<br />\r\nSegue uma lista de ferramentas que poder&aacute; encontrar na web para elabora&ccedil;&atilde;o do seu plano de negocio.\r\n<ul>\r\n	<li>Business Model Designer &ndash; Acesso a explorar, projetar e inovar novos planos<br />\r\n	Strategyzer - Possui v&aacute;rios modelos de Canvas e v&iacute;deos.<br />\r\n	Launch Pad &ndash; Plataforma de valida&ccedil;&atilde;o de modelos de neg&oacute;cios<br />\r\n	Canvanizer &ndash; Cont&eacute;m&nbsp; v&aacute;rios Modelos estruturados</li>\r\n</ul>\r\nE Agora, j&aacute; e poss&iacute;vel come&ccedil;ar a planejar?<br />\r\n<strong>Dica:</strong> Outro caminho &eacute; utilizar um quadro branco para desenhar o Canvas e pegar os famosos blocos auto-adesivos &ldquo;<em>Post it</em>&rdquo; e come&ccedil;ar a colar no Canvas, muito utilizado em Startups para sistematizar os conceitos e estrat&eacute;gias com a equipe.<br />\r\n3) Estrutura de Pitch Deck<br />\r\nO QUE &Eacute;: Pitch &eacute; uma forma de venda, j&aacute; o Pitch Deck &eacute; uma apresenta&ccedil;&atilde;o em slides.<br />\r\nOBJETIVO: Apresentar uma breve descri&ccedil;&atilde;o do problema a solucionar e a descri&ccedil;&atilde;o da solu&ccedil;&atilde;o dos problemas dos clientes.<br />\r\nPreparado para apresentar seu plano de negocio para um investidor em 30 segundos?<br />\r\nUma solu&ccedil;&atilde;o &eacute; organizar com Pitch Deck.<br />\r\nESTRUTURA: A quantidade de slides pode mudar de acordo com a ocasi&atilde;o, variando entre 5 e 10 Slides e o tempo de 30 segundos a 15 minutos.\r\n<ol>\r\n	<li>Apresenta&ccedil;&atilde;o e tema<br />\r\n	Problema ou Oportunidade<br />\r\n	Solu&ccedil;&atilde;o e Questionamentos:<br />\r\n	Amostra do produto / Servi&ccedil;o<br />\r\n	Diferencial competitivo<br />\r\n	Business Model (Modelo de Neg&oacute;cio)<br />\r\n	Stakeholders<br />\r\n	Plano de A&ccedil;&atilde;o, Financeiro e Marketing<br />\r\n	Equipe e especialidades</li>\r\n</ol>\r\n&nbsp;<br />\r\nDica: para criar sua apresenta&ccedil;&atilde;o segue uma pequena lista dos programas mais utilizados:<br />\r\n<em>Impress</em><br />\r\n<em>Power point</em><br />\r\n<em>Prezi</em><br />\r\n<em>Sliderocket</em><br />\r\n<em>Acrobat presentation</em><br />\r\n<em>Google Docs</em><br />\r\n&nbsp;<br />\r\nEnt&atilde;o, Agora que o conhecimento foi compartilhado e sua chance de sucesso potencializada defenda seu modelo de neg&oacute;cios com &ecirc;nfase no seu diferencial competitivo e tratando as necessidades do cliente com a melhor qualidade poss&iacute;vel.<br />\r\nAbra&ccedil;os.<br />\r\n&nbsp;<br />\r\n&nbsp;', 'Objetivo e esclarecer dúvidas de estudantes e empreendedores sobre modelo de negócios e suas modelagens em plano de negócios, Canvas e Pitch Deck.\r\n', '14.jpg', '2016-07-06 15:23:00', 'N', 16, '1', '2016-09-27 15:57:44', '2016-09-27 20:05:53', 43, 43, 'Y', 2, 43, '2016-09-27 17:44:42', 'teste ', 43, '2016-09-27 20:05:53'),
	(39, 5, 43, 63, 'TRANSFORME SUA LOGÍSTICA NO E-COMMERCE EM VANTAGEM COMPETITIVA', 'transforme-sua-logistica-no-e-commerce-em-vantagem-competitiva', '<img alt="" src="http://www.crescernaweb.com.br/webroot/img/img_editor/17e62166fc8586dfa4d1bc0e1742c08b/images/ecommerce%281%29.jpg" style="float:left; height:248px; margin-left:10px; margin-right:10px; width:300px" />Caro amigo do Crescer na WEB, j&aacute; vislumbrou que sua loja virtual necessita de uma presta&ccedil;&atilde;o de servi&ccedil;o log&iacute;stico com credibilidade, informa&ccedil;&otilde;es confi&aacute;veis para a entrega de seus produtos at&eacute; o cliente final com prazos bem definidos. Temos que ter um plano de a&ccedil;&atilde;o bem desenhado quanto aos processos log&iacute;sticos dentro do projeto. Isso vai alem de apenas entrega de produtos, pois a log&iacute;stica do e-commerce tem suas peculiaridades.<br />\r\nO QUE &Eacute; LOG&Iacute;STICA:<br />\r\nPodemos Definir de forma resumida que log&iacute;stica &eacute; como arte do planejamento e execu&ccedil;&atilde;o de projetos, muito utilizado na &aacute;rea militar em guerras para distribui&ccedil;&atilde;o e aloca&ccedil;&atilde;o de pessoas e equipamentos ib&eacute;ricos. Basicamente, &eacute; a gest&atilde;o da cadeia de suprimentos de ponto a ponto.<br />\r\nO QUE &Eacute; ECOMMERCE:<br />\r\nDo termo em ingl&ecirc;s <em>Eletronic Commerce</em>, que significa em portugu&ecirc;s Comercio Eletr&ocirc;nico. &Eacute; um modelo de comercio via web com a utiliza&ccedil;&atilde;o dos mais diversos tipos de dispositivos, onde ocorrem transa&ccedil;&otilde;es de compra e vendas de bens tang&iacute;veis e intang&iacute;veis.<br />\r\nEXPECTATIVAS DO CLIENTE:<br />\r\nNeste ponto do empreendimento, Voc&ecirc; o Empreendedor digital ou Startup j&aacute; atra&iacute;ram alguns clientes para o seu funil de vendas e agora, como, distribuir e otimizar com seguran&ccedil;a o pedido de seu cliente, agu&ccedil;ando a percep&ccedil;&atilde;o de entrega de valor , sim &eacute; isso que entendeu, o cliente entende o servi&ccedil;o como algo maior que apenas uma compra e venda de produto ou <em>B2C</em>. Talvez esteja esperando um presente como: uma replica dos Castelos de <em>Game of Thronos, um livro de log&iacute;stica no E-commerce ou uma pr&oacute;tese mec&acirc;nica que tanto sonhou, ent&atilde;o seu negocio digital n&atilde;o pode destruir as expectativas do seu consumidor.</em><br />\r\nPara seu empreendimento ganhar consist&ecirc;ncia na log&iacute;stica do e-commerce segue dicas para Crescer na Web.<br />\r\n&nbsp;<br />\r\n8 DICAS VALIOSAS PARA UMA EFICAZ LOG&Iacute;STICA NO E-COMMERCE<br />\r\n&nbsp;<br />\r\n1 - PLANEJAMENTO E CONTROLE: Sua loja virtual esta preparada para expandir mercado? Seu <strong>Plano de negocio </strong>contempla uma log&iacute;stica equilibrada entre seu negocio, fornecedores, transportadoras, correios ou seu Marketplace. Para controle a log&iacute;stica j&aacute; disp&otilde;e de v&aacute;rias ferramentas e t&eacute;cnicas como: KPI (Key Performance Indicator&nbsp; ou indicadores chave de Desempenho) ou SLA (acordo de N&iacute;vel de servi&ccedil;o) muito utilizado em grandes empresas.<br />\r\n2 &ndash; ESTOQUE: Independente de seu estoque ser pequeno ou grande a sua preocupa&ccedil;&atilde;o tem que ser a mesma, se seu sistema ERP est&aacute; integrado com distribuidoras ou Marketplace, se esta alocando os produtos de forma correta evitando, assim avarias, se a embalagem adequada tanto para o transporte quando para os clientes.<br />\r\nCaso trabalhe com estoque virtual diretamente do fornecedor a confiabilidade das informa&ccedil;&otilde;es tem que ser total, para isso o uso de um bom sistema &eacute; indispens&aacute;vel.<br />\r\n3 &ndash; TERCEIRIZA&Ccedil;&Atilde;O DA COLETA / ENTREGA: seu plano de negocio n&atilde;o concebe transporte direto ao cliente, ent&atilde;o, no m&iacute;nimo dever&aacute; se cerca de informa&ccedil;&otilde;es de transportadoras, valores de frete, cubagem, rotas e prazos de entregas. Se sua loja virtual utiliza um Marketplace, ent&atilde;o fa&ccedil;a um estudo apurado de benchmarking, pois voc&ecirc; quer o melhor parceiro poss&iacute;vel da coleta at&eacute; entrega dos pedidos.<br />\r\n4 &ndash; FRETE GRATIS &Eacute; A MELHOR OP&Ccedil;&Atilde;O: sem d&uacute;vida um dos momentos mais dif&iacute;ceis tanto para quem vende ou quem compra no e-commerce &eacute; o pre&ccedil;o do frete. Pois precificar o servi&ccedil;o n&atilde;o &eacute; algo f&aacute;cil e seu desempenho influencia no preenchimento do carrinho. Frete gr&aacute;tis pode chamar aten&ccedil;&atilde;o do cliente, por&eacute;m mal calculado pode ser o gargalho log&iacute;stico de seu empreendimento. Lembrando na maioria das lojas virtuais o frete &eacute; o pen&uacute;ltimo passo antes de fechar a venda, Para isso pesquise c&aacute;lculos de fretes online, correios, startups de log&iacute;stica, gateway de fretes e blogs sobre o assunto, e vamos CRESCER NA WEB.<br />\r\n5 &ndash; PRAZO DE ENTREGA: sua distribui&ccedil;&atilde;o organizada e eficaz poder&aacute; ser uma vantagem competitiva aos olhos de seus clientes perante aos correntes, independente do tipo de distribui&ccedil;&atilde;o utilizada. N&atilde;o prometa aquilo que n&atilde;o possa cumprir, se ofereceu um produto com o prazo de entrega curt&iacute;ssimo a chance de dar errado &eacute; imensa, ent&atilde;o cumpra os prazos de acordo sua capacidade e de seus parceiros na distribui&ccedil;&atilde;o. Para tal ser&aacute; necess&aacute;ria uma equipe qualifica para atendimento (<em>Back-Office</em>). N&atilde;o se esque&ccedil;a que prazo de entrega influencia para tomada de decis&atilde;o na compra de seu cliente e tamb&eacute;m pode gerar recorr&ecirc;ncia, ent&atilde;o coloque dois dias a mais dependendo da localidade.<br />\r\n6 - RASTREAMENTO: A confian&ccedil;a do cliente cresce sempre que o mesmo obt&eacute;m respostas diretas sobre seus pedidos, rastrear o pedido em tempo real na loja virtual, Marketplace ou transportadora &eacute; um servi&ccedil;o indispens&aacute;vel no e-commerce. Junto ao prazo coerente evitando insatisfa&ccedil;&atilde;o do cliente, reclama&ccedil;&otilde;es em seu atendimento, posts negativos em redes sociais e PROCON e RECLAMEAQUI.<br />\r\n7 &ndash; LOG&Iacute;STICA RESERVA DO E-COMMERCE: A log&iacute;stica reversa pode ser outra vantagem competitiva se for bem alinhada no planejamento log&iacute;stico do seu empreendimento. Pois &eacute; muito comum trocas ou devolu&ccedil;&otilde;es de produtos adquiridos via lojas virtuais. Com isso, o seu atendimento em conjunto ao setor log&iacute;stico dever&aacute; responder de forma r&aacute;pida as necessidades dos clientes, sendo o caso de coletar o produto na casa do cliente ou informar de forma r&aacute;pida e precisa como a entrega ou troca dever&aacute; ocorrer.<br />\r\n8 &ndash; RECORRENCIA: O constante aperfei&ccedil;oamento da log&iacute;stica requer um esfor&ccedil;o grande de todos envolvidos no processo para a satisfa&ccedil;&atilde;o do cliente, mas n&atilde;o se faz apenas s&oacute; com um bom produto, como citado anteriormente tamb&eacute;m adicionando valores na percep&ccedil;&atilde;o do cliente.<br />\r\n<br />\r\nRelacionar tais pontos n&atilde;o &eacute; f&aacute;cil, por&eacute;m os resultados trazem uma grande Vantagem Competitiva para empresa ou para o conhecimento individual, pois requer horas de pesquisas e dedica&ccedil;&atilde;o, mas voc&ecirc; n&atilde;o esta mais na in&eacute;rcia, ent&atilde;o bom trabalho e conte com o crescer na web para esse desafio.<br />\r\nAgora sim! Vamos juntos Crescer na Web.<br />\r\n&nbsp;', 'O artigo transforme sua logística no e-commerce em vantagem competitiva, mostra dicas importantes para negócios digitais quanto a gestão logística.  ', '13.jpg', '2016-06-06 09:40:00', 'N', 17, '1', '2016-09-27 17:03:38', '2016-09-27 20:06:28', 43, 43, 'Y', 2, 43, '2016-09-27 17:46:36', 'teste do teste', 43, '2016-09-27 20:06:28'),
	(40, 5, 43, 63, 'O Impacto da crise na logistica do Brasil.', 'o-impacto-da-crise-na-logistica-do-brasil', 'Como mensurar o impacto da crise na logistica do Brasil?<br />\r\n<br />\r\nComo ficar&aacute; a logistica em meio a uma das piores crises economicas e politicas que enfrentas na historia do Brasil. Dados lan&ccedil;ados na midia acada momento gera um impacto inevitavel para as politicas e recursos destinados a expansao de portos, aeroportos, ferrovias e rodovias.<br />\r\n&nbsp;', 'logística x crise. como esta sendo enfrentado este problema nacional.\r\n', NULL, '2016-06-06 09:40:00', 'R', 5, '2', '2016-09-27 17:53:42', '2016-09-27 17:54:02', 43, 43, 'Y', 0, NULL, NULL, NULL, NULL, NULL),
	(41, 5, 43, 63, 'O Impacto da crise na logistica do Brasil.', 'o-impacto-da-crise-na-logistica-do-brasil', 'Como mensurar o impacto da crise na logistica do Brasil?<br />\r\n<br />\r\nComo ficar&aacute; a logistica em meio a uma das piores crises economicas e politicas que enfrentas na historia do Brasil. Dados lan&ccedil;ados na midia acada momento gera um impacto inevitavel para as politicas e recursos destinados a expansao de portos, aeroportos, ferrovias e rodovias.<br />\r\n&nbsp;', 'logística x crise. como esta sendo enfrentado este problema nacional.\r\n', NULL, '2016-06-06 09:40:00', 'R', 5, '3', '2016-09-27 17:58:24', '2016-09-27 17:58:42', 43, 43, 'Y', 0, NULL, NULL, NULL, NULL, NULL),
	(42, 5, 43, 63, 'Gestão do tempo', 'adm', '<strong><span style="font-size:12px"><span style="color:rgb(178, 34, 34)">Na balan&ccedil;a do Tempo</span></span></strong><br />\r\n<br />\r\nComo administrar um dos recursos mais escasso do dia a dia. gerir o tempo &eacute; um dos principais desafios a superar para alcan&ccedil;ar a maxima performance e ser eficaz.<br />\r\n<br />\r\n&nbsp;', 'Artigo sobre a dificuldade da gestão do tempo com enfoque na gestão de startups.', NULL, '2016-06-06 09:19:00', 'R', 4, '2', '2016-09-27 17:59:02', '2016-09-27 17:59:28', 43, 43, 'Y', 0, NULL, NULL, NULL, NULL, NULL),
	(43, 6, 1, 1, 'Veja como garantir a integridade de dados de maneira simples, utilizando transações no CakePHP', 'veja-como-garantir-a-integridade-de-dados-de-maneira-simples-utilizando-transacoes-no-cakephp', 'Ol&aacute; pessoal. Como vai? Tudo bem?<br />\r\n<br />\r\nFrequentemente, no desenvolvimento de software, temos que trabalhar com as opera&ccedil;&otilde;es de inser&ccedil;&atilde;o, remo&ccedil;&atilde;o e atualiza&ccedil;&atilde;o de registros, em um banco de dados.<br />\r\n<br />\r\nMuitas vezes, essas opera&ccedil;&otilde;es se tornam mais complexas e faz-se necess&aacute;rio trabalhar com mais de um comando, sendo que um costuma depender do resultado do outro para ser realizado.<br />\r\n<br />\r\nNeste caso, para garantir a consist&ecirc;ncia dos dados gravados, podemos utilizar as <strong>transa&ccedil;&otilde;es</strong>.<br />\r\n<br />\r\nMais afinal, o que s&atilde;o <strong>transa&ccedil;&otilde;es</strong>?\r\n<blockquote>As transa&ccedil;&otilde;es s&atilde;o uma seq&uuml;&ecirc;ncia de opera&ccedil;&otilde;es executadas no banco de dados que s&atilde;o tratadas como um bloco &uacute;nico e indivis&iacute;vel.</blockquote>\r\n<br />\r\nTrabalhar com transa&ccedil;&otilde;es &eacute; a <strong>forma correta</strong> de garantir a <strong>integridade dos dados</strong>.<br />\r\n<br />\r\nVamos supor que precis&aacute;ssemos gravar, na mesma opera&ccedil;&atilde;o, dados relacionados em mais de uma tabela. Um situa&ccedil;&atilde;o bem comum em grandes sistemas.<br />\r\n<br />\r\n<strong>Resumidamente, as transa&ccedil;&otilde;es no banco de dados funcionariam da seguinte forma</strong>:<br />\r\n<em>Ap&oacute;s a tentativa de gravar os dados, o sistema verifica se todos os dados foram gravados com sucesso. Caso toda opera&ccedil;&atilde;o tenha ocorrido sem erros, o sistema grava todas as informa&ccedil;&otilde;es (<strong>commit</strong>). Caso exista algum erro, toda a opera&ccedil;&atilde;o &eacute; desfeita (<strong>rollback</strong>)!!</em><br />\r\n<br />\r\n<strong>IMPORTANTE!</strong> Trabalhando com banco de dados MYSQL, as tabelas precisam estar no formato <strong>InnoDb.</strong><br />\r\n<br />\r\nNeste artigo, vou mostrar como trabalhar com transa&ccedil;&otilde;es, utilizando o framework CakePHP.<br />\r\n<br />\r\nO CakePHP possui um suporte embutido para transa&ccedil;&otilde;es. Para utilizar uma transa&ccedil;&atilde;o em seu <strong><em>controller</em></strong>, voc&ecirc; utilizar&aacute; os seguintes comandos:\r\n\r\n<pre>\r\n<code class="language-php">// Obtém uma referência a um objeto DataSource\r\n$datasource = $this-&gt;NomedoModel-&gt;getDataSource();\r\n\r\n//Inicia a transação\r\n$datasource-&gt;begin();\r\n\r\n//Efetiva e finaliza a transação no banco de dados\r\n$dataSource-&gt;commit();\r\n\r\n//Aborta e desfaz toda a transação impedindo que qualquer operação da transação seja efetivado\r\n$datasource-&gt;rollback();\r\n</code></pre>\r\n\r\n<p><br />\r\nSegue abaixo, uma <strong>EXEMPLO</strong> de utiliza&ccedil;&atilde;o:<br />\r\nFuncionariosController.php</p>\r\n\r\n<pre>\r\n<code class="language-php">$datasource = $this-&gt;Funcionario-&gt;getDataSource();\r\ntry{\r\n    $datasource-&gt;begin();\r\n    //Gravando os dados do funcionário\r\n    if(!$this-&gt;Funcionario-&gt;save($dadosDofuncionario))\r\n        throw new Exception();\r\n\r\n    //Gravando os dados da jornada do funcionário\r\n    if(!$this-&gt;Jornada-&gt;save($dadosDaJornada))\r\n        throw new Exception();\r\n\r\n    //Caso não exista erros, o sistema grava os dados nas tabelas\r\n    $datasource-&gt;commit();\r\n    //Mensagem de sucesso\r\n    $this-&gt;Session-&gt;setFlash(__(\'Mensagem de sucesso\'), \'\', array());\r\n} catch(Exception $e) {\r\n    //Caso exista erros, o sistema desfaz toda a operação\r\n    $datasource-&gt;rollback();\r\n    //Mensagem de erro\r\n    $this-&gt;Session-&gt;setFlash(__(\'Mensagem de erro\'), \'\', array());\r\n}\r\n</code></pre>\r\n<br />\r\n<strong>Obs.: TESTADO EM VERS&Otilde;ES 2.<em>x</em></strong><br />\r\n<br />\r\n&Eacute; isso ai pessoal. Espero que gostem!<br />\r\nAbra&ccedil;os e at&eacute; mais.', 'Operações complexas e seguras no banco de dados, de forma simples, utilizando transações no CakePHP.', '11.jpg', '2016-09-18 20:16:00', 'P', 27, '1', '2016-09-27 19:49:56', '2017-03-01 09:39:56', 1, 1, 'N', 124, 1, '2016-09-27 19:51:22', NULL, NULL, NULL),
	(44, 5, 43, 63, 'Transforme sua logística no e-commerce em vantagem competitiva!', 'transforme-sua-logistica-no-e-commerce-em-vantagem-competitiva', '<img alt="" src="http://www.crescernaweb.com.br/webroot/img/img_editor/17e62166fc8586dfa4d1bc0e1742c08b/images/ecommerce%281%29.jpg" style="float:left; height:248px; margin-left:10px; margin-right:10px; width:300px" />Caro amigo do Crescer na WEB, j&aacute; vislumbrou que sua loja virtual necessita de uma presta&ccedil;&atilde;o de servi&ccedil;o log&iacute;stico com credibilidade, informa&ccedil;&otilde;es confi&aacute;veis para a entrega de seus produtos at&eacute; o cliente final com prazos bem definidos. Temos que ter um plano de a&ccedil;&atilde;o bem desenhado quanto aos processos log&iacute;sticos dentro do projeto. Isso vai al&eacute;m de apenas entregas de produtos, pois a log&iacute;stica do e-commerce tem suas peculiaridades.<br />\r\n<strong>O QUE &Eacute; LOG&Iacute;STICA?</strong><br />\r\nPodemos Definir de forma resumida que log&iacute;stica &eacute; como arte do planejamento e execu&ccedil;&atilde;o de projetos, muito utilizado na &aacute;rea militar em guerras para distribui&ccedil;&atilde;o e aloca&ccedil;&atilde;o de pessoas e equipamentos . Basicamente, &eacute; a gest&atilde;o da cadeia de suprimentos de ponto a ponto.<br />\r\n<strong>O QUE &Eacute; ECOMMERCE?</strong><br />\r\nDo termo em ingl&ecirc;s <em>Eletronic Commerce</em>, que significa em portugu&ecirc;s Comercio Eletr&ocirc;nico. &Eacute; um modelo de comercio via web com a utiliza&ccedil;&atilde;o dos mais diversos tipos de dispositivos, onde ocorrem transa&ccedil;&otilde;es de compra e vendas de bens tang&iacute;veis e intang&iacute;veis.<br />\r\n<br />\r\n<strong>EXPECTATIVAS DO CLIENTE:</strong><br />\r\nNeste ponto do empreendimento, Voc&ecirc; o Empreendedor digital ou Startup j&aacute; atra&iacute;ram alguns clientes para o seu funil de vendas e agora, como, distribuir e otimizar com seguran&ccedil;a o pedido de seu cliente, agu&ccedil;ando a percep&ccedil;&atilde;o de entrega de valor , sim &eacute; isso que entendeu, o cliente entende o servi&ccedil;o como algo maior que apenas uma compra e venda de produto ou <em>B2C</em>. Talvez esteja esperando um presente como: uma replica dos Castelos de <em>Game of Thronos, </em>um livro de log&iacute;stica no E-commerce ou um presente para os Dia das M&atilde;es.&nbsp;ent&atilde;o, seu neg&oacute;cio digital N&Atilde;O pode destruir as expectativas do seu consumidor.<br />\r\n<br />\r\nPara que empreendimento ganhe consist&ecirc;ncia na log&iacute;stica on-line, segue algumas dicas.<br />\r\n&nbsp;<br />\r\n<strong>&nbsp; &nbsp; &nbsp; &nbsp; 8 DICAS VALIOSAS PARA UMA EFICAZ LOG&Iacute;STICA NO E-COMMERCE</strong><br />\r\n&nbsp;<br />\r\n&nbsp; &nbsp; &nbsp; &nbsp; <strong>#1 - Planejamento e Controle: </strong><br />\r\nSua loja virtual esta preparada para expandir mercado? Seu <strong>Plano de negocio </strong>contempla uma log&iacute;stica equilibrada entre seu negocio, fornecedores, transportadoras, correios ou seu Marketplace. Para controle a log&iacute;stica j&aacute; disp&otilde;e de v&aacute;rias ferramentas e t&eacute;cnicas como: KPI (Key Performance Indicator&nbsp; ou indicadores chave de Desempenho) ou SLA (acordo de N&iacute;vel de servi&ccedil;o) muito utilizado em grandes empresas.<br />\r\n<br />\r\n&nbsp; &nbsp; &nbsp; &nbsp; <strong>#2 &ndash; Estoque:</strong><br />\r\nIndependente de seu estoque ser pequeno ou grande a sua preocupa&ccedil;&atilde;o tem que ser a mesma, se seu sistema ERP ou WMS est&aacute; integrado com distribuidoras ou Marketplace, se esta alocando os produtos de forma correta evitando, assim avarias, se a embalagem adequada tanto para o transporte quando para os clientes.<br />\r\nCaso trabalhe com estoque virtual diretamente do fornecedor a confiabilidade das informa&ccedil;&otilde;es tem que ser total, para isso o uso de um bom sistema &eacute; indispens&aacute;vel.<br />\r\n<br />\r\n<strong>&nbsp; &nbsp; &nbsp; &nbsp; #3 &ndash; Terceiriza&ccedil;&atilde;o da Coleta / Entrega:</strong><br />\r\nSeu plano de neg&oacute;cios n&atilde;o concebe transporte direto ao cliente, ent&atilde;o, no m&iacute;nimo dever&aacute; se cerca de informa&ccedil;&otilde;es de transportadoras, valores de frete, cubagem, rotas e prazos de entregas. Se sua loja virtual utiliza um Marketplace, ent&atilde;o fa&ccedil;a um estudo apurado de benchmarking, pois voc&ecirc; quer o melhor parceiro poss&iacute;vel na coleta e entrega dos pedidos.<br />\r\n<br />\r\n<strong>&nbsp; &nbsp; &nbsp; &nbsp; #4 &ndash; Frete Gr&aacute;tis &eacute; a melhor op&ccedil;&atilde;o?</strong><br />\r\nSem d&uacute;vida um dos momentos mais dif&iacute;ceis tanto para quem vende ou quem compra no e-commerce &eacute; o pre&ccedil;o do frete. Pois precificar o servi&ccedil;o n&atilde;o &eacute; algo f&aacute;cil e seu desempenho influencia no preenchimento do carrinho. Frete gr&aacute;tis pode chamar aten&ccedil;&atilde;o do cliente, por&eacute;m mal calculado pode ser o gargalho log&iacute;stico de seu empreendimento. Lembrando na maioria das lojas virtuais o frete &eacute; o pen&uacute;ltimo passo antes de fechar a venda, Para isso pesquise c&aacute;lculos de fretes online, correios, startups de log&iacute;stica, gateway de fretes e blogs sobre o assunto, e vamos CRESCER NA WEB.<br />\r\n<br />\r\n<strong>&nbsp; &nbsp; &nbsp; &nbsp; #5 &ndash; Prazo de Entrega:&nbsp;</strong><br />\r\nSua distribui&ccedil;&atilde;o organizada e eficaz poder&aacute; ser uma vantagem competitiva aos olhos de seus clientes perante aos correntes, independente do tipo de distribui&ccedil;&atilde;o utilizada. N&atilde;o prometa aquilo que n&atilde;o possa cumprir, se ofereceu um produto com o prazo de entrega curt&iacute;ssimo a chance de dar errado &eacute; imensa, ent&atilde;o cumpra os prazos de acordo sua capacidade e de seus parceiros na distribui&ccedil;&atilde;o. Para tal ser&aacute; necess&aacute;ria uma equipe qualifica para atendimento (<em>Back-Office</em>). N&atilde;o se esque&ccedil;a que prazo de entrega influencia para tomada de decis&atilde;o na compra de seu cliente e tamb&eacute;m pode gerar recorr&ecirc;ncia, ent&atilde;o coloque dois dias a mais dependendo da localidade.<br />\r\n<br />\r\n<strong>&nbsp; &nbsp; &nbsp; &nbsp; #6 - Rastreamento:</strong><br />\r\nA confian&ccedil;a do cliente cresce sempre que o mesmo obt&eacute;m respostas diretas sobre seus pedidos, rastrear o pedido em tempo real na loja virtual, Marketplace ou transportadora &eacute; um servi&ccedil;o indispens&aacute;vel no e-commerce. Junto ao prazo coerente evitando insatisfa&ccedil;&atilde;o do cliente, reclama&ccedil;&otilde;es em seu atendimento, posts negativos em redes sociais e PROCON e RECLAMEAQUI.<br />\r\n<br />\r\n<strong>&nbsp; &nbsp; &nbsp; &nbsp; #7 &ndash; Log&iacute;stica reversa do E-commerce:</strong><br />\r\nSem d&uacute;vida&nbsp;pode ser outra forma de estar a frente se for bem alinhada no planejamento log&iacute;stico do seu empreendimento. Pois &eacute; muito comum trocas ou devolu&ccedil;&otilde;es de produtos adquiridos via lojas virtuais. Com isso, o seu atendimento em conjunto ao setor log&iacute;stico dever&aacute; responder de forma r&aacute;pida as necessidades dos clientes, sendo o caso de coletar o produto na casa do cliente ou informar de forma r&aacute;pida e precisa como a entrega ou troca dever&aacute; ocorrer.<br />\r\n<br />\r\n<strong>&nbsp; &nbsp; &nbsp; &nbsp; #8 &ndash; Recorr&ecirc;ncia:</strong><br />\r\nO constante aperfei&ccedil;oamento da log&iacute;stica requer um esfor&ccedil;o grande de todos envolvidos no processo para a satisfa&ccedil;&atilde;o do cliente, mas n&atilde;o se faz apenas s&oacute; com um bom produto, como citado anteriormente tamb&eacute;m adicionando valores na percep&ccedil;&atilde;o do cliente.<br />\r\n<br />\r\n<strong>Ent&atilde;o, finalizando!</strong><br />\r\nRelacionar tais pontos n&atilde;o &eacute; f&aacute;cil, por&eacute;m a disciplina e exececu&ccedil;&atilde;o desses aspectos trazem uma grande Vantagem Competitiva para empresas ou para o conhecimento individual, pois requer horas de pesquisas e dedica&ccedil;&atilde;o, mas voc&ecirc; n&atilde;o esta mais na in&eacute;rcia, ent&atilde;o bom trabalho, aplique toda sua capacidade &nbsp;e conte com o CnW&nbsp;para esse desafio.<br />\r\n<br />\r\nAgora sim! Vamos juntos Crescer na Web.<br />\r\n&nbsp;', 'No artigo transforme sua logística no e-commerce em vantagem competitiva, revela dicas importantes para negócios digitais dentro da gestão logística.  ', '13.jpg', '2016-06-06 09:40:00', 'P', 34, '1', '2016-09-27 20:07:22', '2017-02-28 17:09:27', 43, 43, 'N', 94, 43, '2016-10-24 21:56:57', NULL, NULL, NULL),
	(45, 6, 41, 61, 'O que você precisa saber antes de criar seu site!', 'o-que-voce-precisa-antes-de-criar-seu-site', '<p><img alt="" src="http://www.crescernaweb.com.br/webroot/img/img_editor/3416a75f4cea9109507cacd8e2f2aefc/images/antes_de_criar.jpg" style="border-style:solid; border-width:0px; float:left; height:248px; margin:5px; width:300px" />Salve amigos&nbsp; do Crescer na Web, estamos no segundo artigo do nosso caderno de tecnologia e se voc&ecirc; j&aacute; leu o primeiro e voltou para ler o segundo &eacute; sinal de que meu esfor&ccedil;o n&atilde;o foi em v&atilde;o. Agora,&nbsp;se voc&ecirc; est&aacute; aqui pela primeira vez, seja bem vindo ao CnW.<br />\r\n<br />\r\nAjeitem suas cadeiras porque l&aacute; vem mais informa&ccedil;&atilde;o.<br />\r\nEu me lembro que em 1900 e guaran&aacute; de rolha, o profissional ou empresa que n&atilde;o tinha um telefone estava fora da brincadeira. Passou um tempo e isso foi mudando, quem n&atilde;o tivesse um &nbsp;computador&nbsp; e&nbsp; e-mail j&aacute; estava ultrapassado .<br />\r\n<br />\r\n&nbsp;Hoje, se voc&ecirc; ou sua empresa n&atilde;o tem um site, com toda certeza pode estar perdendo uma grande chance de crescer. Os sites s&atilde;o sem duvida nenhuma uma das formas mais efetivas de divulgar as &nbsp;atividades de um profissional ou empresa e conseq&uuml;entemente &nbsp;fomentar o crescimento&nbsp; e sua lucratividade.<br />\r\n<br />\r\nDai, essa &eacute; a hora que voc&ecirc; deve estar euf&oacute;rico e falando:<br />\r\n- &quot;T&aacute;, ent&atilde;o vou fazer um site agora e bombar na internet.&quot;<br />\r\n<br />\r\nEspera ai, muita calma nessa hora jovem padawan! Voc&ecirc; precisa antes de mais nada, organizar o que voc&ecirc; quer e o que precisa para o seu site, esse &eacute; o momento essencial e talvez o mais complexo no desenvolvimento de um site de sucesso. Mas, como a id&eacute;ia do Crescer na Web &eacute; ajudar voc&ecirc;s, esse jovem (nem tanto assim) colunista ir&aacute; trazer a luz no fim do t&uacute;nel, em um magn&iacute;fico e fundamental Check List de o que voc&ecirc; deve fazer antes de criar um site.<br />\r\n<br />\r\n&nbsp;&nbsp;&nbsp;&nbsp;&nbsp;&nbsp;&nbsp;&nbsp;&nbsp;&nbsp;&nbsp;&nbsp;&nbsp;&nbsp;&nbsp; <strong>#1 - Quem eu quero alcan&ccedil;ar com o meu site?</strong><br />\r\n<br />\r\nAntes de qualquer coisa, &nbsp;&eacute; preciso identificar qual &eacute; o seu publico alvo, o seu consumidor final, aquela pessoa que vai ver o seu produto e servi&ccedil;o e diz &quot; Cala a boca e toma aqui o meu dinheiro&quot;, para isso, pense sempre em para quem voc&ecirc; dirige o conte&uacute;do do seu site.&nbsp;<br />\r\n&nbsp;<br />\r\n&nbsp;&nbsp;&nbsp;&nbsp;&nbsp;&nbsp;&nbsp;&nbsp;&nbsp;&nbsp;&nbsp;&nbsp;&nbsp;&nbsp;&nbsp; <strong># 2 - Qual o objetivo do seu site?</strong><br />\r\n<br />\r\nEsse passo serve pra te ajudar a entender as necessidades t&eacute;cnicas e a o conteudo que voc&ecirc; voc&ecirc; vai querer que seu site transmita. Por exemplo, se voc&ecirc; tem uma confeitaria, com toda certeza voc&ecirc; ir&aacute; precisar de uma galeria com fotos dos seus produtos e se voc&ecirc; trabalha com delivery, dever&aacute; adicionar um carrinho de compras em seu site. Se o voc&ecirc; &eacute; um profissional na &aacute;rea da m&uacute;sica e do show business, ir&aacute; precisar de players para que seu publico alvo possa ouvir trechos de suas musicas, e quem sabe at&eacute; de players de v&iacute;deo e uma agenda caso realize shows.<br />\r\n<br />\r\n&nbsp;&nbsp;&nbsp;&nbsp;&nbsp;&nbsp;&nbsp;&nbsp;&nbsp;&nbsp;&nbsp;&nbsp;&nbsp;&nbsp;&nbsp; <strong># 3 - Inspira&ccedil;&atilde;o.</strong><br />\r\n<br />\r\nN&atilde;o tenha pressa, ela &eacute; a inimiga da perfei&ccedil;&atilde;o e um pedra no sapato de quem espera retorno de um Website,gaste um bom tempo pesquisando sites de concorrentes, isso n&atilde;o &eacute; vergonhoso e vai fazer com que voc&ecirc; tenha uma id&eacute;ia de o que eles tem de positivo, coloque-se no lugar dos seus clientes. Com isto voc&ecirc; ter&aacute; uma id&eacute;ia mais consistente de como deseja que seu site seja e refer&ecirc;ncias para dar mais dire&ccedil;&atilde;o a cria&ccedil;&atilde;o do seu site.<br />\r\n<br />\r\n&nbsp;&nbsp;&nbsp;&nbsp;&nbsp;&nbsp;&nbsp;&nbsp;&nbsp;&nbsp;&nbsp;&nbsp;&nbsp;&nbsp;&nbsp; <strong>#4 - Escolha um bom dom&iacute;nio para seu site.</strong><br />\r\n&nbsp;<br />\r\nEscolher um nome pro seu site &eacute; muito importante, e quanto mais curto e simples for, melhor. Uma boa dica &eacute; usar o planejador de palavras chaves do google, aquele que falei para voc&ecirc;s no nosso primeiro artigo. Dom&iacute;nios longos e complicados (paralelepipedospindamonhangaba.com.br) podem induzir o cliente ao erro &nbsp;e esse erro pode ser significado de vendas perdidas.<br />\r\n<br />\r\nTome muito cuidado com palavras em l&iacute;ngua estrangeira. usemos novamente o exemplo da confeitaria, voc&ecirc; criou o site e resolveu criar o dom&iacute;nio deliciousbreakfast.com.br. &nbsp;Ser&aacute; que seu cliente vai saber escrever corretamente esse dominio? Lembre-se, simplifique sempre!<br />\r\n<br />\r\n&nbsp;&nbsp;&nbsp;&nbsp;&nbsp;&nbsp;&nbsp;&nbsp;&nbsp;&nbsp;&nbsp;&nbsp;&nbsp;&nbsp;&nbsp; <strong>5# - Escolher um bom host para hospedar o seu site:</strong><br />\r\n<br />\r\nDepois de escolher o seu dom&iacute;nio e &nbsp;fazer a contrata&ccedil;&atilde;o dele, t&aacute; na hora de escolher um &nbsp;bom servi&ccedil;o de&nbsp;hospedagem.<br />\r\nUm host de&nbsp;hospedagem&nbsp;de site nada mais &eacute; do um local onde voc&ecirc; ir&aacute; colocar os arquivos de seu site e usar a conex&atilde;o de internet que eles disponibilizam para voc&ecirc;, permitindo que seu publico alvo visite o seu site.&nbsp;<br />\r\n<br />\r\nExistem diversas caracteristicas&nbsp;que voc&ecirc; deve observar em um servi&ccedil;o de hospedagem. Por&eacute;m, todavia, contudo, como voc&ecirc; est&aacute; no CnW, vai receber de bandeja algumas dicas do que voc&ecirc; deve observar na hora de contratar esse servi&ccedil;o:<br />\r\nObserve se seu host tem suporte para banco de dados MySQL: isso &eacute; importante se voc&ecirc; vai&nbsp;criar um site com o pacote do&nbsp;WordPress e etc. Veja sem ele d&aacute; suporte para PHP, isso &eacute; muito importante se voc&ecirc; vai usar o pacote do&nbsp;Wordpress&nbsp;e outras linguagens para constru&ccedil;&atilde;o de sites din&acirc;micos.<br />\r\n<br />\r\nO espa&ccedil;o em disco m&iacute;nimo aceit&aacute;vel &eacute; algo pr&oacute;ximo &agrave; 50 MB. N&atilde;o use servi&ccedil;os que lhe entregarem menos do que isso.<br />\r\nAgora o mais importante a ser observado, o limite de transmiss&atilde;o de dados, nesse caso, como no anterior, a regra &eacute; simples prefira aquele servi&ccedil;o que lhe der mais. O m&iacute;nimo aceit&aacute;vel &eacute; algo em torno de 1 GB.<br />\r\nVeja se ele te d&aacute; um email pr&oacute;prio, n&atilde;o tem nada mais legal do que ter um e-mail profissional com a extens&atilde;o do nome do seu dom&iacute;nio.<br />\r\n<br />\r\nEnt&atilde;o &eacute; isso jovens padawans, espero ter ajudado,&nbsp; em artigos futuros falaremos mais em como desenvolver seu site, em como um bom layout pode interferir no seu crescimento e outras dicas.<br />\r\n<br />\r\nSe voc&ecirc; gostou, &eacute; s&oacute; clicar aqui em baixo e curtir, compartilha se achar interessante que o resto do mundo (exagerado) receba essas dicas, e pode deixar seu coment&aacute;rio, opini&atilde;o, critica e sugest&otilde;es para outros artigos, e n&atilde;o esque&ccedil;a de assinar nossa newsletter para receber artigos fresquinhos.<br />\r\n<br />\r\nAt&eacute; a pr&oacute;xima!<br />\r\n&nbsp;</p>\r\n', 'O Checklist fundamental para a criação do seu site.', '3.jpg', '2016-07-10 22:05:00', 'N', 8, '1', '2016-09-27 20:43:15', '2016-09-27 21:12:49', 41, 41, 'Y', 0, NULL, NULL, 'edição\r\n', 41, '2016-09-27 21:12:49'),
	(46, 6, 41, 61, 'O que você precisa saber antes de criar seu site!', 'o-que-voce-precisa-antes-de-criar-seu-site', '<p><img alt="" src="http://www.crescernaweb.com.br/webroot/img/img_editor/3416a75f4cea9109507cacd8e2f2aefc/images/antes_de_criar.jpg" style="border-style:solid; border-width:0px; float:left; height:248px; margin:5px; width:300px" />Salve amigos do Crescer na Web, estamos no segundo artigo do nosso caderno de tecnologia e se voc&ecirc; j&aacute; leu o primeiro e voltou para ler o segundo &eacute; sinal de que meu esfor&ccedil;o n&atilde;o foi em v&atilde;o. Agora,&nbsp;se voc&ecirc; est&aacute; aqui pela primeira vez, seja bem vindo ao CnW.<br />\r\n<br />\r\nAjeitem suas cadeiras porque l&aacute; vem mais informa&ccedil;&atilde;o.<br />\r\nEu me lembro que em 1900 e guaran&aacute; de rolha, o profissional ou empresa que n&atilde;o tinha um telefone estava fora da brincadeira. Passou um tempo e isso foi mudando, quem n&atilde;o tivesse um &nbsp;computador&nbsp; e&nbsp; e-mail j&aacute; estava ultrapassado .<br />\r\n<br />\r\n&nbsp;Hoje, se voc&ecirc; ou sua empresa n&atilde;o tem um site, com toda certeza pode estar perdendo uma grande chance de crescer. Os sites s&atilde;o sem duvida nenhuma uma das formas mais efetivas de divulgar as &nbsp;atividades de um profissional ou empresa e conseq&uuml;entemente &nbsp;fomentar o crescimento&nbsp; e sua lucratividade.<br />\r\n<br />\r\nDai, essa &eacute; a hora que voc&ecirc; deve estar euf&oacute;rico e falando:<br />\r\n- &quot;T&aacute;, ent&atilde;o vou fazer um site agora e bombar na internet.&quot;<br />\r\n<br />\r\nEspera ai, muita calma nessa hora jovem padawan! Voc&ecirc; precisa antes de mais nada, organizar o que voc&ecirc; quer e o que precisa para o seu site, esse &eacute; o momento essencial e talvez o mais complexo no desenvolvimento de um site de sucesso. Mas, como a id&eacute;ia do Crescer na Web &eacute; ajudar voc&ecirc;s, esse jovem (nem tanto assim) colunista ir&aacute; trazer a luz no fim do t&uacute;nel, em um magn&iacute;fico e fundamental Check List de o que voc&ecirc; deve fazer antes de criar um site.<br />\r\n<br />\r\n&nbsp;&nbsp;&nbsp;&nbsp;&nbsp;&nbsp;&nbsp;&nbsp;&nbsp;&nbsp;&nbsp;&nbsp;&nbsp;&nbsp;&nbsp; <strong>#1 - Quem eu quero alcan&ccedil;ar com o meu site?</strong><br />\r\nAntes de qualquer coisa, &nbsp;&eacute; preciso identificar qual &eacute; o seu publico alvo, o seu consumidor final, aquela pessoa que vai ver o seu produto e servi&ccedil;o e diz &quot; Cala a boca e toma aqui o meu dinheiro&quot;, para isso, pense sempre em para quem voc&ecirc; dirige o conte&uacute;do do seu site.&nbsp;<br />\r\n&nbsp;<br />\r\n&nbsp;&nbsp;&nbsp;&nbsp;&nbsp;&nbsp;&nbsp;&nbsp;&nbsp;&nbsp;&nbsp;&nbsp;&nbsp;&nbsp;&nbsp; <strong># 2 - Qual o objetivo do seu site?</strong><br />\r\nEsse passo serve pra te ajudar a entender as necessidades t&eacute;cnicas e a o conteudo que voc&ecirc; voc&ecirc; vai querer que seu site transmita. Por exemplo, se voc&ecirc; tem uma confeitaria, com toda certeza voc&ecirc; ir&aacute; precisar de uma galeria com fotos dos seus produtos e se voc&ecirc; trabalha com delivery, dever&aacute; adicionar um carrinho de compras em seu site. Se o voc&ecirc; &eacute; um profissional na &aacute;rea da m&uacute;sica e do show business, ir&aacute; precisar de players para que seu publico alvo possa ouvir trechos de suas musicas, e quem sabe at&eacute; de players de v&iacute;deo e uma agenda caso realize shows.<br />\r\n<br />\r\n&nbsp;&nbsp;&nbsp;&nbsp;&nbsp;&nbsp;&nbsp;&nbsp;&nbsp;&nbsp;&nbsp;&nbsp;&nbsp;&nbsp;&nbsp; <strong># 3 - Inspira&ccedil;&atilde;o.</strong><br />\r\nN&atilde;o tenha pressa, ela &eacute; a inimiga da perfei&ccedil;&atilde;o e um pedra no sapato de quem espera retorno de um Website,gaste um bom tempo pesquisando sites de concorrentes, isso n&atilde;o &eacute; vergonhoso e vai fazer com que voc&ecirc; tenha uma id&eacute;ia de o que eles tem de positivo, coloque-se no lugar dos seus clientes. Com isto voc&ecirc; ter&aacute; uma id&eacute;ia mais consistente de como deseja que seu site seja e refer&ecirc;ncias para dar mais dire&ccedil;&atilde;o a cria&ccedil;&atilde;o do seu site.<br />\r\n<br />\r\n&nbsp;&nbsp;&nbsp;&nbsp;&nbsp;&nbsp;&nbsp;&nbsp;&nbsp;&nbsp;&nbsp;&nbsp;&nbsp;&nbsp;&nbsp; <strong>#4 - Escolha um bom dom&iacute;nio para seu site.</strong>&nbsp;<br />\r\nEscolher um nome pro seu site &eacute; muito importante, e quanto mais curto e simples for, melhor. Uma boa dica &eacute; usar o planejador de palavras chaves do google, aquele que falei para voc&ecirc;s no nosso primeiro artigo. Dom&iacute;nios longos e complicados (paralelepipedospindamonhangaba.com.br) podem induzir o cliente ao erro &nbsp;e esse erro pode ser significado de vendas perdidas.<br />\r\n<br />\r\nTome muito cuidado com palavras em l&iacute;ngua estrangeira. usemos novamente o exemplo da confeitaria, voc&ecirc; criou o site e resolveu criar o dom&iacute;nio deliciousbreakfast.com.br. &nbsp;Ser&aacute; que seu cliente vai saber escrever corretamente esse dominio? Lembre-se, simplifique sempre!<br />\r\n<br />\r\n&nbsp;&nbsp;&nbsp;&nbsp;&nbsp;&nbsp;&nbsp;&nbsp;&nbsp;&nbsp;&nbsp;&nbsp;&nbsp;&nbsp;&nbsp; <strong>5# - Escolher um bom host para hospedar o seu site:</strong><br />\r\nDepois de escolher o seu dom&iacute;nio e &nbsp;fazer a contrata&ccedil;&atilde;o dele, t&aacute; na hora de escolher um &nbsp;bom servi&ccedil;o de&nbsp;hospedagem.<br />\r\nUm host de&nbsp;hospedagem&nbsp;de site nada mais &eacute; do um local onde voc&ecirc; ir&aacute; colocar os arquivos de seu site e usar a conex&atilde;o de internet que eles disponibilizam para voc&ecirc;, permitindo que seu publico alvo visite o seu site.&nbsp;<br />\r\n<br />\r\nExistem diversas caracteristicas&nbsp;que voc&ecirc; deve observar em um servi&ccedil;o de hospedagem. Por&eacute;m, todavia, contudo, como voc&ecirc; est&aacute; no CnW, vai receber de bandeja algumas dicas do que voc&ecirc; deve observar na hora de contratar esse servi&ccedil;o:<br />\r\nObserve se seu host tem suporte para banco de dados MySQL: isso &eacute; importante se voc&ecirc; vai&nbsp;criar um site com o pacote do&nbsp;WordPress e etc. Veja sem ele d&aacute; suporte para PHP, isso &eacute; muito importante se voc&ecirc; vai usar o pacote do&nbsp;Wordpress&nbsp;e outras linguagens para constru&ccedil;&atilde;o de sites din&acirc;micos.<br />\r\n<br />\r\nO espa&ccedil;o em disco m&iacute;nimo aceit&aacute;vel &eacute; algo pr&oacute;ximo &agrave; 50 MB. N&atilde;o use servi&ccedil;os que lhe entregarem menos do que isso.<br />\r\nAgora o mais importante a ser observado, o limite de transmiss&atilde;o de dados, nesse caso, como no anterior, a regra &eacute; simples prefira aquele servi&ccedil;o que lhe der mais. O m&iacute;nimo aceit&aacute;vel &eacute; algo em torno de 1 GB.<br />\r\nVeja se ele te d&aacute; um email pr&oacute;prio, n&atilde;o tem nada mais legal do que ter um e-mail profissional com a extens&atilde;o do nome do seu dom&iacute;nio.<br />\r\n<br />\r\nEnt&atilde;o &eacute; isso jovens padawans, espero ter ajudado,&nbsp; em artigos futuros falaremos mais em como desenvolver seu site, em como um bom layout pode interferir no seu crescimento e outras dicas.<br />\r\n<br />\r\nSe voc&ecirc; gostou, &eacute; s&oacute; clicar aqui em baixo e curtir, compartilha se achar interessante que o resto do mundo (exagerado) receba essas dicas,&nbsp;pode deixar seu coment&aacute;rio, opini&atilde;o, critica e sugest&otilde;es para outros artigos, e n&atilde;o esque&ccedil;a de assinar nossa newsletter para receber artigos fresquinhos.<br />\r\n<br />\r\nForte abra&ccedil;o e at&eacute; a pr&oacute;xima!<br />\r\n&nbsp;</p>\r\n', 'O Checklist fundamental para a criação do seu site.', '3.jpg', '2016-07-10 22:05:00', 'N', 9, '1', '2016-09-27 21:13:12', '2016-10-06 12:07:42', 41, 41, 'Y', 0, NULL, NULL, 'teste', 41, '2016-10-06 12:07:42'),
	(47, 5, 43, 63, 'Entenda seu modelo de negócios aplicando no Plano de Negócios, Canvas e Pitch Deck', 'entenda-seu-modelo-de-negocios-aplicando-no-plano-de-negocios-canvas-e-pitch-deck', '<img alt="" src="http://www.crescernaweb.com.br/webroot/img/img_editor/17e62166fc8586dfa4d1bc0e1742c08b/images/FUNDO%20NEGOCIOS2.jpg" style="float:left; height:248px; margin:10px; width:300px" />Esse artigo &eacute; para voc&ecirc; leitor que adora compartilhar o conhecimento e &eacute; entusiasta em Gest&atilde;o e Empreendedorismo. Ent&atilde;o, preparei algumas dicas para come&ccedil;ar a fundamentar seus <em>insights</em> em um modelo de neg&oacute;cio.<br />\r\nVamos come&ccedil;ar da forma mais direta poss&iacute;vel, esclarecendo uma das principais d&uacute;vidas de estudantes em diferentes &aacute;reas e novos empreendedores.<br />\r\n<br />\r\n<br />\r\n<strong>Qual a diferen&ccedil;a entre Modelo de Neg&oacute;cios e Plano de Neg&oacute;cios?</strong><br />\r\n<br />\r\nO Modelo de neg&oacute;cios &eacute; a l&oacute;gica descrita sobre o empreendimento e suas rela&ccedil;&otilde;es sist&ecirc;micas. J&aacute; o plano de negocio se consiste em relacionar os detalhes dessa intera&ccedil;&atilde;o, com proposta de valor, Metas bem definidas, An&aacute;lise de Custos, Tecnologias e Caracter&iacute;sticas da Equipe.<br />\r\n&nbsp;<br />\r\n<strong>&nbsp; &nbsp; &nbsp; &nbsp; #1 - PLANO DE NEGOCIO</strong><br />\r\n<strong>O Que &eacute;?</strong><br />\r\nBasicamente o plano de neg&oacute;cios &eacute; um documento de planejamento contendo vari&aacute;veis que viabiliza a estrat&eacute;gia e minimiza o risco do empreendimento.<br />\r\n<strong>Objetivos:</strong><br />\r\n&nbsp; &nbsp; &nbsp; &nbsp;<strong> 1&ordm; -</strong> Organizar e orientar o empreendedor a elaborar estrat&eacute;gias que auxiliam nas tomadas de decis&atilde;o e para orienta&ccedil;&atilde;o de oportunidades e riscos.<br />\r\n&nbsp; &nbsp; &nbsp; &nbsp;<strong> 2&ordm;</strong>&nbsp; - Apresenta&ccedil;&atilde;o estruturada do negocio para futuros investidores, s&oacute;cios ou parceiros comerciais.<br />\r\n<strong>Estrutura:</strong><br />\r\nA estrutura pode mudar por n&atilde;o possui um padr&atilde;o definido, mas as principais caracter&iacute;sticas seguem de acordo com o senso comum, segue exemplos abaixo:\r\n<ul>\r\n	<li><strong>Sum&aacute;rio Executivo:</strong> um dos pontos mais dif&iacute;ceis da elabora&ccedil;&atilde;o do plano, pois dever&aacute; conter as informa&ccedil;&otilde;es cruciais comunicar com o p&uacute;blico alvo qual a sua estrat&eacute;gia de neg&oacute;cio, miss&atilde;o, vis&atilde;o e valores.</li>\r\n	<li><strong>Empresa:</strong> descreve o hist&oacute;rico, estrutura organizacional, localidade e parceiros.</li>\r\n	<li><strong>Tipo de Neg&oacute;cio: </strong>Relaciona os Produtos/Servi&ccedil;os e caracter&iacute;sticas de produ&ccedil;&atilde;o</li>\r\n	<li><strong>Mercado</strong>: nesse ponto ocorre a analise interna sobre a produ&ccedil;&atilde;o e demanda e externa com os &iacute;ndices sobre o perfil dos clientes, canal de segmenta&ccedil;&atilde;o, vis&atilde;o sobre concorr&ecirc;ncia e riscos.</li>\r\n	<li><strong>Financeiro:</strong> Apresenta&ccedil;&atilde;o de valores em balan&ccedil;o, DRE, fluxo de Caixa, investimentos, &iacute;ndice de Liquidez Liquida e corrente, Prazo de retorno sobre investimentos e outros.</li>\r\n	<li><strong>Marketing: </strong>Basicamente os 4ps do Marketing (Produto, Pre&ccedil;o, Pra&ccedil;a e Promo&ccedil;&atilde;o).</li>\r\n	<li><strong>Log&iacute;stica:</strong> Estoque, fornecedor, transporte, Giro em estoque, Canal de distribui&ccedil;&atilde;o, posicionamento geogr&aacute;fico.</li>\r\n</ul>\r\nPara mais detalhes fa&ccedil;a o DOWNLOAD do nosso exemplo de <strong><em>Business Plan</em>. </strong><br />\r\nAgora que voc&ecirc; j&aacute; possui um conhecimento b&aacute;sico para come&ccedil;ar a estruturar seu <em>insight</em>, vamos a outras formas de organizar.<br />\r\n&nbsp;<br />\r\n<strong>&nbsp; &nbsp; &nbsp; &nbsp; #2 - CANVAS </strong><br />\r\n<strong>O que &eacute;?</strong><br />\r\n<em>Business Model Canv</em>as &eacute; uma ferramenta de planejamento estrat&eacute;gico, onde ser&aacute; ilustrada a estrutura do seu plano de negocio.<br />\r\n<strong>Objetivo:</strong><br />\r\nMapear e ilustrar de forma clara os principais pontos de um plano de negocio de forma &uacute;nica em um modelo coorporativo. Trata-se de uma ferramenta pratica e muito experimenta &oacute;timo para voc&ecirc; come&ccedil;ar a sistematizar suas id&eacute;ias.<br />\r\n<strong>Estrutura:</strong><br />\r\nPontos relevantes nos quadrantes:<br />\r\n<br />\r\nProposta de Valor |&nbsp;Segmento de Clientes |&nbsp;Relacionamentos com clientes |&nbsp;Atividade &ndash; chave |&nbsp;Recursos Principais |&nbsp;Parcerias Principais |&nbsp;Fontes de receita |&nbsp;Estrutura de custos.<br />\r\n<br />\r\n<strong>Vantagens:</strong>\r\n\r\n<ul>\r\n	<li>&nbsp;Redu&ccedil;&atilde;o de tempo e recursos, f&aacute;cil elabora&ccedil;&atilde;o.</li>\r\n	<li>&nbsp;Estruturado em quadros geram um comunica&ccedil;&atilde;o pr&aacute;tica,</li>\r\n	<li>&nbsp;F&aacute;cil acesso, n&atilde;o burocr&aacute;tico, Distribu&iacute;do em v&aacute;rias m&iacute;dias na web.</li>\r\n	<li>&nbsp;Visual de F&aacute;cil apresenta&ccedil;&atilde;o para investidores</li>\r\n	<li>&nbsp;Modelo estrutural &uacute;nico</li>\r\n</ul>\r\n<strong>Desvantagens:</strong>\r\n\r\n<ul>\r\n	<li>Analise superficial de riscos e controles</li>\r\n	<li>Vis&atilde;o macro falta detalhamento de processos internos e externos</li>\r\n	<li>Documenta&ccedil;&atilde;o superficial e custos poucos detalhados</li>\r\n</ul>\r\nFa&ccedil;a agora o download do <strong><em>Modelo Canvas business</em></strong> e tire suas d&uacute;vidas!&nbsp;&nbsp;&nbsp;&nbsp;&nbsp;&nbsp;&nbsp;<br />\r\n&nbsp;<br />\r\nSegue uma lista de ferramentas que poder&aacute; encontrar na web para elabora&ccedil;&atilde;o do seu plano de negocio.\r\n<ul>\r\n	<li>Business Model Designer &ndash; Acesso a explorar, projetar e inovar novos planos</li>\r\n	<li>Strategyzer - Possui v&aacute;rios modelos de Canvas e v&iacute;deos.</li>\r\n	<li>Launch Pad &ndash; Plataforma de valida&ccedil;&atilde;o de modelos de neg&oacute;cios</li>\r\n	<li>Canvanizer &ndash; Cont&eacute;m&nbsp; v&aacute;rios Modelos estruturados</li>\r\n</ul>\r\n<strong>Dica:</strong><br />\r\nOutro caminho &eacute; utilizar um quadro branco para desenhar o Canvas e pegar os famosos blocos auto-adesivos &ldquo;<em>Post it</em>&rdquo; e come&ccedil;ar a colar no Canvas, muito utilizado em Startups para sistematizar os conceitos e estrat&eacute;gias com a equipe.<br />\r\n<br />\r\n<strong>&nbsp; &nbsp; &nbsp; &nbsp; #3 - Estrutura de Pitch Deck</strong><br />\r\n<strong>O que &eacute;?</strong><br />\r\nPitch &eacute; uma forma de venda, j&aacute; o Pitch Deck &eacute; uma apresenta&ccedil;&atilde;o em slides.<br />\r\n<strong>Objetivo:</strong><br />\r\nApresentar uma breve descri&ccedil;&atilde;o do problema a solucionar e a descri&ccedil;&atilde;o da solu&ccedil;&atilde;o dos problemas dos clientes.<br />\r\nPreparado para apresentar seu plano de negocio para um investidor em 30 segundos?<br />\r\nUma solu&ccedil;&atilde;o &eacute; organizar com Pitch Deck.<br />\r\n<strong>Estrutura:</strong><br />\r\nA quantidade de slides pode mudar de acordo com a ocasi&atilde;o, variando entre 5 e 10 Slides e o tempo de 30 segundos a 15 minutos.<br />\r\n<strong>Segu&ecirc;ncia:&nbsp;</strong>\r\n\r\n<ol>\r\n	<li>Apresenta&ccedil;&atilde;o e tema</li>\r\n	<li>Problema ou Oportunidade</li>\r\n	<li>Solu&ccedil;&atilde;o e Questionamentos:</li>\r\n	<li>Amostra do produto / Servi&ccedil;o</li>\r\n	<li>Diferencial competitivo</li>\r\n	<li>Business Model (Modelo de Neg&oacute;cio)</li>\r\n	<li>Stakeholders</li>\r\n	<li>Plano de A&ccedil;&atilde;o, Financeiro e Marketing</li>\r\n	<li>Equipe e especialidades</li>\r\n</ol>\r\n&nbsp;<strong>Lista dos programas mais utilizados:</strong>\r\n\r\n<ol>\r\n	<li><em>Impress</em></li>\r\n	<li><em>Power point</em></li>\r\n	<li><em>Prezi</em></li>\r\n	<li><em>Sliderocket</em></li>\r\n	<li><em>Acrobat presentation</em></li>\r\n	<li><em>Google Docs</em></li>\r\n</ol>\r\nEnt&atilde;o, agora que o conhecimento foi compartilhado e sua chance de sucesso potencializada, defenda seu modelo de neg&oacute;cios com &ecirc;nfase no seu diferencial competitivo e tratando as necessidades do cliente com a melhor qualidade poss&iacute;vel.<br />\r\n<br />\r\nUm grande abra&ccedil;o e vamos nos encontramos em um pr&oacute;ximo artigo!<br />\r\n&nbsp;', 'Objetivo e esclarecer dúvidas de estudantes e empreendedores sobre modelo de negócios e suas modelagens em plano de negócios, Canvas e Pitch Deck.\r\n', '14.jpg', '2016-07-06 15:23:00', 'P', 27, '1', '2016-09-27 21:19:48', '2017-02-28 17:09:27', 43, 43, 'N', 127, 43, '2016-10-13 20:24:30', NULL, NULL, NULL),
	(48, 6, 41, 61, 'Os 5 Plugins SEO  para Wordpress que irão mudar sua vida! ', 'os-5-plugins-seo-para-wordpress_mudar_a_vida', '<p><img alt="" src="http://www.crescernaweb.com.br/webroot/img/img_editor/3416a75f4cea9109507cacd8e2f2aefc/images/5_plugins-seo.jpg" style="float:left; height:248px; margin-right:10px; width:280px" />Quando sentamos pela primeira vez para falarmos sobre o Crescer na Web eu sabia que teria grandes desafios, entre eles, passar para o papel (ok, para a tela) o conhecimento que adquiri nessa minha jornada no mundo tecnol&oacute;gico, mundo este que me fascina desde muito novo diga-se de passagem . Chamo essa tarefa de desafio porque portugu&ecirc;s&nbsp;sempre foi&nbsp;umas da mat&eacute;rias que mais me assustavam e espero que nenhuma professora minha esteja lendo esse artigo agora.<br />\r\n<br />\r\nEscolher um tema para meu primeiro artigo me rendeu pelo menos o fim de semana inteiro, s&atilde;o tantos assuntos interessantes que quero trazer para voc&ecirc;s que fiquei louco, mas quando decidi mexer no Wordpress, a inspira&ccedil;&atilde;o veio como um flecha.<br />\r\n<br />\r\nBem, chega de hist&oacute;ria e vamos ao que nos interessa.<br />\r\n<br />\r\nHoje traremos para voc&ecirc;s uma ferramenta mais do que fundamental para o sucesso de seu site ou blog desenvolvido em Wordpress, os Plugins de SEO.<br />\r\n<br />\r\n<strong>Antes de mais nada, o que &eacute; SEO?</strong><br />\r\n<br />\r\nSEO&nbsp;significa&nbsp;Search Engine Optimization&nbsp;ou&nbsp;Otimiza&ccedil;&atilde;o para Buscas. Com&nbsp;os mecanismos dos sites de busca como google, yahoo e tantos outro, surgiram as &nbsp;t&eacute;cnicas de SEO, que nada mais s&atilde;o do que a&nbsp;otimiza&ccedil;&atilde;o de p&aacute;ginas para melhor compreens&atilde;o das ferramentas de busca. Em um futuro n&atilde;o t&atilde;o distante assim, o Crescer na Web ira tratar do assunto SEO de forma mais completa, o intuito agora &eacute; que voc&ecirc;s conhe&ccedil;am plugins que far&atilde;o esse servi&ccedil;o de forma eficiente e sem dores de cabe&ccedil;a.<br />\r\n&nbsp;&nbsp;&nbsp;&nbsp;&nbsp;&nbsp;&nbsp;&nbsp;<br />\r\nSites constru&iacute;dos com um SEO&nbsp;bem preparado tendem a ter maior&nbsp;relev&acirc;ncia nos resultados de buscas, aumentando assim sua&nbsp;visibilidade&nbsp;e a&nbsp;probabilidade de acessos, justamente por esse motivo, criei uma lista com os cinco melhores plugins de SEO para Wordpress que tenho certeza que vai ajudar muitos de voc&ecirc;s no desenvolvimento de seus sites e blogs:<br />\r\n<br />\r\n&nbsp; &nbsp; &nbsp; &nbsp; &nbsp; &nbsp; &nbsp; &nbsp; <strong>#1&nbsp;- All in One SEO Pack </strong><br />\r\nEste &eacute; o plugin mais usado entre os mais conhecidos, &eacute; o popstar dos Pugins SEO para Wordpress. Ele permite ao usu&aacute;rio definir &nbsp;fun&ccedil;&otilde;es b&aacute;sicas de SEO, como criar palavra-chave, t&iacute;tulos, meta tags, e uma descri&ccedil;&atilde;o para cada p&aacute;gina ou post do site ou blog. Al&eacute;m disso, provem recursos para evitar a duplica&ccedil;&atilde;o de conte&uacute;do, entre outras caracter&iacute;sticas. Com esse plugin voc&ecirc;s com certeza ir&atilde;o conseguir bons resultados nos motores de busca. O <strong>All in One SEO Pack</strong> conta com uma vers&atilde;o gratuita e a vers&atilde;o pr&oacute;.<br />\r\n<br />\r\n&nbsp;&nbsp;&nbsp;&nbsp;&nbsp;&nbsp;&nbsp;&nbsp;&nbsp;&nbsp;&nbsp;&nbsp;&nbsp;&nbsp;&nbsp; <strong>#2 - WordPress SEO By Yoast</strong><br />\r\nOutro excelente plugin, o <strong>SEO By Yoast</strong> permite aos seus usu&aacute;rios rastrearem determinadas palavras-chave em p&aacute;ginas ou posts para ter certeza de que elas foram colocadas em &nbsp;t&iacute;tulos, headres, urls, e etc. Ele ainda oferece uma visualiza&ccedil;&atilde;o de como a sua publica&ccedil;&atilde;o ir&aacute; aparecer nos motores de busca. O melhor de tudo &eacute; que o <strong>WordPress SEO By Yoast </strong>&eacute; totalmente gratuito.<br />\r\n<br />\r\n<strong>&nbsp;&nbsp;&nbsp;&nbsp;&nbsp;&nbsp;&nbsp;&nbsp;&nbsp;&nbsp;&nbsp;&nbsp;&nbsp;&nbsp;&nbsp; #3 - XML sitemaps 2.Google</strong><br />\r\nEsse Plugin permite que seu site ou blog seja indexado no Google e outros motores de busca. Sua principal fun&ccedil;&atilde;o &eacute; criar um arquivo xml com o seu site todo organizado por links. Um sitemap &eacute; simplesmente um&nbsp;mapa completo do seu site, que ir&aacute; mostrar para o google onde buscar as informa&ccedil;&otilde;es, tornando essa busca muito mais r&aacute;pida e precisa, e como o <strong>XML sitemaps 2.Google </strong>permite o uso em paralelo de outro plugin SEO e se eles estiverem bem alinhados, com certeza seu site ter&aacute; uma boa posi&ccedil;&atilde;o nos motores de busca. Ele tamb&eacute;m &eacute; gratuito, podem usar a vontade.<br />\r\n<br />\r\n&nbsp;&nbsp;&nbsp;&nbsp;&nbsp;&nbsp;&nbsp;&nbsp;&nbsp;&nbsp;&nbsp;&nbsp;&nbsp;&nbsp;&nbsp; <strong>#4 - HeadSpace2</strong><br />\r\nEle &eacute; bem parecido com&nbsp;o&nbsp;All in One SEO Pack, tendo sutis diferen&ccedil;as, a principal delas &eacute; que &nbsp;quando voc&ecirc;s escreverem um post, o <strong>HeadSpace2</strong> ir&aacute; sugerir que palavras-chave devem ser utilizadas. Al&eacute;m disso, ele facilita a inser&ccedil;&atilde;o de c&oacute;digo do&nbsp;Google Analytics para suas analises. Este plugin ir&aacute; cuidar de toda a parte do SEO que seu site ou blog precisa. Assim como o All in One SEO Pack, ele tamb&eacute;m pode ser encontrado nas vers&otilde;es gratuita e pr&oacute;.<br />\r\n<br />\r\n<strong>&nbsp;&nbsp;&nbsp;&nbsp;&nbsp;&nbsp;&nbsp;&nbsp;&nbsp;&nbsp;&nbsp;&nbsp;&nbsp;&nbsp;&nbsp; #5 - &nbsp;SEO Ultimate</strong><br />\r\nEsse plugin &eacute; de f&aacute;cil edi&ccedil;&atilde;o de meta descri&ccedil;&atilde;o, ferramentas que podem ajudar a melhorar sua estrat&eacute;gia de vincula&ccedil;&atilde;o ,&nbsp;editor de permalink f&aacute;cil e muito, muito mais. A caracter&iacute;stica mais importante do <strong>Seo Ultimate </strong>&eacute; a capacidade de adicionar Meta descriptions para cada post e cada p&aacute;gina que existe no seu Blog ou site WordPress.&nbsp;Ele ainda traz com um contador de caracteres instalado que ir&aacute; contar quantos caracteres foram utilizados, j&aacute; que a maioria dos motores de busca l&ecirc;em somente os primeiros 140 caracteres da meta description. Esse plugin tamb&eacute;m est&aacute; dispon&iacute;vel em vers&otilde;es gratuitas e pagas.<br />\r\n<br />\r\nEnt&atilde;o &eacute; isso, miss&atilde;o cumprida, o primeiro artigo de nossa coluna de tecnologia est&aacute; escrito e espero que tenha ajudado a voc&ecirc;s. Queridas professoras de portugu&ecirc;s, acho que minha fobia se foi, estou curado, agora vou escrever sem medo de ser feliz.<br />\r\n<br />\r\nSugest&otilde;es, coment&aacute;rios, id&eacute;ias e criticas podem e devem ser enviadas&nbsp; para que possamos melhorar nosso material e saciar da melhor forma poss&iacute;vel o apetite por conhecimento que sabemos que voc&ecirc;s tem.<br />\r\n<br />\r\nForte abra&ccedil;o e at&eacute; nosso pr&oacute;ximo encontro!<br />\r\n&nbsp;</p>\r\n', 'Os 5 melhores, super, hiper, ultra Plugins SEO para Wordpress. ', '4.jpg', '2016-06-24 22:17:00', 'P', 10, '1', '2016-09-27 23:06:26', '2017-02-28 17:09:27', 41, 41, 'N', 103, 41, '2016-09-27 23:08:34', NULL, NULL, NULL),
	(49, 6, 41, 61, 'Teste', 'teste', 'teste', 'teste', NULL, '2016-10-06 12:03:00', 'R', 11, '1', '2016-10-06 12:03:56', '2016-10-06 12:05:57', 41, 41, 'Y', 0, NULL, NULL, NULL, NULL, NULL),
	(50, 6, 41, 61, 'Teste', 'teste', 'teste', NULL, NULL, '2016-10-06 12:06:00', 'R', 11, '1', '2016-10-06 12:06:20', '2016-10-06 13:20:18', 41, 41, 'Y', 0, NULL, NULL, NULL, NULL, NULL),
	(51, 6, 41, 61, 'Lorem Ipsum', 'lorem-ipsum', '&quot;<em>Lorem ipsum dolor sit amet, consectetur adipiscing elit. Etiam eget ligula eu lectus lobortis condimentum. Aliquam nonummy auctor massa. Pellentesque habitant morbi tristique senectus et netus et malesuada fames ac turpis egestas. Nulla at risus. Quisque purus magna, auctor et, sagittis ac, posuere eu, lectus. Nam mattis, felis ut adipiscing.</em>&quot;', 'Lorem ipsum dolor sit amet, consectetur adipiscing elit.', '12.jpg', '2016-10-06 12:14:00', 'R', 13, '1', '2016-10-06 12:15:31', '2016-11-03 22:34:59', 41, 41, 'Y', 0, NULL, NULL, NULL, NULL, NULL),
	(52, 6, 41, 61, 'lorem ipsum1', 'lorem-ipsum1', '&quot;<em>Lorem ipsum dolor sit amet, consectetur adipiscing elit. Etiam eget ligula eu lectus lobortis condimentum. Aliquam nonummy auctor massa. Pellentesque habitant morbi tristique senectus et netus et malesuada fames ac turpis egestas. Nulla at risus. Quisque purus magna, auctor et, sagittis ac, posuere eu, lectus. Nam mattis, felis ut adipiscing.</em>&quot;', NULL, NULL, '2016-10-06 12:15:00', 'R', 14, '1', '2016-10-06 12:20:12', '2016-10-06 12:24:16', 41, 41, 'Y', 0, NULL, NULL, NULL, NULL, NULL),
	(53, 6, 41, 61, 'O que você precisa saber antes de criar seu site!', 'o-que-voce-precisa-antes-de-criar-seu-site', '<p><img alt="" src="http://www.crescernaweb.com.br/webroot/img/img_editor/3416a75f4cea9109507cacd8e2f2aefc/images/antes_de_criar.jpg" style="border-style:solid; border-width:0px; float:left; height:248px; margin:5px; width:300px" />Salve amigos do Crescer na Web, estamos no segundo artigo do nosso caderno de tecnologia e se voc&ecirc; j&aacute; leu o primeiro e voltou para ler o segundo &eacute; sinal de que meu esfor&ccedil;o n&atilde;o foi em v&atilde;o. Agora,&nbsp;se voc&ecirc; est&aacute; aqui pela primeira vez, seja bem vindo ao CnW.<br />\r\n<br />\r\nAjeitem suas cadeiras porque l&aacute; vem mais informa&ccedil;&atilde;o.<br />\r\nEu me lembro que em 1900 e guaran&aacute; de rolha, o profissional ou empresa que n&atilde;o tinha um telefone estava fora da brincadeira. Passou um tempo e isso foi mudando, quem n&atilde;o tivesse um &nbsp;computador&nbsp; e&nbsp; e-mail j&aacute; estava ultrapassado .<br />\r\n<br />\r\n&nbsp;Hoje, se voc&ecirc; ou sua empresa n&atilde;o tem um site, com toda certeza pode estar perdendo uma grande chance de crescer. Os sites s&atilde;o sem duvida nenhuma uma das formas mais efetivas de divulgar as &nbsp;atividades de um profissional ou empresa e conseq&uuml;entemente &nbsp;fomentar o crescimento&nbsp; e sua lucratividade.<br />\r\n<br />\r\nDai, essa &eacute; a hora que voc&ecirc; deve estar euf&oacute;rico e falando:<br />\r\n- &quot;T&aacute;, ent&atilde;o vou fazer um site agora e bombar na internet.&quot;<br />\r\n<br />\r\nEspera ai, muita calma nessa hora jovem padawan! Voc&ecirc; precisa antes de mais nada, organizar o que voc&ecirc; quer e o que precisa para o seu site, esse &eacute; o momento essencial e talvez o mais complexo no desenvolvimento de um site de sucesso. Mas, como a id&eacute;ia do Crescer na Web &eacute; ajudar voc&ecirc;s, esse jovem (nem tanto assim) colunista ir&aacute; trazer a luz no fim do t&uacute;nel, em um magn&iacute;fico e fundamental Check List de o que voc&ecirc; deve fazer antes de criar um site.<br />\r\n<br />\r\n&nbsp;&nbsp;&nbsp;&nbsp;&nbsp;&nbsp;&nbsp;&nbsp;&nbsp;&nbsp;&nbsp;&nbsp;&nbsp;&nbsp;&nbsp; <strong>#1 - Quem eu quero alcan&ccedil;ar com o meu site?</strong><br />\r\nAntes de qualquer coisa, &nbsp;&eacute; preciso identificar qual &eacute; o seu publico alvo, o seu consumidor final, aquela pessoa que vai ver o seu produto e servi&ccedil;o e diz &quot; Cala a boca e toma aqui o meu dinheiro&quot;, para isso, pense sempre em para quem voc&ecirc; dirige o conte&uacute;do do seu site.&nbsp;<br />\r\n&nbsp;<br />\r\n&nbsp;&nbsp;&nbsp;&nbsp;&nbsp;&nbsp;&nbsp;&nbsp;&nbsp;&nbsp;&nbsp;&nbsp;&nbsp;&nbsp;&nbsp; <strong># 2 - Qual o objetivo do seu site?</strong><br />\r\nEsse passo serve pra te ajudar a entender as necessidades t&eacute;cnicas e a o conteudo que voc&ecirc; voc&ecirc; vai querer que seu site transmita. Por exemplo, se voc&ecirc; tem uma confeitaria, com toda certeza voc&ecirc; ir&aacute; precisar de uma galeria com fotos dos seus produtos e se voc&ecirc; trabalha com delivery, dever&aacute; adicionar um carrinho de compras em seu site. Se o voc&ecirc; &eacute; um profissional na &aacute;rea da m&uacute;sica e do show business, ir&aacute; precisar de players para que seu publico alvo possa ouvir trechos de suas musicas, e quem sabe at&eacute; de players de v&iacute;deo e uma agenda caso realize shows.<br />\r\n<br />\r\n&nbsp;&nbsp;&nbsp;&nbsp;&nbsp;&nbsp;&nbsp;&nbsp;&nbsp;&nbsp;&nbsp;&nbsp;&nbsp;&nbsp;&nbsp; <strong># 3 - Inspira&ccedil;&atilde;o.</strong><br />\r\nN&atilde;o tenha pressa, ela &eacute; a inimiga da perfei&ccedil;&atilde;o e um pedra no sapato de quem espera retorno de um Website,gaste um bom tempo pesquisando sites de concorrentes, isso n&atilde;o &eacute; vergonhoso e vai fazer com que voc&ecirc; tenha uma id&eacute;ia de o que eles tem de positivo, coloque-se no lugar dos seus clientes. Com isto voc&ecirc; ter&aacute; uma id&eacute;ia mais consistente de como deseja que seu site seja e refer&ecirc;ncias para dar mais dire&ccedil;&atilde;o a cria&ccedil;&atilde;o do seu site.<br />\r\n<br />\r\n&nbsp;&nbsp;&nbsp;&nbsp;&nbsp;&nbsp;&nbsp;&nbsp;&nbsp;&nbsp;&nbsp;&nbsp;&nbsp;&nbsp;&nbsp; <strong>#4 - Escolha um bom dom&iacute;nio para seu site.</strong>&nbsp;<br />\r\nEscolher um nome pro seu site &eacute; muito importante, e quanto mais curto e simples for, melhor. Uma boa dica &eacute; usar o planejador de palavras chaves do google, aquele que falei para voc&ecirc;s no nosso primeiro artigo. Dom&iacute;nios longos e complicados (paralelepipedospindamonhangaba.com.br) podem induzir o cliente ao erro &nbsp;e esse erro pode ser significado de vendas perdidas.<br />\r\n<br />\r\nTome muito cuidado com palavras em l&iacute;ngua estrangeira. usemos novamente o exemplo da confeitaria, voc&ecirc; criou o site e resolveu criar o dom&iacute;nio deliciousbreakfast.com.br. &nbsp;Ser&aacute; que seu cliente vai saber escrever corretamente esse dominio? Lembre-se, simplifique sempre!<br />\r\n<br />\r\n&nbsp;&nbsp;&nbsp;&nbsp;&nbsp;&nbsp;&nbsp;&nbsp;&nbsp;&nbsp;&nbsp;&nbsp;&nbsp;&nbsp;&nbsp; <strong>5# - Escolher um bom host para hospedar o seu site:</strong><br />\r\nDepois de escolher o seu dom&iacute;nio e &nbsp;fazer a contrata&ccedil;&atilde;o dele, t&aacute; na hora de escolher um &nbsp;bom servi&ccedil;o de&nbsp;hospedagem.<br />\r\nUm host de&nbsp;hospedagem&nbsp;de site nada mais &eacute; do um local onde voc&ecirc; ir&aacute; colocar os arquivos de seu site e usar a conex&atilde;o de internet que eles disponibilizam para voc&ecirc;, permitindo que seu publico alvo visite o seu site.&nbsp;<br />\r\n<br />\r\nExistem diversas caracteristicas&nbsp;que voc&ecirc; deve observar em um servi&ccedil;o de hospedagem. Por&eacute;m, todavia, contudo, como voc&ecirc; est&aacute; no CnW, vai receber de bandeja algumas dicas do que voc&ecirc; deve observar na hora de contratar esse servi&ccedil;o:<br />\r\nObserve se seu host tem suporte para banco de dados MySQL: isso &eacute; importante se voc&ecirc; vai&nbsp;criar um site com o pacote do&nbsp;WordPress e etc. Veja sem ele d&aacute; suporte para PHP, isso &eacute; muito importante se voc&ecirc; vai usar o pacote do&nbsp;Wordpress&nbsp;e outras linguagens para constru&ccedil;&atilde;o de sites din&acirc;micos.<br />\r\n<br />\r\nO espa&ccedil;o em disco m&iacute;nimo aceit&aacute;vel &eacute; algo pr&oacute;ximo &agrave; 50 MB. N&atilde;o use servi&ccedil;os que lhe entregarem menos do que isso.<br />\r\nAgora o mais importante a ser observado, o limite de transmiss&atilde;o de dados, nesse caso, como no anterior, a regra &eacute; simples prefira aquele servi&ccedil;o que lhe der mais. O m&iacute;nimo aceit&aacute;vel &eacute; algo em torno de 1 GB.<br />\r\nVeja se ele te d&aacute; um email pr&oacute;prio, n&atilde;o tem nada mais legal do que ter um e-mail profissional com a extens&atilde;o do nome do seu dom&iacute;nio.<br />\r\n<br />\r\nEnt&atilde;o &eacute; isso jovens padawans, espero ter ajudado,&nbsp; em artigos futuros falaremos mais em como desenvolver seu site, em como um bom layout pode interferir no seu crescimento e outras dicas.<br />\r\n<br />\r\nSe voc&ecirc; gostou, &eacute; s&oacute; clicar aqui em baixo e curtir, compartilha se achar interessante que o resto do mundo (exagerado) receba essas dicas,&nbsp;pode deixar seu coment&aacute;rio, opini&atilde;o, critica e sugest&otilde;es para outros artigos, e n&atilde;o esque&ccedil;a de assinar nossa newsletter para receber artigos fresquinhos.<br />\r\n<br />\r\nForte abra&ccedil;o e at&eacute; a pr&oacute;xima!<br />\r\n&nbsp;</p>\r\n', 'O Checklist fundamental para a criação do seu site.', '3.jpg', '2016-07-10 22:05:00', 'N', 9, '2', '2016-10-06 13:31:09', '2016-10-07 12:47:42', 41, 41, 'Y', 0, NULL, NULL, 'teste', 41, '2016-10-07 12:47:42'),
	(54, 6, 41, 61, 'asdsdfg', 'asdsdfg', 'sadasfdghhefrwfwfxcgfr', 'dffgghfh', '14.jpg', '2016-10-06 16:38:00', 'R', 14, '1', '2016-10-06 16:39:17', '2016-10-06 16:41:43', 41, 41, 'Y', 0, NULL, NULL, NULL, NULL, NULL),
	(55, 6, 41, 61, 'Manual do Colunista', 'manual-do-colunista', 'Ap&oacute;s clicar no caderno desejado, voc&ecirc; ser&aacute; direcionado ao seu respectivo caderno, onde poder&aacute; verificar um resumo de seus artigos, conforme abaixo;<br />\r\n<br />\r\n<br />\r\n<strong>#1 &ndash; Publicados</strong> &ndash; S&atilde;o os artigo que foram aprovados pelos moderadores e foram publicados no portal.<br />\r\n<strong>#2 &ndash; Em an&aacute;lise</strong> &ndash; S&atilde;o os artigos que foram enviados para an&aacute;lise dos moderadores, ainda n&atilde;o aprovados.<br />\r\n<strong>#3 &ndash; Em Rascunho</strong> &ndash; S&atilde;o os artigos que foram escritos por voc&ecirc;, mas n&atilde;o foram enviados a modera&ccedil;&atilde;o para an&aacute;lise e aprova&ccedil;&atilde;o<br />\r\n<strong>#4 &ndash; Artigos que voltaram para revis&atilde;o</strong> &ndash; S&atilde;o artigos que foram reprovados pelos moderadores e que carecem de corre&ccedil;&atilde;o ou adequa&ccedil;&atilde;o<br />\r\n<br />\r\n<br />\r\n&nbsp;', 'Esse manual tem por objetivo, orientar os colunistas como publicar seus artigos no portal Crescer na Web.', '14.jpg', '2016-10-07 12:46:00', 'R', 14, '1', '2016-10-07 12:46:53', '2016-11-03 22:34:54', 41, 41, 'Y', 0, NULL, NULL, NULL, NULL, NULL),
	(56, 6, 41, 61, 'O que você precisa saber antes de criar seu site!', 'o-que-voce-precisa-antes-de-criar-seu-site', '<p><img alt="" src="http://www.crescernaweb.com.br/webroot/img/img_editor/3416a75f4cea9109507cacd8e2f2aefc/images/antes_de_criar.jpg" style="border-style:solid; border-width:0px; float:left; height:248px; margin:5px; width:300px" />Salve amigos do Crescer na Web, estamos no segundo artigo do nosso caderno de tecnologia e se voc&ecirc; j&aacute; leu o primeiro e voltou para ler o segundo &eacute; sinal de que meu esfor&ccedil;o n&atilde;o foi em v&atilde;o. Agora,&nbsp;se voc&ecirc; est&aacute; aqui pela primeira vez, seja bem vindo ao CnW.<br />\r\n<br />\r\nAjeitem suas cadeiras porque l&aacute; vem mais informa&ccedil;&atilde;o.<br />\r\nEu me lembro que em 1900 e guaran&aacute; de rolha, o profissional ou empresa que n&atilde;o tinha um telefone estava fora da brincadeira. Passou um tempo e isso foi mudando, quem n&atilde;o tivesse um &nbsp;computador&nbsp; e&nbsp; e-mail j&aacute; estava ultrapassado .<br />\r\n<br />\r\n&nbsp;Hoje, se voc&ecirc; ou sua empresa n&atilde;o tem um site, com toda certeza pode estar perdendo uma grande chance de crescer. Os sites s&atilde;o sem duvida nenhuma uma das formas mais efetivas de divulgar as &nbsp;atividades de um profissional ou empresa e conseq&uuml;entemente &nbsp;fomentar o crescimento&nbsp; e sua lucratividade.<br />\r\n<br />\r\nDai, essa &eacute; a hora que voc&ecirc; deve estar euf&oacute;rico e falando:<br />\r\n- &quot;T&aacute;, ent&atilde;o vou fazer um site agora e bombar na internet.&quot;<br />\r\n<br />\r\nEspera ai, muita calma nessa hora jovem padawan! Voc&ecirc; precisa antes de mais nada, organizar o que voc&ecirc; quer e o que precisa para o seu site, esse &eacute; o momento essencial e talvez o mais complexo no desenvolvimento de um site de sucesso. Mas, como a id&eacute;ia do Crescer na Web &eacute; ajudar voc&ecirc;s, esse jovem (nem tanto assim) colunista ir&aacute; trazer a luz no fim do t&uacute;nel, em um magn&iacute;fico e fundamental Check List de o que voc&ecirc; deve fazer antes de criar um site.<br />\r\n<br />\r\n&nbsp;&nbsp;&nbsp;&nbsp;&nbsp;&nbsp;&nbsp;&nbsp;&nbsp;&nbsp;&nbsp;&nbsp;&nbsp;&nbsp;&nbsp; <strong>#1 - Quem eu quero alcan&ccedil;ar com o meu site?</strong><br />\r\nAntes de qualquer coisa, &nbsp;&eacute; preciso identificar qual &eacute; o seu publico alvo, o seu consumidor final, aquela pessoa que vai ver o seu produto e servi&ccedil;o e diz &quot; Cala a boca e toma aqui o meu dinheiro&quot;, para isso, pense sempre em para quem voc&ecirc; dirige o conte&uacute;do do seu site.&nbsp;<br />\r\n&nbsp;<br />\r\n&nbsp;&nbsp;&nbsp;&nbsp;&nbsp;&nbsp;&nbsp;&nbsp;&nbsp;&nbsp;&nbsp;&nbsp;&nbsp;&nbsp;&nbsp; <strong># 2 - Qual o objetivo do seu site?</strong><br />\r\nEsse passo serve pra te ajudar a entender as necessidades t&eacute;cnicas e a o conteudo que voc&ecirc; voc&ecirc; vai querer que seu site transmita. Por exemplo, se voc&ecirc; tem uma confeitaria, com toda certeza voc&ecirc; ir&aacute; precisar de uma galeria com fotos dos seus produtos e se voc&ecirc; trabalha com delivery, dever&aacute; adicionar um carrinho de compras em seu site. Se o voc&ecirc; &eacute; um profissional na &aacute;rea da m&uacute;sica e do show business, ir&aacute; precisar de players para que seu publico alvo possa ouvir trechos de suas musicas, e quem sabe at&eacute; de players de v&iacute;deo e uma agenda caso realize shows.<br />\r\n<br />\r\n&nbsp;&nbsp;&nbsp;&nbsp;&nbsp;&nbsp;&nbsp;&nbsp;&nbsp;&nbsp;&nbsp;&nbsp;&nbsp;&nbsp;&nbsp; <strong># 3 - Inspira&ccedil;&atilde;o.</strong><br />\r\nN&atilde;o tenha pressa, ela &eacute; a inimiga da perfei&ccedil;&atilde;o e um pedra no sapato de quem espera retorno de um Website,gaste um bom tempo pesquisando sites de concorrentes, isso n&atilde;o &eacute; vergonhoso e vai fazer com que voc&ecirc; tenha uma id&eacute;ia de o que eles tem de positivo, coloque-se no lugar dos seus clientes. Com isto voc&ecirc; ter&aacute; uma id&eacute;ia mais consistente de como deseja que seu site seja e refer&ecirc;ncias para dar mais dire&ccedil;&atilde;o a cria&ccedil;&atilde;o do seu site.<br />\r\n<br />\r\n&nbsp;&nbsp;&nbsp;&nbsp;&nbsp;&nbsp;&nbsp;&nbsp;&nbsp;&nbsp;&nbsp;&nbsp;&nbsp;&nbsp;&nbsp; <strong>#4 - Escolha um bom dom&iacute;nio para seu site.</strong>&nbsp;<br />\r\nEscolher um nome pro seu site &eacute; muito importante, e quanto mais curto e simples for, melhor. Uma boa dica &eacute; usar o planejador de palavras chaves do google, aquele que falei para voc&ecirc;s no nosso primeiro artigo. Dom&iacute;nios longos e complicados (paralelepipedospindamonhangaba.com.br) podem induzir o cliente ao erro &nbsp;e esse erro pode ser significado de vendas perdidas.<br />\r\n<br />\r\nTome muito cuidado com palavras em l&iacute;ngua estrangeira. usemos novamente o exemplo da confeitaria, voc&ecirc; criou o site e resolveu criar o dom&iacute;nio deliciousbreakfast.com.br. &nbsp;Ser&aacute; que seu cliente vai saber escrever corretamente esse dominio? Lembre-se, simplifique sempre!<br />\r\n<br />\r\n&nbsp;&nbsp;&nbsp;&nbsp;&nbsp;&nbsp;&nbsp;&nbsp;&nbsp;&nbsp;&nbsp;&nbsp;&nbsp;&nbsp;&nbsp; <strong>5# - Escolher um bom host para hospedar o seu site:</strong><br />\r\nDepois de escolher o seu dom&iacute;nio e &nbsp;fazer a contrata&ccedil;&atilde;o dele, t&aacute; na hora de escolher um &nbsp;bom servi&ccedil;o de&nbsp;hospedagem.<br />\r\nUm host de&nbsp;hospedagem&nbsp;de site nada mais &eacute; do um local onde voc&ecirc; ir&aacute; colocar os arquivos de seu site e usar a conex&atilde;o de internet que eles disponibilizam para voc&ecirc;, permitindo que seu publico alvo visite o seu site.&nbsp;<br />\r\n<br />\r\nExistem diversas caracteristicas&nbsp;que voc&ecirc; deve observar em um servi&ccedil;o de hospedagem. Por&eacute;m, todavia, contudo, como voc&ecirc; est&aacute; no CnW, vai receber de bandeja algumas dicas do que voc&ecirc; deve observar na hora de contratar esse servi&ccedil;o:<br />\r\nObserve se seu host tem suporte para banco de dados MySQL: isso &eacute; importante se voc&ecirc; vai&nbsp;criar um site com o pacote do&nbsp;WordPress e etc. Veja sem ele d&aacute; suporte para PHP, isso &eacute; muito importante se voc&ecirc; vai usar o pacote do&nbsp;Wordpress&nbsp;e outras linguagens para constru&ccedil;&atilde;o de sites din&acirc;micos.<br />\r\n<br />\r\nO espa&ccedil;o em disco m&iacute;nimo aceit&aacute;vel &eacute; algo pr&oacute;ximo &agrave; 50 MB. N&atilde;o use servi&ccedil;os que lhe entregarem menos do que isso.<br />\r\nAgora o mais importante a ser observado, o limite de transmiss&atilde;o de dados, nesse caso, como no anterior, a regra &eacute; simples prefira aquele servi&ccedil;o que lhe der mais. O m&iacute;nimo aceit&aacute;vel &eacute; algo em torno de 1 GB.<br />\r\nVeja se ele te d&aacute; um email pr&oacute;prio, n&atilde;o tem nada mais legal do que ter um e-mail profissional com a extens&atilde;o do nome do seu dom&iacute;nio.<br />\r\n<br />\r\nEnt&atilde;o &eacute; isso jovens padawans, espero ter ajudado,&nbsp; em artigos futuros falaremos mais em como desenvolver seu site, em como um bom layout pode interferir no seu crescimento e outras dicas.<br />\r\n<br />\r\nSe voc&ecirc; gostou, &eacute; s&oacute; clicar aqui em baixo e curtir, compartilha se achar interessante que o resto do mundo (exagerado) receba essas dicas,&nbsp;pode deixar seu coment&aacute;rio, opini&atilde;o, critica e sugest&otilde;es para outros artigos, e n&atilde;o esque&ccedil;a de assinar nossa newsletter para receber artigos fresquinhos.<br />\r\n<br />\r\nForte abra&ccedil;o e at&eacute; a pr&oacute;xima!<br />\r\n&nbsp;</p>\r\n', 'O Checklist fundamental para a criação do seu site.', '3.jpg', '2016-07-10 22:05:00', 'P', 9, '3', '2016-10-13 20:57:23', '2017-02-28 17:09:26', 41, 41, 'N', 124, 41, '2016-10-13 20:57:56', NULL, NULL, NULL),
	(57, 6, 41, 61, 'Do HTML ao HTML5', 'do-html-ao-html5', '<p>Muitos desenvolvedores iniciantes ou at&eacute; mesmo os mais calejados&nbsp;conhecem o HTML, &eacute; impossivel desenvolver websites sem o minimo de conhecimento sobre essa linguagem. Mas ser&aacute; que todos conhecem a hist&oacute;ria do HTML, quem o criou, de onde veio, onde vive, o que come?<br />\r\n<br />\r\nEssa e outras duvidas ser&atilde;o tiradas hoje, no Glob... ops, no Crescer na Web.<br />\r\n<br />\r\n<img alt="" src="http://www.crescernaweb.com.br/webroot/img/img_editor/3416a75f4cea9109507cacd8e2f2aefc/images/INFOGR%C3%81FICO%20HTML.png" style="height:2701px; width:800px" /><br />\r\n<br />\r\n<br />\r\n<br />\r\n<br />\r\n<br />\r\n<br />\r\n<br />\r\nBibliografia Utilizada:&nbsp;Html 5 - Entendendo E Executando,&nbsp;Mark Pilgrim.</p>\r\n', 'Você sabe quem criou o HTML e como ele evoluiu através do tempo? Através de um infográfico, veremos a evolução da linguagem fundamental para a criação de sites.', '15.png', '2016-10-14 18:44:00', 'N', 18, '1', '2016-10-14 18:52:13', '2016-10-14 20:14:24', 41, 41, 'Y', 0, 41, '2016-10-14 19:52:34', 'Edição do titulo', 41, '2016-10-14 20:14:24'),
	(58, 6, 41, 61, '[Infográfico] Do HTML ao HTML 5', 'infografico-do-html-ao-html-5', '<p>Muitos desenvolvedores iniciantes ou at&eacute; mesmo os mais calejados&nbsp;conhecem o HTML, &eacute; impossivel desenvolver websites sem o minimo de conhecimento sobre essa linguagem. Mas ser&aacute; que todos conhecem a hist&oacute;ria do HTML, quem o criou, de onde veio, onde vive, o que come?<br />\r\n<br />\r\nEssa e outras duvidas ser&atilde;o tiradas hoje, no Glob... ops, no Crescer na Web.<br />\r\n<br />\r\n<img alt="" src="http://www.crescernaweb.com.br/webroot/img/img_editor/3416a75f4cea9109507cacd8e2f2aefc/images/INFOGR%C3%81FICO%20HTML.png" style="height:2701px; width:800px" /><br />\r\n<br />\r\n<br />\r\n<br />\r\n<br />\r\n<br />\r\n<br />\r\n<br />\r\nBibliografia Utilizada:&nbsp;Html 5 - Entendendo E Executando,&nbsp;Mark Pilgrim.</p>\r\n', 'Você sabe quem criou o HTML e como ele evoluiu através do tempo? Através de um infográfico, veremos a evolução da linguagem fundamental para a criação de sites.', '15.png', '2016-10-14 18:44:00', 'P', 19, '1', '2016-10-14 20:14:49', '2017-02-28 17:09:27', 41, 41, 'N', 122, 41, '2016-10-14 20:15:32', NULL, NULL, NULL),
	(59, 5, 43, 63, 'Busque soluções práticas dentro de sua equipe utilizando o método brainstorming', 'busque-solucoes-praticas-dentro-de-sua-equipe-utilizando-o-metodo-brainstorming', '<strong>O QUE &Eacute; BRAINSTORMING?</strong><br />\r\n<br />\r\nPode ser traduzido para TEMPESTADE DE IDEIAS, esse m&eacute;todo &eacute; utilizado para gera&ccedil;&atilde;o de novas solu&ccedil;&otilde;es pr&aacute;ticas para problemas de diversas &aacute;reas e inova&ccedil;&atilde;o dentro de uma MPE, Startup ou qualquer outro tipo de organiza&ccedil;&atilde;o, Aplicada em grupos ou de forma individual e praticada em ambiente aberto a cr&iacute;ticas e imagina&ccedil;&atilde;o livre que n&atilde;o permite julgamentos antecipados.<br />\r\n<br />\r\nCriado por Alex Faickney Osborn em 1953, esse m&eacute;todo de gera&ccedil;&atilde;o de ideias trata-se basicamente de uma t&eacute;cnica bastante difundida em diversas &aacute;reas, como a Administra&ccedil;&atilde;o, TI, Marketing, Design, etc.<br />\r\n<br />\r\n<em>Segundo Falconi, Vicente (2009; p. 78) `` O m&eacute;todo &eacute; muito bom para uma organiza&ccedil;&atilde;o que nunca teve como pratica extrair conhecimento das pessoas de forma organizada e vale por certo tempo, enquanto este conhecimento &eacute; transformado em ideias``</em><br />\r\n<br />\r\n<strong>O QUE DE RETORNA ESPERAR COM BRAINSTORMING?</strong><br />\r\n<br />\r\nOs objetivos principais do m&eacute;todo Brainstorming e sua amplitude s&atilde;o:<br />\r\n&nbsp;\r\n<ul>\r\n	<li>Gerar o maior n&uacute;mero de ideias poss&iacute;veis,</li>\r\n	<li>Solucionar Problemas a serem resolvidos:</li>\r\n	<li>Encorajar a criatividade da equipe</li>\r\n	<li>Expor o potencial criativo individual e coletivo</li>\r\n	<li>Inovar em servi&ccedil;os, produtos e processos</li>\r\n	<li>Promover o engajamento do participante mostrando como sua ideia &eacute; importante</li>\r\n	<li>Incentivar o relacionamento e comunica&ccedil;&atilde;o interpessoal</li>\r\n</ul>\r\nS&atilde;o v&aacute;rias as vantagens em usar o Brainstorming como m&eacute;todo de gerar ideias, mas para alcan&ccedil;ar o resultado siga as diretrizes da organiza&ccedil;&atilde;o passo a passo para n&atilde;o ocorrer ru&iacute;dos na comunica&ccedil;&atilde;o interna, afim de minimizar qualquer risco a qualidade do exerc&iacute;cio.<br />\r\n<br />\r\n<strong>QUAL ESTRUTURA UTILIZAR? </strong><br />\r\n<br />\r\nAo longo dos anos o M&eacute;todo Brainstorming recebeu varia&ccedil;&otilde;es sendo imposs&iacute;vel dizer hoje qual &eacute; a forma mais eficaz! Por&eacute;m, antes que voc&ecirc; fique perdido, se perguntando se &eacute; 2, 3, 4, 5 ou 1000 passos.<br />\r\n&nbsp;<br />\r\n<strong>ATEN&Ccedil;&Atilde;O:</strong> N&Atilde;O SE TRATA DE QUANTIDADE DE PASSOS E SIM SUA ABRANG&Ecirc;NCIA NA CRIA&Ccedil;&Atilde;O DE IDEIAS!<br />\r\n&nbsp;<br />\r\n<strong>#1:</strong> Esclare&ccedil;a para todos os participantes o objetivo do encontro.<br />\r\n<strong>#2:</strong> Defina os lideres ou facilitadores da din&acirc;mica e o local propicio para estimular as ideias.<br />\r\n<strong>#3 </strong>Explique a todos a necessidade e import&acirc;ncia de suas ideias e a dire&ccedil;&atilde;o da din&acirc;mica.<br />\r\n<strong>#4: </strong>A comunica&ccedil;&atilde;o dos registros dever&aacute; ser realizada de forma clara para todos.<br />\r\n&nbsp;&nbsp;&nbsp;&nbsp;&nbsp;&nbsp;&nbsp;&nbsp;&nbsp;&nbsp;&nbsp;&nbsp;&nbsp;&nbsp;&nbsp; . Para isso utilize um quadro e pincel ou escreva em post-it.<br />\r\n&nbsp;&nbsp;&nbsp;&nbsp;&nbsp;&nbsp;&nbsp;&nbsp;&nbsp;&nbsp;&nbsp;&nbsp;&nbsp;&nbsp;&nbsp; . O problema a ser tratado dever&aacute; ficar vis&iacute;vel aos olhos de todos<br />\r\n&nbsp;&nbsp;&nbsp;&nbsp;&nbsp;&nbsp;&nbsp;&nbsp;&nbsp;&nbsp;&nbsp;&nbsp;&nbsp;&nbsp;&nbsp; . Utilize de Ferramentas ou modelos Administrativos para auxiliar na organiza&ccedil;&atilde;o das ideias.<br />\r\n<strong>&nbsp;&nbsp;&nbsp;&nbsp;&nbsp;&nbsp;&nbsp;&nbsp;&nbsp;&nbsp;&nbsp;&nbsp;&nbsp;&nbsp;&nbsp; Exemplos (Matriz SWOT, Matriz GUT ou Diagrama de Ishikawa)</strong><br />\r\n<br />\r\n<strong>#5: </strong>A divis&atilde;o dos grupos dever&aacute; ser entre 6 a 12 participantes e as sugest&otilde;es explanadas dentro de 30 minutos.<br />\r\n<strong>#6: </strong>Leia com os membros da equipe as quatro regras do Brainstorming<br />\r\n&nbsp;&nbsp;&nbsp;&nbsp;&nbsp;&nbsp;&nbsp;&nbsp;&nbsp;&nbsp;&nbsp;&nbsp;&nbsp;&nbsp;&nbsp; . Nenhuma ideia poder&aacute; ser criticada, assim n&atilde;o inibir&aacute; a participa&ccedil;&atilde;o de todos.<br />\r\n&nbsp;&nbsp;&nbsp;&nbsp;&nbsp;&nbsp;&nbsp;&nbsp;&nbsp;&nbsp;&nbsp;&nbsp;&nbsp;&nbsp;&nbsp; . Todos deveram ser ouvidos por mais que a ideia a princ&iacute;pio pare&ccedil;a fantasiosa<br />\r\n&nbsp;&nbsp;&nbsp;&nbsp;&nbsp;&nbsp;&nbsp;&nbsp;&nbsp;&nbsp;&nbsp;&nbsp;&nbsp;&nbsp;&nbsp; . Quanto mais ideias geradas mais pr&oacute;ximos estar&atilde;o da solu&ccedil;&atilde;o dos problemas<br />\r\n&nbsp;&nbsp;&nbsp;&nbsp;&nbsp;&nbsp;&nbsp;&nbsp;&nbsp;&nbsp;&nbsp;&nbsp;&nbsp;&nbsp;&nbsp; . Inovar e Aperfei&ccedil;oar sobre as ideias j&aacute; proposta &eacute; muito importante.<br />\r\n<strong>#7:</strong> Exclua a duplicidade de ideias<br />\r\n<strong>#8:</strong> Cuidado para que as ideias n&atilde;o fiquem em desacordo com o <em>Briefing </em>ou objetivo<br />\r\n<strong>#9:</strong> Filtre as ideias restando apenas as mais vi&aacute;veis<br />\r\n<br />\r\nAp&oacute;s a fase de capta&ccedil;&atilde;o das ideias ser&aacute; importante reservar um tempo para um <em>coffe brake</em> r&aacute;pido e logo em seguida ao fim da reuni&atilde;o dever&aacute; ser agradecido pelo facilitador o comprometimento de todos como forma de inspirar novos encontros. Os resultados obtidos dever&atilde;o ser anunciados a todos e enaltecido a colabora&ccedil;&atilde;o e intera&ccedil;&atilde;o da equipe em prol de sugest&otilde;es de solu&ccedil;&otilde;es para empresa.<br />\r\n&nbsp;<br />\r\n<strong>DICAS SOBRE MELHORIAS CONTINUADA AO BRAINSTORMING</strong><br />\r\n&nbsp;<br />\r\n&Eacute; Poss&iacute;vel maximizar os resultados &nbsp;voc&ecirc; precisa de um resultado mais elaborado e efetivo, talvez tenha que utilizar em conjunto ao m&eacute;todo <em>Brainstorming,</em> outras t&eacute;cnicas criativas para gerar o exerc&iacute;cio mental ou apenas a organiza&ccedil;&atilde;o dos dados levantados.<br />\r\n<br />\r\nExemplos de T&eacute;cnicas Criativas\r\n<ul>\r\n	<li><em>Brainwriting</em> ou 365&ndash; A din&acirc;mica da coleta de ideias e realizada pela escrita dos participantes ou utilizando sistemas.</li>\r\n	<li>Mapa Mental &ndash; Utiliza-se um Diagrama de apresenta&ccedil;&atilde;o de ideias como base para criatividade.</li>\r\n	<li>Espinha de Peixe (Ishikawa) &ndash; Diagrama de causa e efeito muito utilizado no controle de qualidade em diversos processos.</li>\r\n</ul>\r\n&nbsp;<br />\r\n<strong>CONCLUS&Atilde;O:</strong><br />\r\n<br />\r\nAp&oacute;s verificar todo esse processo, voc&ecirc; j&aacute; deve ter percebido que a execu&ccedil;&atilde;o do brainstorming ela &eacute; mais f&aacute;cil do que parece, mas isso se d&aacute; se toda equipe estiver focada no objetivo proposto, se a comunica&ccedil;&atilde;o e condu&ccedil;&atilde;o do facilitador forem eficazes e o principal se a intera&ccedil;&atilde;o da equipe na coleta de ideias gerar a solu&ccedil;&atilde;o do problema.<br />\r\nOutros ganhos que podem ser percebidos na utiliza&ccedil;&atilde;o no brainstorming &eacute; a valoriza&ccedil;&atilde;o do colaborador, comunica&ccedil;&atilde;o interpessoal, pr&aacute;ticas do Endomarketing e gera&ccedil;&atilde;o de dados para Gest&atilde;o do conhecimento, claro! isso se a empresa estiver aberta a ouvir seu PRINCIPAL ATIVO ou como &eacute; conhecido CAPITAL HUMANO.<br />\r\n<br />\r\nEnt&atilde;o, espero que tenha ajudado a esclarecer o m&aacute;ximo de d&uacute;vidas sobre o tema e que voc&ecirc; possa compartilhar suas e experi&ecirc;ncias e conhecimento para que todos n&oacute;s possamos disseminar o conhecimento e crescer na web.<br />\r\n<br />\r\n<br />\r\nGrande abra&ccedil;o e deixei o seu coment&aacute;rio.<br />\r\n&nbsp;', 'Busque soluções práticas dentro de sua equipe utilizando o método brainstorming', '29.jpg', '2016-10-24 20:51:00', 'P', 33, '1', '2016-10-17 20:57:12', '2017-02-28 17:09:27', 43, 43, 'N', 120, 43, '2016-10-24 20:28:19', 'teste', 43, '2016-10-19 16:25:55'),
	(60, 6, 41, 61, 'Dicas de como evitar problemas técnicos no seu e-commerce na Black Friday. ', 'dicas-de-como-evitar-problemas-tecnicos-no-seu-e-commerce-na-black-friday', '<img alt="" src="http://www.crescernaweb.com.br/webroot/img/img_editor/3416a75f4cea9109507cacd8e2f2aefc/images/blackfriday.png" style="border-style:solid; border-width:0px; float:left; height:248px; margin:5px; width:300px" />Salve amigos do CnW.<br />\r\n&nbsp;<br />\r\nVai come&ccedil;ando novembro e j&aacute; fazemos planos para a sexta feira mais esperada do ano, a ru&iacute;na dos cart&otilde;es de cr&eacute;dito, a devoradora de sal&aacute;rios, a destruidora de cheque especial, a deliciosa &nbsp;Black Friday.<br />\r\n<br />\r\nPra voc&ecirc; que estava morando nos confins da Mong&oacute;lia ou em outro planeta e ainda n&atilde;o sabe o que &eacute; essa data, a Black Friday surgiu nos Estados Unidos na d&eacute;cada de 60 motivada pela &nbsp;movimenta&ccedil;&atilde;o do com&eacute;rcio logo ap&oacute;s o dia de A&ccedil;&atilde;o de Gra&ccedil;as.&nbsp;Ela foi criada para que houvesse uma renova&ccedil;&atilde;o do estoque das lojas para o Natal, seu formato e significado passaram por algumas metamorfoses e nos dias de hoje ela est&aacute; relacionada a um dos per&iacute;odos mais agitados do varejo. &nbsp;<br />\r\n&nbsp;<br />\r\nDevido a grande popularidade que ela ganhou, acabou sendo exportada, chegando ao Brasil em 2010. Sua presen&ccedil;a foi mais predominante nas lojas virtuais que passaram a se preparar ano ap&oacute;s ano para sua chegada.<br />\r\n&nbsp;<br />\r\nCom o inicio da inser&ccedil;&atilde;o dessa data no nosso calend&aacute;rio comercial, houve um grande boom de acessos aos principais e-commerces do Brasil, o resultado desses acessos em massa foram sites fora do ar ou lentos demais, os servidores n&atilde;o aguentaram a enxurrada acessos (era algo tipo um anivers&aacute;rio do Guanabara nos servidores) e ca&iacute;ram causando grande descontentamento por parte dos consumidores e um enorme desespero de empresas que perderam um numero expressivo de vendas.<br />\r\n&nbsp;<br />\r\nDevido a falta de estrutura dos servidores e falta de um planejamento adequado para a alta demanda de acessos, nas Black Fridays de 2011 a 2013 a situa&ccedil;&atilde;o pouco mudou, os problemas persistiram. Mas 6 anos depois muitas empresas come&ccedil;aram a se prevenir e refor&ccedil;ar os seus servidores para evitar, ou ao menos tentar reduzir esse problema.<br />\r\n&nbsp;<br />\r\nDa&iacute; voc&ecirc; que j&aacute; planejava aumentar suas vendas com promo&ccedil;&otilde;es no Black Friday j&aacute; deve estar imaginando:<br />\r\n<br />\r\n<strong>O meu e-commerce vai aguentar o grande numero de acessos da Black Friday?</strong><br />\r\n&nbsp;<br />\r\nE eis que, do alto da minha magn&acirc;nima generosidade, trarei para voc&ecirc; nesse artigo a resposta para essa d&uacute;vida e deixarei algumas dicas para o seu e-commerce vender mais que pipoqueiro na frente da igreja nessa Black Friday, sem deixar voc&ecirc; e seus clientes na m&atilde;o.<br />\r\n&nbsp;<br />\r\nSim, seu e-commerce pode e vai aguentar (se voc&ecirc; seguir essas dicas n&eacute;?), e para isso voc&ecirc; deve contar com uma boa infraestrutura durante a Black Friday o que garantir&aacute; o resultado esperado.<br />\r\n&nbsp;<br />\r\nO que fazer para ter certeza que tudo dar&aacute; certo?<br />\r\n&nbsp;<br />\r\n&nbsp;&nbsp;&nbsp;&nbsp;&nbsp;&nbsp;&nbsp;&nbsp;&nbsp;&nbsp;&nbsp;&nbsp;&nbsp;&nbsp;&nbsp; <strong>#1 </strong><br />\r\nDesenvolva o seu sistema imaginando que cada setor dele com certeza poder&aacute; quebrar. Voc&ecirc; deve pensar em uma&nbsp;arquitetura direcionada para um alto desempenho&nbsp;e total disponibilidade, e preferencialmente, optar por uma hospedagem cloud computing (em nuvem), que permitir&aacute; uma maior flexibilidade e adequa&ccedil;&atilde;o din&acirc;mica, ou seja, ser&aacute; poss&iacute;vel adequar a capacidade de armazenamento e processamento e &agrave; grande demanda exigida nessa data;<br />\r\n&nbsp;<br />\r\n&nbsp;&nbsp;&nbsp;&nbsp;&nbsp;&nbsp;&nbsp;&nbsp;&nbsp;&nbsp;&nbsp;&nbsp;&nbsp;&nbsp;&nbsp; <strong>#2</strong><br />\r\nProcure evitar pontos &uacute;nicos de acesso ao conte&uacute;do do seu e-commerce, ou seja,&nbsp;busque sempre um acesso em redund&acirc;ncia. Um servidor redundante poder&aacute; evitar transtornos caso o servidor principal apresente alguma falha, como queda ou algum problema no seu sistema de vendas;<br />\r\n&nbsp;<br />\r\n&nbsp;&nbsp;&nbsp;&nbsp;&nbsp;&nbsp;&nbsp;&nbsp;&nbsp;&nbsp;&nbsp;&nbsp;&nbsp;&nbsp;&nbsp; <strong>#3</strong><br />\r\nSempre invista em uma expans&atilde;o horizontal &nbsp;ao inv&eacute;s de tentar crescer na vertical. &Eacute; melhor investir em mais servidores do que migrar para um outro maior. Tendo seu armazenamento e processamento distribu&iacute;dos em mais de um servidor, com certeza voc&ecirc; conseguira mais efici&ecirc;ncia e garantir&aacute; a redund&acirc;ncia que mencionamos no item anterior, evitando o terr&iacute;vel downtime;<br />\r\n&nbsp;<br />\r\n&nbsp;&nbsp;&nbsp;&nbsp;&nbsp;&nbsp;&nbsp;&nbsp;&nbsp;&nbsp;&nbsp;&nbsp;&nbsp;&nbsp;&nbsp; <strong>#4</strong><br />\r\nFa&ccedil;a incans&aacute;veis&nbsp; testes&nbsp;de carga &nbsp;e estresse para checar como o seu sistema de vendas ir&aacute;&nbsp; responder quando o tsunami de acessos come&ccedil;a e detectar os poss&iacute;veis gargalos, realizar esses testes antecipadamente evita maiores defeitos ou problemas de arquitetura, diminuindo os custos, j&aacute; que se deixar para corrigi-los aos 45 do segundo tempo, a manuten&ccedil;&atilde;o mesmo que corretiva poder&aacute; custar &nbsp;a voc&ecirc;&nbsp; at&eacute; 100 vezes mais.<br />\r\n&nbsp;<br />\r\n<strong>&nbsp;&nbsp;&nbsp;&nbsp;&nbsp;&nbsp;&nbsp;&nbsp;&nbsp;&nbsp;&nbsp;&nbsp;&nbsp;&nbsp;&nbsp; #5</strong><br />\r\nUma &oacute;tima id&eacute;ia &eacute; usar um cloud computing com CDN (Content Delivery Network ou redes de distribui&ccedil;&atilde;o de conte&uacute;do,)&nbsp;como o <a href="https://azure.microsoft.com/pt-br/?wt.mc_id=AID_sem_9U8oPKhW&amp;">Azure</a> da Microsoft, a <a name="Amazon_CloudFront_–_Rede_de_entrega_de_c"></a><a href="https://aws.amazon.com/pt/cloudfront/">Amazon CloudFront</a>, que s&atilde;o pagos e uma op&ccedil;&atilde;o de CDN gratuito como o <a href="http://www.coralcdn.org/">The Coral Content Distribution Network </a>. A utiliza&ccedil;&atilde;o de CND como provedor de seu conte&uacute;do est&aacute;tico&nbsp; tende a&nbsp; diminuir as lat&ecirc;ncias, ou seja, o conte&uacute;do estar&aacute; distribu&iacute;do em mais de um servidor situados em diferentes locais f&iacute;sicos, com&nbsp; isso o sistema retornar&aacute; os resultados da busca de um local mais pr&oacute;ximo;<br />\r\n&nbsp;<br />\r\n&nbsp;&nbsp;&nbsp;&nbsp;&nbsp;&nbsp;&nbsp;&nbsp;&nbsp;&nbsp;&nbsp;&nbsp;&nbsp;&nbsp;&nbsp; <strong>#6</strong><br />\r\n&Eacute; bom considerar a possibilidade de utiliza&ccedil;&atilde;o de filas de processamento ass&iacute;ncrono. Elas evitar&atilde;o os gargalos quando houver diferen&ccedil;as entre a velocidade de transmiss&atilde;o e recep&ccedil;&atilde;o das informa&ccedil;&otilde;es;<br />\r\n&nbsp;<br />\r\n<strong>&nbsp;&nbsp;&nbsp;&nbsp;&nbsp;&nbsp;&nbsp;&nbsp;&nbsp;&nbsp;&nbsp;&nbsp;&nbsp;&nbsp;&nbsp; #7</strong><br />\r\nBusque a automatiza&ccedil;&atilde;o do deploy (seu servidor de aplica&ccedil;&otilde;es)&nbsp;para que, se alguma coisa der errado, com apenas uma a&ccedil;&atilde;o seja poss&iacute;vel substituir algum software que venha a sofrer alguma pane. Aquele velho ditado que diz que tempo &eacute; dinheiro &eacute; verdade, ganhar tempo em caso de um problema sist&ecirc;mico em plena Black Friday &eacute; perder menos clientes;<br />\r\n&nbsp;<br />\r\n<strong>&nbsp;&nbsp;&nbsp;&nbsp;&nbsp;&nbsp;&nbsp;&nbsp;&nbsp;&nbsp;&nbsp;&nbsp;&nbsp;&nbsp;&nbsp; #8</strong><br />\r\nSe voc&ecirc; usa banco de dados relacional, pense imediatamente em fazer shards (segmenta&ccedil;&atilde;o das bases de dados), tente otimizar as suas queries mais lentas com a cria&ccedil;&atilde;o de &iacute;ndices, e sempre tenha um ou mais bancos de dados em backup para redund&acirc;ncia. Isso traz mais efici&ecirc;ncia para passar &nbsp;pelo desafio de escalar o seu banco de dados;<br />\r\n&nbsp;<br />\r\n<strong>&nbsp;&nbsp;&nbsp;&nbsp;&nbsp;&nbsp;&nbsp;&nbsp;&nbsp;&nbsp;&nbsp;&nbsp;&nbsp;&nbsp;&nbsp; #9</strong><br />\r\nSe por ventura o caldo entornar, tenha muita calma jovem padawan, fa&ccedil;a uma an&aacute;lise minuciosa da situa&ccedil;&atilde;o, mesmo depois de ter sido corrigido, entender o que ocasionou o problema ajuda a criar meios de evit&aacute;-lo, minimizando o estrago em caso de acontecer novamente;<br />\r\n&nbsp;<br />\r\nN&atilde;o precisa ficar apavorado, n&atilde;o &eacute; necess&aacute;rio implementar todas essas solu&ccedil;&otilde;es ao mesmo tempo. Isso depende muito do porte e condi&ccedil;&otilde;es de cada e-commerce, essas melhorias na arquitetura podem ser feitas gradualmente.<br />\r\n&nbsp;<br />\r\nEspero que tenham tirado proveito dessas dicas, agora &eacute; esperar a Black Friday e aguardar o seu cliente torrar o cart&atilde;o no seu e-commerce.<br />\r\n&nbsp;<br />\r\nSe voc&ecirc; gostou, &eacute; s&oacute; clicar aqui em baixo e curtir, compartilha se achar interessante que seus abiguinhos recebam essas dicas,&nbsp;pode deixar seu coment&aacute;rio, opini&atilde;o, critica e sugest&otilde;es para outros artigos, e n&atilde;o esque&ccedil;a de assinar nossa newsletter para receber artigos fresquinhos.<br />\r\n<br />\r\nForte abra&ccedil;o e at&eacute; a pr&oacute;xima!<br />\r\n&nbsp;', 'Você sabe como deixar seu e-commerce mais seguro contra os problemas dos acessos em massa na Black Friday? Nós temos as dicas para o sucesso das suas vendas!', '21.png', '2016-11-10 07:00:00', 'P', 25, '1', '2016-11-03 22:41:53', '2017-02-28 17:09:27', 41, 41, 'N', 117, 41, '2016-11-09 21:50:00', 'erros', 41, '2016-11-04 12:33:02'),
	(61, 4, 1, 1, 'Respondidas: Suas perguntas mais urgentes sobre MARKETING!', 'respondidas-suas-perguntas-mais-urgentes-sobre-marketing', '<img alt="" src="http://crescernaweb.com.br/webroot/img/img_editor/c4ca4238a0b923820dcc509a6f75849b/images/marketing.png" style="float:left; height:207px; margin-left:5px; margin-right:5px; width:250px" />O cen&aacute;rio de <strong>marketing </strong>nunca esteve t&atilde;o complexo.<br />\r\n<br />\r\nO ambiente digital trouxe novos termos e estrat&eacute;gias que passaram a assombrar a mente dos profissionais da &aacute;rea e fizeram uma verdadeira revolu&ccedil;&atilde;o mercadol&oacute;gica.<br />\r\n<br />\r\nJunto com essa revolu&ccedil;&atilde;o, vieram novos indicadores de desempenho, novas ferramentas e estrat&eacute;gias, que ganharam a aten&ccedil;&atilde;o dos profissionais de marketing, por todo o globo.<br />\r\n<br />\r\nNo meio de tantas mudan&ccedil;as e novidades, voc&ecirc; conseguiria definir o que &eacute; e qual o verdadeiro papel do marketing?<br />\r\n<br />\r\nPara in&iacute;cio de conversa, fora os profissionais que atuam na &aacute;rea, existe muita confus&atilde;o em torno do termo.<br />\r\n<br />\r\nBoa parte das pessoas confunde marketing com propaganda ou vendas. J&aacute; outras, devido a experi&ecirc;ncias ruins de consumo, o confundem com manipula&ccedil;&atilde;o ou engana&ccedil;&atilde;o.<br />\r\n<br />\r\nPara esclarecer melhor, vejamos uma lista de algumas &quot;confus&otilde;es&quot; comuns.<br />\r\n<br />\r\nO que <strong>N&Atilde;O </strong>&eacute; marketing?<br />\r\n<br />\r\n1. <strong>Marketing n&atilde;o &eacute; s&oacute; propaganda!</strong><br />\r\n&Eacute; muito comum que as pessoas confundam marketing com propaganda, mas a realidade &eacute; que marketing &eacute; muito mais do que isso. Propaganda &eacute; apenas uma parte deste conjunto.<br />\r\n<br />\r\n2. <strong>Marketing n&atilde;o &eacute; engana&ccedil;&atilde;o e manipula&ccedil;&atilde;o dos clientes.</strong><br />\r\nPelo contr&aacute;rio, o marketing existe justamente para atender &agrave;s REAIS expectativas dos clientes, e n&atilde;o ludibri&aacute;-los.<br />\r\n<br />\r\n3. <strong>Marketing n&atilde;o se resume &agrave;s promo&ccedil;&otilde;es de vendas</strong>.<br />\r\nOutra confus&atilde;o comum. Mas, assim como o primeiro caso, promo&ccedil;&atilde;o &eacute; apenas uma pequena parte deste conjunto.<br />\r\n<br />\r\n4. <strong>Marketing n&atilde;o se resume somente &agrave; cria&ccedil;&atilde;o de produtos inovadores</strong><br />\r\nCriar produtos inovadores &eacute; uma das fun&ccedil;&otilde;es do marketing, mas marketing n&atilde;o &eacute; s&oacute; isso.<br />\r\n<br />\r\n5. <strong>Marketing n&atilde;o se resume apenas &agrave; conquista de manuten&ccedil;&atilde;o de clientes.</strong><br />\r\nApesar de ser comum alguns autores afirmarem isso, na atualidade, as estrat&eacute;gias de marketing tem se mostrado muito eficazes, quando aplicadas em outros grupos respons&aacute;veis pela performance direta da empresa, como fornecedores, colaboradores e parceiros, por exemplo.<br />\r\n<br />\r\n<strong>Ok. Chega de enrola&ccedil;&atilde;o... Mas afinal, o que &eacute; marketing?</strong><br />\r\n<br />\r\nMarketing &eacute; o conjunto de estrat&eacute;gias, t&eacute;cnicas e pr&aacute;ticas que tem por objetivo atender, da forma mais eficiente poss&iacute;vel, os desejos e as necessidades do p&uacute;blico-alvo. &nbsp;<br />\r\n<br />\r\nPor p&uacute;blico alvo considere toda a rede de <em>stakeholders </em>envolvida com a organiza&ccedil;&atilde;o, ou seja, as partes interessadas e envolvidas, volunt&aacute;ria ou involuntariamente com a mesma, onde h&aacute; objetivos espec&iacute;ficos de relacionamento, trazendo benef&iacute;cios para ambas as partes.<br />\r\n<br />\r\nPhilip Kotler, consideradoum dos gurus do marketing mundial, conceitua marketing da seguinte maneira:\r\n<blockquote>\r\n<p>Marketing &eacute; o processo social e gerencial atrav&eacute;s do qual indiv&iacute;duos e grupos obt&ecirc;m aquilo que necessitam e desejam &nbsp;por meio da cria&ccedil;&atilde;o e troca de produtos e valores.</p>\r\n</blockquote>\r\n<br />\r\nPara Peter Drucker, considerado o pai da administra&ccedil;&atilde;o moderna:\r\n<blockquote>\r\n<p>Marketing &eacute; uma atividade em que a economia &nbsp;&eacute; integrada a sociedade para satisfazer os desejos e necessidades humanas.</p>\r\n</blockquote>\r\n<br />\r\n<strong>Os quatro P&#39;s do marketing</strong><br />\r\n<br />\r\nFormulado primeiramente por Jerome McCarthy, em seu livro Basic Marketing, tamb&eacute;m conhecidos como mix de marketing ou composto de marketing, os 4p&rsquo;s representam as defini&ccedil;&otilde;es fundamentais para a conquista do seu p&uacute;blico-alvo. &nbsp;<br />\r\n<br />\r\n&Eacute; o modelo de planejamento de marketing mais usado, com o foco no cliente.<br />\r\n<br />\r\nAs quatro ferramentas, control&aacute;veis pela organiza&ccedil;&atilde;o, tem por objetivo fornecer a melhor adapta&ccedil;&atilde;o entre a oferta de mercado e a demanda existente. S&atilde;o elas:<br />\r\n<br />\r\n<strong>PRE&Ccedil;O</strong><br />\r\nTudo que se refere ao pre&ccedil;o do produto. Pre&ccedil;o de lista, bonifica&ccedil;&otilde;es, descontos, prazos e condi&ccedil;&otilde;es de financiamento. Al&eacute;m disso, as estrat&eacute;gias de cobran&ccedil;a e forma&ccedil;&atilde;o de pre&ccedil;o tamb&eacute;m s&atilde;o abordadas neste item.<br />\r\nPerguntas que dever&atilde;o ser respondidas:\r\n<ul>\r\n	<li><strong><em>Qual ser&aacute; o valor do seu produto ou servi&ccedil;o para o comprador?</em></strong></li>\r\n	<li><strong><em>Quais ser&atilde;o as faixas de pre&ccedil;o para cada setor de distribui&ccedil;&atilde;o?</em></strong></li>\r\n	<li><strong><em>Quanto o cliente est&aacute; disposto &agrave; pagar pelo que voc&ecirc; oferece? Qual o limite?</em></strong></li>\r\n	<li><strong><em>Como est&aacute; seu pre&ccedil;o em rela&ccedil;&atilde;o aos concorrentes?</em></strong></li>\r\n	<li><strong><em>Ser&aacute; necess&aacute;rio desenvolver pre&ccedil;os espec&iacute;ficos para determinados segmentos (pessoas jur&iacute;dicas, pessoas f&iacute;sicas, etc) ?</em></strong></li>\r\n</ul>\r\n<br />\r\n<strong>PRODUTO</strong><br />\r\nNeste item, s&atilde;o definidos os atributos &nbsp;e as caracter&iacute;sticas do produto. Design, embalagem, marca e qualidade devem ser trabalhados de acordo com as prefer&ecirc;ncias do mercado-alvo.<br />\r\nPerguntas que dever&atilde;o ser respondidas:\r\n<ul>\r\n	<li><strong><em>Quais s&atilde;o as necessidades e/ou desejos do p&uacute;blico-alvo que o produto precisa satisfazer?</em></strong></li>\r\n	<li><strong><em>O que o p&uacute;blico-alvo espera do produto? &nbsp;Quais atributos ele precisa ter?</em></strong></li>\r\n	<li><strong><em>Qual a forma de utiliza&ccedil;&atilde;o do produto?</em></strong></li>\r\n	<li><strong><em>Como ser&aacute; a apar&ecirc;ncia do produto?</em></strong></li>\r\n	<li><strong><em>Qual ser&aacute; o nome do produto?</em></strong></li>\r\n	<li><strong><em>Qual o diferencial do seu produto em rela&ccedil;&atilde;o aos produtos do concorrente?</em></strong></li>\r\n</ul>\r\n<br />\r\n<strong>PRA&Ccedil;A</strong><br />\r\nNeste item, s&atilde;o definidos os locais onde o produto ser&aacute; disponibilizado ao p&uacute;blico-alvo. Localiza&ccedil;&atilde;o de lojas f&iacute;sicas, lojas virtuais e tamb&eacute;m prazos de entrega e atendimento.<br />\r\nEste item dever&aacute; responder &agrave;s seguintes perguntas:\r\n<ul>\r\n	<li><strong><em>Onde o cliente procurar&aacute; por seus produtos e/ou servi&ccedil;os?</em></strong></li>\r\n	<li><strong><em>Para estabelecimento f&iacute;sicos(pontos de venda) ou virtuais(m&iacute;dias sociais, e-commerces, etc), especifique os tipos.</em></strong></li>\r\n	<li><strong><em>Como sua organiza&ccedil;&atilde;o pode alcan&ccedil;ar os mais eficientes canais de distribui&ccedil;&atilde;o?</em></strong></li>\r\n	<li><strong><em>Qual ser&aacute; o esfor&ccedil;o de venda?</em></strong></li>\r\n	<li><strong><em>Quais s&atilde;o os canais utilizados pela sua concorr&ecirc;ncia?</em></strong></li>\r\n</ul>\r\n<br />\r\n<strong>PROMO&Ccedil;&Atilde;O</strong><br />\r\nNeste item, s&atilde;o definidos os melhores canais de divulga&ccedil;&atilde;o, bem como as estrat&eacute;gias de divulga&ccedil;&atilde;o. Estrat&eacute;gias online, como banners, links patrocinados, presen&ccedil;a nas m&iacute;dias sociais, e tamb&eacute;m estrat&eacute;gias off-line, como an&uacute;ncios na TV, panfletagem, entre outras&hellip;<br />\r\nO item PROMO&Ccedil;&Atilde;O ser&aacute; respons&aacute;vel por responder &agrave;s seguintes perguntas:\r\n<ul>\r\n	<li><em><strong>Quando ser&aacute; o melhor momento para anunciar seu produto?</strong></em></li>\r\n	<li><em><strong>Quais ser&atilde;o os melhores canais(online e/ou offline) para anunciar suas solu&ccedil;&otilde;es para poss&iacute;veis clientes?</strong></em></li>\r\n	<li><em><strong>Se seu mercado for sazonal(natal, p&aacute;scoa, dia das m&atilde;es), como dever&atilde;o ser as a&ccedil;&otilde;es promocionais para potencializar vendas?</strong></em></li>\r\n	<li><em><strong>Como a concorr&ecirc;ncia promove seus produtos? Qual o impacto deles sobre suas a&ccedil;&otilde;es?</strong></em></li>\r\n	<li><em><strong>Qual &eacute; o padr&atilde;o de divulga&ccedil;&atilde;o para este tipo de produto e/ou servi&ccedil;o?</strong></em></li>\r\n</ul>\r\n<br />\r\n<strong>Os novos 4p&#39;s da administra&ccedil;&atilde;o moderna de marketing</strong><br />\r\n<br />\r\nPhilip Kotler, em seu livro Administra&ccedil;&atilde;o de Marketing, vem nos sugerir que em virtude da abrang&ecirc;ncia, riqueza e complexidade do marketing, os tradicionais quatros P&rsquo;s j&aacute; n&atilde;o representam todo o cen&aacute;rio atual.<br />\r\n<br />\r\nEle sugere um novo modelo, que &eacute; aplic&aacute;vel a todos os setores de uma empresa, ocasionando, desta forma, um melhor alinhamento dos gerentes com o restante da organiza&ccedil;&atilde;o.<br />\r\n<br />\r\nSegue abaixo, o que ele denomina de &ldquo;conjunto mais representativo que envolver&aacute; as realidades do marketing moderno&rdquo;:<br />\r\n<br />\r\n<strong>PESSOAS</strong><br />\r\nO primeiro &ldquo;P&rdquo; reflete uma &ldquo;vis&atilde;o de marketing&rdquo; voltada para as pessoas. E isso inclui o colaborador da organiza&ccedil;&atilde;o, que &eacute; elemento essencial para o sucesso de qualquer estrat&eacute;gia de marketing. As organiza&ccedil;&otilde;es dever&atilde;o compreender esses grupos em toda sua amplitude (problemas, sentimentos, necessidades, etc).<br />\r\n<br />\r\n<strong>PROCESSOS</strong><br />\r\nPara assegurar a gera&ccedil;&atilde;o de insights e a inova&ccedil;&atilde;o em bens e atividades de marketing, a organiza&ccedil;&atilde;o deve assegurar a instaura&ccedil;&atilde;o correta de processos, para se envolver em relacionamentos de longo prazo, mutuamente ben&eacute;ficos.&nbsp;<br />\r\nProcessos bem definidos tornam o ambiente altamente favor&aacute;vel &agrave;s inova&ccedil;&otilde;es.<br />\r\n&Eacute; necess&aacute;rio tamb&eacute;m assegurar que conceitos e id&eacute;ias avan&ccedil;adas de marketing estejam envolvidos em todas as atividades da organiza&ccedil;&atilde;o.<br />\r\n<br />\r\n<strong>PROGRAMAS</strong><br />\r\nEste &ldquo;P&rdquo; engloba todas as atividades da empresa direcionada para os consumidores. Al&eacute;m de englobar os antigos quatro P&rsquo;s, ele tamb&eacute;m engloba atividades que podem ser online/offline, atividades tradicionais ou atividades que n&atilde;o se encaixariam na antiga vis&atilde;o de marketing. Para realizar os m&uacute;ltiplos objetivos da organiza&ccedil;&atilde;o, todas as atividades dever&atilde;o ser integradas.<br />\r\n<br />\r\n<strong>PERFORMANCE</strong><br />\r\nEste &ldquo;P&rdquo; representa todos os indicadores de desempenho da organiza&ccedil;&atilde;o, sejam eles com implica&ccedil;&otilde;es financeiras e n&atilde;o financeiras (lucratividade, brand equity e customer equity), e tamb&eacute;m outros tipos de implica&ccedil;&otilde;es, como responsabilidade social no contexto &eacute;tico, jur&iacute;dico e comunit&aacute;rio.<br />\r\n<br />\r\n<strong>Tipos de marketing</strong><br />\r\n<br />\r\nMarketing &eacute; uma &aacute;rea muito diversificada, e n&atilde;o poderia ser diferente. O meio organizacional possui objetivos variados.<br />\r\n<br />\r\nAtua&ccedil;&atilde;o no ambiente digital, motiva&ccedil;&atilde;o e melhora de performance de colaboradores, aumento de receitas e fideliza&ccedil;&atilde;o de clientes, por exemplo, s&atilde;o apenas alguns dos objetivos que permeiam o dia-dia das organiza&ccedil;&otilde;es.<br />\r\nEscolher a estrat&eacute;gia correta &eacute; a &uacute;nica maneira de alcan&ccedil;ar os resultados desejados.<br />\r\n<br />\r\nCada tipo de marketing requer in&uacute;meros artigos, pois cada assunto &eacute; muito amplo. Entretanto, para fins de exemplifica&ccedil;&atilde;o, separamos alguns exemplos de tipos de marketing :<br />\r\n<br />\r\n<strong>1. Endomarketing</strong><br />\r\nTamb&eacute;m chamado de marketing interno, o endomarketing &eacute; a aplica&ccedil;&atilde;o das estrat&eacute;gias de marketing para ambiente interno das organiza&ccedil;&otilde;es.<br />\r\n&Eacute; o elo de liga&ccedil;&atilde;o entre clientes, produto e o colaborador.<br />\r\nBoas pr&aacute;ticas de endomarketing podem render para as organiza&ccedil;&otilde;es in&uacute;meros benef&iacute;cios.<br />\r\n&Eacute; s&oacute; voc&ecirc; imaginar uma empresa onde todos os funcion&aacute;rios trabalhem satisfeitos e se sintam parte importante da organiza&ccedil;&atilde;o. Sentindo-se valorizado, ele dar&aacute; tudo de si para que a performance da&nbsp; organiza&ccedil;&atilde;o melhore cada vez mais, pois sabe que isso significa potencializar a satisfa&ccedil;&atilde;o de seus pr&oacute;prios interesses dentro e fora do ambiente de trabalho.<br />\r\n<br />\r\n<strong>2. Marketing digital</strong><br />\r\nMarketing digital &eacute; a aplica&ccedil;&atilde;o das t&eacute;cnicas de marketing nos meios digitais(internet, celular, etc).&nbsp; Hoje em dia, as m&iacute;dias digitais se tornaram muito influentes nas decis&otilde;es de compra, principalmente no varejo.<br />\r\nOs custos de marketing no ambiente digital s&atilde;o bem mais baratos que as op&ccedil;&otilde;es tradicionais, como r&aacute;dio e TV. Quanto &agrave; segmenta&ccedil;&atilde;o, o marketing digital tamb&eacute;m oferece larga vantagem, pois se baseia tamb&eacute;m no comportamento do consumidor, n&atilde;o se restringindo apenas &agrave; segmenta&ccedil;&atilde;o demogr&aacute;fica.<br />\r\nCom rela&ccedil;&atilde;o &agrave; mensura&ccedil;&atilde;o de resultados, o marketing digital possui ferramentas poderos&iacute;ssimas, possibilitando entender onde voc&ecirc; est&aacute; e para onde deve seguir.<br />\r\n<br />\r\n<strong>3. Marketing de relacionamento</strong><br />\r\nSegundo especialistas, o marketing de relacionamento se traduz na utiliza&ccedil;&atilde;o de a&ccedil;&otilde;es com o intuito de desenvolver e manter um relacionamento positivo com seus clientes.<br />\r\n&Eacute; a estrat&eacute;gia ideal para organiza&ccedil;&otilde;es que tem o objetivo de se aproximar melhor de seus clientes, tornando-os fi&eacute;is a ela e aos produtos da mesma.<br />\r\n&nbsp;<br />\r\n<strong>4. Marketing de conte&uacute;do</strong><br />\r\nExpress&otilde;es como &ldquo;conte&uacute;do &eacute; rei&rdquo; demonstram bem a import&acirc;ncia que esta modalidade de marketing tem para os profissionais da &aacute;rea.<br />\r\nMarketing de conte&uacute;do se baseia na cria&ccedil;&atilde;o de conte&uacute;do relevante, que gere valor para o mercado alvo. Atuando desta forma, o&nbsp; engajamento entre a marca/produto e o cliente dever&aacute; ser potencializado. Como resultado, temos o aumento da percep&ccedil;&atilde;o positiva damarca e, consequentemente, o aumento das vendas.<br />\r\n&nbsp;<br />\r\n<strong>Bonus: Como elaborar um Plano de marketing?</strong><br />\r\nPara facilitar sua vida, resolvi deixar um passo a passo de como elaborar um plano de marketing.<br />\r\nDispon&iacute;vel <a href="http://www.slideshare.net/crescernaweb/modelo-de-plano-de-marketing-69812962" target="_blank">neste link aqui</a>.<br />\r\n&nbsp;<br />\r\nAgora &eacute; com voc&ecirc;, quais s&atilde;o suas maiores d&uacute;vidas em marketing? Pode escrever a&iacute;, nos coment&aacute;rios.<br />\r\n<br />\r\nUm grande abra&ccedil;o.&nbsp;<br />\r\nAt&eacute; mais!<br />\r\n<br />\r\n<strong>Refer&ecirc;ncias de consulta:</strong><br />\r\n<br />\r\nKOTLER, Philip; KELLER, Kevin L.. Administra&ccedil;&atilde;o de marketing.14.ed. S&atilde;o Paulo:Pearson, 2013. 80p<br />\r\n<a href="http://www.administradores.com.br/artigos/carreira/marketing-nao-e/12467/">http://www.administradores.com.br/artigos/carreira/marketing-nao-e/12467/</a><br />\r\n<a href="http://www.marketingportugal.pt/artigos/marketing/item/8-marketing-fornecedores-plano-de-marketing">http://www.marketingportugal.pt/artigos/marketing/item/8-marketing-fornecedores-plano-de-marketing</a><br />\r\n<a href="http://marketingdeconteudo.com/o-que-e-marketing/#conceito">http://marketingdeconteudo.com/o-que-e-marketing/#conceito</a><br />\r\n<a href="http://www.racecomunicacao.com.br/blog/quem-sao-os-stakeholders/">http://www.racecomunicacao.com.br/blog/quem-sao-os-stakeholders/</a><br />\r\n<a href="https://endeavor.org.br/4-ps/?esvt=-b&amp;esvq=_cat%3Amarketing&amp;esvadt=999999---1&amp;esvcrea=77671305205&amp;esvplace=&amp;esvd=c&amp;esvaid=50078&amp;gclid=CJaAlIPaitACFcUJkQod9BcNpg">https://endeavor.org.br/4-ps/?esvt=-b&amp;esvq=_cat%3Amarketing&amp;esvadt=999999---1&amp;esvcrea=77671305205&amp;esvplace=&amp;esvd=c&amp;esvaid=50078&amp;gclid=CJaAlIPaitACFcUJkQod9BcNpg</a><br />\r\n<a href="http://www.matheusperacine.com/voce-conhece-os-novos-4ps-de-marketing/">http://www.matheusperacine.com/voce-conhece-os-novos-4ps-de-marketing/</a><br />\r\n<a href="http://pt.slideshare.net/dersonjr/gesto-de-marketing-i">http://pt.slideshare.net/dersonjr/gesto-de-marketing-i</a><br />\r\n<a href="http://blog.luz.vc/o-que-e/4-ps-marketing-mix-ou-composto-de-marketing/">http://blog.luz.vc/o-que-e/4-ps-marketing-mix-ou-composto-de-marketing/</a><br />\r\n<a href="http://blog.wedologos.com.br/4-ps-de-marketing/">http://blog.wedologos.com.br/4-ps-de-marketing/</a><br />\r\n<br />\r\n<br />\r\n<br />\r\n<br />\r\n&nbsp;', 'O que é marketing? Marketing é só propaganda? Respondemos às perguntas mais urgentes sobre marketing e, de quebra, ainda deixamos um bônus especial.', '12.png', '2016-12-05 08:30:00', 'P', 15, '1', '2016-11-19 10:35:51', '2017-03-01 04:05:16', 1, 1, 'N', 75, 1, '2016-12-04 19:38:50', NULL, NULL, NULL),
	(62, 6, 41, 61, 'Como o e-mail personalizado pode ajudar a sua empresa! ', 'como-o-e-mail-personalizado-pode-ajudar-a-sua-empresa', '<img alt="" src="http://crescernaweb.com.br/webroot/img/img_editor/3416a75f4cea9109507cacd8e2f2aefc/images/email-personalizado.jpg" style="float:left; height:248px; margin:5px; width:300px" />Salve jovem padawan do Crescer na web&gt;<br />\r\n<br />\r\nTodo mundo viu que a candidata Hillary Clinton teve sua credibilidade abalada pelo uso de uma conta de e-mail particular para transmitir mensagens sigilosas do governo americano, isso provavelmente fez com que ela perdesse as elei&ccedil;&otilde;es.<br />\r\n<br />\r\nMas o que isso tem haver com voc&ecirc; e sua empresa?<br />\r\nPode parecer algo irrelevante, mas criar e-mails profissionais&nbsp;para sua empresa ajudar&aacute; a passar uma imagem mais profissional.<br />\r\n<br />\r\n<strong>Porque eu vou usar e-mails personalizados se existem contas de e-mails gratuitos?</strong><br />\r\n<br />\r\nVamos l&aacute; jovem Padawan.<br />\r\n<br />\r\nAs contas de e-mail gratuitas (@yahoo, @gmail e @hotmail entre outras) at&eacute; conseguiriam atender as suas necessidades b&aacute;sicas, como enviar, receber e armazenar seus e-mails. Por&eacute;m, escolher com cuidado as contas de e-mail para a sua empresa tamb&eacute;m &eacute; muito importante para a estrat&eacute;gia de marketing digital.<br />\r\n<br />\r\n<strong>Mas porque um e-mail pode interferir tanto na credibilidade da minha empresa?</strong><br />\r\n<br />\r\nSimples!<br />\r\nUm e-mail corporativo passa para o seu cliente a sensa&ccedil;&atilde;o de que a sua empresa se preocupa com a qualidade e o sigilo da comunica&ccedil;&atilde;o, causando uma &oacute;tima impress&atilde;o transmitindo mais confian&ccedil;a para os clientes.<br />\r\n<br />\r\nSabe aquela frase que diz que a primeira impress&atilde;o &eacute; a que fica? Acredite, a apresenta&ccedil;&atilde;o da sua empresa faz toda a diferen&ccedil;a.&nbsp;Seus&nbsp;clientes sentem muito mais confian&ccedil;a&nbsp;realizando compras ou ao enviar informa&ccedil;&otilde;es importantes quando usam um e-mail exclusivo para isso. A exclusividade do endere&ccedil;o eletr&ocirc;nico da sua empresa n&atilde;o permitir&aacute; que o cliente fique em d&uacute;vidas quanto &agrave;&nbsp;autenticidade do seu e-mail.<br />\r\n<br />\r\nQuando voc&ecirc; opta pelo uso de e-mails privados gratuitos como @gmail, @hotmail, @yahoo, o nome deles aparecer&aacute; nas mensagens, divulgando gratuitamente a marca deles&nbsp;a cada e-mail enviado por voc&ecirc;. J&aacute; parou pra pensar que com um e-mail personalizado voc&ecirc; estar&aacute; divulgando a sua pr&oacute;pria empresa?<br />\r\n<br />\r\nQuando voc&ecirc; usa um e-mail personalizado para a sua empresa, acaba criando um vinculo mais estreito com o seu cliente e promovendo o reconhecimento da marca, que passa a ser vista sempre que voc&ecirc; envia alguma mensagem.<br />\r\n<br />\r\n<strong>Outra vantagem para o uso de e-mails personalizados &eacute; a organiza&ccedil;&atilde;o dos contatos.</strong><br />\r\n<br />\r\nCriando e-mails personalizados para a sua empresa, voc&ecirc; estar&aacute; utilizando-os para comunica&ccedil;&otilde;es estritamente profissionais, garantindo mais produtividade, foco, e ajudando na organiza&ccedil;&atilde;o&nbsp;dos assuntos tratados. Al&eacute;m disso, o acesso a v&aacute;rias contas divididas em setores da sua empresa ajudar&aacute; no processo de organiza&ccedil;&atilde;o, j&aacute; que delimitar&aacute; os contatos feitos por setor, como um e-mail de contato, de vendas, financeiro, etc.<br />\r\n<br />\r\n<strong>E o e-mail marketing, como funciona?</strong><br />\r\n<br />\r\nAl&eacute;m disso tudo que j&aacute; falei, o uso de e-mails corporativos facilita bastante a sua vida quando falamos de e-mail marketing. Com o aumento de envios de seu e-mail personalizado cria-se uma reputa&ccedil;&atilde;o da sua empresa online, reduzindo expressivamente as chances de suas mensagens serem confundidas com SPAM pelas contas de e-mail de seus clientes.<br />\r\n<br />\r\nEnt&atilde;o &eacute; isso jovem padawan, aprendemos hoje que o uso dos e-mails corporativos melhora mesmo a imagem&nbsp;que a sua empresa passa para seus clientes, oferecendo uma&nbsp;experi&ecirc;ncia mais confi&aacute;vel e positiva&nbsp;para eles(Se a Hillary Clinton tivesse lido esse artigo, jamais teria usado seu e-mail particular para enviar os e-mails do governo). Isso, al&eacute;m de ter os benef&iacute;cios em rela&ccedil;&atilde;o &agrave; organiza&ccedil;&atilde;o e &agrave; reputa&ccedil;&atilde;o online.<br />\r\n<br />\r\n<img alt="" src="http://crescernaweb.com.br/webroot/img/img_editor/3416a75f4cea9109507cacd8e2f2aefc/images/hillary_clinton.jpg" style="float:left; height:150px; margin:5px; width:200px" />&nbsp;Ent&atilde;o n&atilde;o seja como a nossa amiguinha Hillary Clinton, crie agora mesmo o seu email personalizado e garanta a credibilidade da sua empresa.<br />\r\n<br />\r\nSe voc&ecirc; gostou, &eacute; s&oacute; clicar aqui em baixo e curtir, compartilha se achar interessante que seus amigos recebam essas dicas,&nbsp;pode deixar seu coment&aacute;rio, opini&atilde;o, critica e sugest&otilde;es para outros artigos, e n&atilde;o esque&ccedil;a de assinar nossa newsletter para receber artigos fresquinhos.<br />\r\n<br />\r\n<br />\r\nForte abra&ccedil;o e at&eacute; a pr&oacute;xima!<br />\r\n&nbsp;', 'Você sabia que ter um e-mail personalizado é tão importante quanto ter um site? Nesse artigo explicamos o porque você deve criar agora um e-mail personalizado.', '27.jpg', '2016-11-22 10:52:00', 'A', 32, '1', '2016-11-22 10:56:31', '2016-11-22 11:18:07', 41, 41, 'N', 0, NULL, NULL, NULL, NULL, NULL),
	(63, 4, 1, 1, 'As 8 grandes tendências de marketing para 2017', 'as-8-grandes-tendencias-de-marketing-para-2017', 'Pensar em tend&ecirc;ncias de marketing daqui para frente &eacute; vislumbrar um cen&aacute;rio de solu&ccedil;&otilde;es cada vez mais tecnol&oacute;gicas.<br />\r\n<br />\r\nPodemos dizer que a tecnologia est&aacute; alterando a forma como o mundo interage de maneira avassaladora. A populariza&ccedil;&atilde;o do uso de smartphones, por exemplo, s&oacute; n&atilde;o chega a ser t&atilde;o assustadora como a pr&oacute;pria velocidade de adapta&ccedil;&atilde;o das pessoas ao aparelho. Principalmente as novas gera&ccedil;&otilde;es.<br />\r\n<br />\r\nAs solu&ccedil;&otilde;es de marketing digital, que at&eacute; pouco tempo atr&aacute;s era considerado apenas uma tend&ecirc;ncia, virou item essencial em qualquer plano de marketing.<br />\r\n<br />\r\n&Eacute; espantoso observar tamb&eacute;m que assim como a tecnologia, o marketing est&aacute; em constante mudan&ccedil;a e evolu&ccedil;&atilde;o, bem como a forma de interagir com o mercado alvo. Ali&aacute;s, falando em intera&ccedil;&atilde;o, atrair a aten&ccedil;&atilde;o do mercado alvo est&aacute; cada vez mais dif&iacute;cil, o que torna cada vez mais importante, para qualquer organiza&ccedil;&atilde;o, ficar atenta ao comportamento do consumidor.<br />\r\n&nbsp;<br />\r\nPensando nessa realidade, resolvi listar as 8 tend&ecirc;ncias de marketing que considero as mais relevantes para o ano que se iniciou:<br />\r\n<br />\r\n<strong>1. Automa&ccedil;&atilde;o de marketing</strong><br />\r\nA utiliza&ccedil;&atilde;o da tecnologia para automatizar as tarefas de marketing digital est&aacute; cada vez mais presente nos &ldquo;planos de marketing&rdquo;.<br />\r\nA automa&ccedil;&atilde;o permite ao profissional de marketing economizar tempo para se dedicar mais na cria&ccedil;&atilde;o de conte&uacute;do relevante, que &eacute; a forma mais eficiente para atrair a aten&ccedil;&atilde;o do consumidor.<br />\r\nEntre suas principais vantagens, podemos citar: &nbsp;\r\n<ul>\r\n	<li>Facilita a programa&ccedil;&atilde;o de e-mails e segmenta&ccedil;&atilde;o de contatos</li>\r\n	<li>Automatiza as publica&ccedil;&otilde;es nas redes sociais</li>\r\n	<li>Possibilita o gerenciamento de conte&uacute;do e o acompanhamento do ciclo de vida de clientes no funil de marketing.</li>\r\n	<li>Potencializa o marketing no ambiente digital.&nbsp;<br />\r\n	&nbsp;</li>\r\n</ul>\r\n<strong>2. Inbound marketing</strong><br />\r\nTamb&eacute;m chamado de &ldquo;marketing de atra&ccedil;&atilde;o&rdquo;, tem como principal objetivo atrair clientes de forma volunt&aacute;ria atrav&eacute;s da disponibiliza&ccedil;&atilde;o de conte&uacute;do segmentado.<br />\r\nO conte&uacute;do, nesse caso, ter&aacute; papel fundamental para transformar a empresa em uma refer&ecirc;ncia no ramo, influenciando assim a decis&atilde;o de compra dos clientes.<br />\r\nDentre dias principais vantagens, podemos citar:\r\n<ul>\r\n	<li>&nbsp;&nbsp;&nbsp; Facilidade de mensura&ccedil;&atilde;o de todas as suas a&ccedil;&otilde;es</li>\r\n	<li>&nbsp;&nbsp;&nbsp; Diminui&ccedil;&atilde;o do custo de aquisi&ccedil;&atilde;o por cliente</li>\r\n	<li>&nbsp;&nbsp;&nbsp; Otimiza&ccedil;&atilde;o do processo de vendas</li>\r\n	<li>&nbsp;&nbsp;&nbsp; Aumento da visibilidade do neg&oacute;cio</li>\r\n	<li>&nbsp;&nbsp;&nbsp; P&uacute;blico-alvo cada vez mais engajado<br />\r\n	&nbsp;</li>\r\n</ul>\r\n<strong>3. Realidade Virtual</strong><br />\r\nConsiderada uma das maiores tend&ecirc;ncias do mercado tecnol&oacute;gico, a realidade virtual come&ccedil;ou a se disseminar recentemente.<br />\r\nApesar da grande maioria das pessoas associar seu uso ao mercado dos games, a aplica&ccedil;&atilde;o desta tecnologia tem se mostrado bastante diversificada, e j&aacute; existem casos de aplica&ccedil;&atilde;o em outras &aacute;reas, como sa&uacute;de, educa&ccedil;&atilde;o, entretenimento e marketing.<br />\r\nNa &aacute;rea de marketing, apesar de ainda carecer de exemplos mais pr&aacute;ticos, algumas empresas j&aacute; experimentaram desenvolver a&ccedil;&otilde;es utilizando a RV, com o intuito de oferecer experi&ecirc;ncias mais efetivas e marcantes.<br />\r\nSegue abaixo alguns exemplos pr&aacute;ticos de a&ccedil;&otilde;es reais com a RV:\r\n<ul>\r\n	<li>A Volvo chegou a desenvolver um aplicativo que permitia aos consumidores realizarem um test drive no SUV de luxo Volvo XC90, necessitando apenas de um smartphone e um Google Cardboard de papel&atilde;o.</li>\r\n	<li>A c&acirc;mara da Cidade do Porto disponibilizou um aplicativo para Android e iOS que permitia aos utilizadores passear virtualmente por locais ic&ocirc;nicos da cidade.</li>\r\n	<li>A Nike, para promover sua nova linha de chuteiras, desenvolveu um v&iacute;deo no Youtube de experi&ecirc;ncia de realidade virtual. O usu&aacute;rio participa do v&iacute;deo como se fosse a vis&atilde;o do atacante Neymar em campo, podendo escolher a dire&ccedil;&atilde;o que deseja olhar, em um &acirc;ngulo de 360 graus. &Eacute; poss&iacute;vel participar da experi&ecirc;ncia atrav&eacute;s dos dispositivos m&oacute;veis e tamb&eacute;m com o aux&iacute;lio do Google Cardboard, onde a imers&atilde;o fica ainda melhor.&nbsp;&nbsp;<strong> </strong><br />\r\n	&nbsp;</li>\r\n</ul>\r\n<strong>4. Conte&uacute;do em v&iacute;deo</strong><br />\r\nO consumo de v&iacute;deos tem aumentado bastante na web. De olho nisso, as redes sociais como Facebook e YouTube têm investido muito nessa categoria. A utiliza&ccedil;&atilde;o de v&iacute;deos melhora bastante as taxas de convers&atilde;o.<br />\r\n<br />\r\n<strong>5. Marketing baseado em localiza&ccedil;&atilde;o</strong><br />\r\nA enorme populariza&ccedil;&atilde;o dos smartphones justifica a tend&ecirc;ncia cada vez maior dos profissionais de marketing utilizarem a&ccedil;&otilde;es baseadas na localiza&ccedil;&atilde;o do consumidor.<br />\r\nAtrav&eacute;s do conhecimento da localiza&ccedil;&atilde;o do mercado alvo, as empresas obtém meios para descobrir os melhores momentos de intera&ccedil;&atilde;o e tamb&eacute;m para desenvolver mensagens mais apropriadas.<br />\r\n<br />\r\n<strong>6. Mobile marketing</strong><br />\r\nPara explorar a crescente utiliza&ccedil;&atilde;o de dispositivos m&oacute;veis do pa&iacute;s, o mobile marketing tamb&eacute;m se tornou item essencial em qualquer planejamento de marketing.<br />\r\nAlguns pa&iacute;ses j&aacute; possuem mais dispositivos m&oacute;veis do que pessoas. Al&eacute;m disso, o pr&oacute;prio Google passou a punir sites n&atilde;o responsivos nos resultados de buscas.<br />\r\n<br />\r\n<strong>7. Redes sociais</strong><br />\r\nOs dispositivos moveis s&atilde;o os maiores respons&aacute;veis pela integra&ccedil;&atilde;o cada vez maior dos Brasileiros com as redes sociais.<br />\r\nAtento a essa grande demanda, o com&eacute;rcio eletr&ocirc;nico tem feito um grande esfor&ccedil;o para se integrar cada vez mais &agrave;s redes sociais.<br />\r\nAs m&iacute;dias tem se transformado em um novo canal de convers&atilde;o.<br />\r\n<br />\r\n<strong>8. Remarketing/Retargeting</strong><br />\r\nO termo &ldquo;RETARGETING&rdquo; tem origem inglesa. &ldquo;TARGET&rdquo; significa focar ou mirar. J&aacute; o termo &ldquo;REMARKETING&rdquo; &eacute; a forma como o Google nomeou sua ferramenta de &ldquo;RETARGETING&rdquo;.<br />\r\nA ferramenta tem como objetivo aumentar a convers&atilde;o, ou seja, as vendas.<br />\r\nO retargeting funciona da seguinte maneira: Suponhamos que o internauta fa&ccedil;a uma pesquisa sobre um determinado tipo de sapato, mais n&atilde;o efetue a compra. Durante a navega&ccedil;&atilde;o, an&uacute;ncios variados do tipo de sapato do pesquisado aparecem em p&aacute;ginas, banners, etc.<br />\r\nDessa forma, o retargeting consegue manter a marca e/ou o produto na cabe&ccedil;a do internauta, enquanto ele ainda n&atilde;o se decidiu.<br />\r\n&nbsp;<br />\r\n<strong>CONCLUS&Atilde;O</strong><br />\r\nA velha forma de fazer marketing morreu. Se antes os profissionais de marketing se preocupavam de forma demasiada com publicidade e investimentos em propaganda, com o intuito de atingir as massas, hoje em dia o panorama mudou completamente.<br />\r\nAs novas solu&ccedil;&otilde;es e ferramentas s&atilde;o inteiramente baseadas em comunica&ccedil;&atilde;o altamente personalizada e segmentada, com conte&uacute;dos ricos que influenciam e engajam o consumidor de&nbsp; forma totalmente volunt&aacute;ria. &nbsp;<br />\r\nO novo marketing nasceu para se comunicar com o consumidor, instru&iacute;-lo, entret&ecirc;-lo, ouv&iacute;-lo, e principalmente, ajuda-lo a encontrar solu&ccedil;&otilde;es para seus problemas.<br />\r\n&nbsp;<br />\r\nUm grande abra&ccedil;o e at&eacute; mais.<br />\r\n&nbsp;<br />\r\n<br />\r\n<strong>Refer&ecirc;ncias</strong>:<br />\r\nhttp://resultadosdigitais.com.br/blog/remarketing-como-utilizar/<br />\r\nhttp://www.ideiademarketing.com.br/2015/08/05/o-velho-jeito-de-fazer-marketing-morreu/<br />\r\nhttp://seo10digital.com.br/tendencias-marketing-2017/<br />\r\nhttp://viverdeblog.com/mobile-marketing/<br />\r\nhttp://neilpatel.com/br/o-que-e-automacao-de-marketing-o-guia-completo-para-geracao-e-nutricao-de-leads/<br />\r\nhttp://br.hubspot.com/blog/tendencias-de-marketing-2017<br />\r\nhttp://br.hubspot.com/blog/o-que-e-inbound-marketing<br />\r\nhttp://5seleto.com.br/o-que-e-inbound-marketing/?tho_click=1<br />\r\nhttp://resultadosdigitais.com.br/inbound-marketing/<br />\r\nhttps://corporate.canaltech.com.br/materia/marketing/realidade-virtual-como-estrategia-de-marketing-65881/<br />\r\nhttp://www.a2ad.com.br/blog/ja-pensou-em-usar-realidade-virtual-em-sua-estrategia-de-marketing/<br />\r\nhttp://www.academiadomarketing.com.br/tendencias-do-marketing-digital-em-2017/<br />\r\nhttps://impulsordigital.com.br/marketing-digital-tendencias-2017/<br />\r\n<br />\r\n&nbsp;', 'Cada vez mais integrado com a área de TI, o marketing tem sofrido transformações profundas com a nova era digital. ', '19.png', '2017-02-04 08:21:00', 'P', 19, '1', '2017-02-04 08:44:22', '2017-02-28 22:54:30', 1, 1, 'N', 44, 1, '2017-02-04 09:02:27', NULL, NULL, NULL);
/*!40000 ALTER TABLE `cwcol_artigos` ENABLE KEYS */;


-- Copiando estrutura para tabela crescernaweb1.cwcol_artigos_categorias
DROP TABLE IF EXISTS `cwcol_artigos_categorias`;
CREATE TABLE IF NOT EXISTS `cwcol_artigos_categorias` (
  `id` int(11) NOT NULL AUTO_INCREMENT,
  `artigo_id` int(11) NOT NULL,
  `categoria_id` int(11) NOT NULL,
  `created` datetime DEFAULT NULL,
  `createdby` int(11) DEFAULT NULL,
  PRIMARY KEY (`id`,`artigo_id`,`categoria_id`),
  KEY `fk_cw_artigos_has_cw_categorias_cw_artigos1` (`artigo_id`),
  KEY `fk_cw_artigos_has_cw_categorias_cw_categorias1` (`categoria_id`),
  CONSTRAINT `fk_cw_artigos_has_cw_categorias_cw_artigos1` FOREIGN KEY (`artigo_id`) REFERENCES `cwcol_artigos` (`id`) ON DELETE NO ACTION ON UPDATE NO ACTION,
  CONSTRAINT `fk_cw_artigos_has_cw_categorias_cw_categorias1` FOREIGN KEY (`categoria_id`) REFERENCES `cwcol_categorias` (`id`) ON DELETE NO ACTION ON UPDATE NO ACTION
) ENGINE=InnoDB AUTO_INCREMENT=179 DEFAULT CHARSET=utf8;

-- Copiando dados para a tabela crescernaweb1.cwcol_artigos_categorias: ~53 rows (aproximadamente)
/*!40000 ALTER TABLE `cwcol_artigos_categorias` DISABLE KEYS */;
INSERT INTO `cwcol_artigos_categorias` (`id`, `artigo_id`, `categoria_id`, `created`, `createdby`) VALUES
	(11, 10, 16, '2016-06-06 09:28:52', 43),
	(12, 11, 15, '2016-06-06 09:53:50', 43),
	(14, 12, 16, '2016-06-06 10:09:50', 43),
	(15, 13, 9, '2016-06-14 08:40:58', 1),
	(17, 14, 9, '2016-06-14 08:43:15', 1),
	(20, 16, 16, '2016-07-06 16:11:04', 43),
	(21, 16, 17, '2016-07-06 16:11:04', 43),
	(23, 18, 16, '2016-07-14 16:02:25', 43),
	(24, 18, 15, '2016-07-14 16:02:25', 43),
	(27, 20, 9, '2016-08-16 21:51:21', 1),
	(28, 21, 13, '2016-08-18 23:00:28', 1),
	(29, 21, 12, '2016-08-18 23:00:28', 1),
	(31, 22, 7, '2016-08-22 22:56:38', 1),
	(37, 27, 19, '2016-09-18 21:03:57', 41),
	(38, 28, 19, '2016-09-18 22:59:53', 41),
	(41, 29, 19, '2016-09-23 20:45:40', 41),
	(82, 23, 11, '2016-09-26 08:55:21', 1),
	(83, 23, 12, '2016-09-26 08:55:21', 1),
	(84, 30, 12, '2016-09-26 09:10:28', 1),
	(86, 31, 11, '2016-09-26 09:19:58', 1),
	(87, 31, 12, '2016-09-26 09:19:58', 1),
	(93, 32, 16, '2016-09-26 15:49:04', 43),
	(94, 33, 17, '2016-09-26 16:09:23', 43),
	(95, 35, 19, '2016-09-26 17:06:31', 41),
	(97, 37, 12, '2016-09-27 09:32:02', 1),
	(105, 38, 17, '2016-09-27 17:01:26', 43),
	(107, 39, 16, '2016-09-27 17:09:45', 43),
	(108, 40, 15, '2016-09-27 17:53:42', 43),
	(109, 41, 15, '2016-09-27 17:58:25', 43),
	(110, 42, 16, '2016-09-27 17:59:02', 43),
	(112, 43, 11, '2016-09-27 19:50:54', 1),
	(113, 43, 12, '2016-09-27 19:50:54', 1),
	(118, 45, 19, '2016-09-27 20:50:00', 41),
	(122, 46, 19, '2016-09-27 21:14:45', 41),
	(139, 48, 19, '2016-09-27 23:07:26', 41),
	(140, 47, 16, '2016-09-28 21:36:17', 43),
	(141, 47, 17, '2016-09-28 21:36:17', 43),
	(142, 49, 19, '2016-10-06 12:03:56', 41),
	(143, 50, 19, '2016-10-06 12:06:20', 41),
	(145, 51, 19, '2016-10-06 13:02:41', 41),
	(146, 53, 19, '2016-10-06 13:31:09', 41),
	(147, 54, 19, '2016-10-06 16:39:17', 41),
	(148, 56, 19, '2016-10-13 20:57:23', 41),
	(152, 57, 21, '2016-10-14 19:45:18', 41),
	(153, 57, 20, '2016-10-14 19:45:18', 41),
	(156, 58, 21, '2016-10-14 20:15:05', 41),
	(167, 59, 16, '2016-10-24 20:26:51', 43),
	(168, 59, 17, '2016-10-24 20:26:51', 43),
	(169, 44, 16, '2016-10-24 21:55:51', 43),
	(170, 44, 15, '2016-10-24 21:55:51', 43),
	(171, 19, 13, '2016-10-27 19:31:25', 42),
	(172, 19, 18, '2016-10-27 19:31:25', 42),
	(178, 60, 22, '2016-11-09 21:49:16', 41);
/*!40000 ALTER TABLE `cwcol_artigos_categorias` ENABLE KEYS */;


-- Copiando estrutura para tabela crescernaweb1.cwcol_cadastros
DROP TABLE IF EXISTS `cwcol_cadastros`;
CREATE TABLE IF NOT EXISTS `cwcol_cadastros` (
  `id` int(11) NOT NULL AUTO_INCREMENT,
  `nome` varchar(250) DEFAULT NULL,
  `email` varchar(250) DEFAULT NULL,
  `mensagem` longtext,
  `status` char(1) DEFAULT 'N' COMMENT 'N-> Não avaliado, A -> Aprovado, R -> Reprovado, I -> Cadastro incompleto, F -> Finalizado',
  `obs_status` text,
  `person_id` int(11) DEFAULT NULL,
  `createdby` int(11) DEFAULT NULL,
  `created` datetime DEFAULT NULL,
  `modified` datetime DEFAULT NULL,
  `modifiedby` int(11) DEFAULT NULL,
  PRIMARY KEY (`id`)
) ENGINE=InnoDB DEFAULT CHARSET=utf8;

-- Copiando dados para a tabela crescernaweb1.cwcol_cadastros: ~0 rows (aproximadamente)
/*!40000 ALTER TABLE `cwcol_cadastros` DISABLE KEYS */;
/*!40000 ALTER TABLE `cwcol_cadastros` ENABLE KEYS */;


-- Copiando estrutura para tabela crescernaweb1.cwcol_cadastros_cadernos
DROP TABLE IF EXISTS `cwcol_cadastros_cadernos`;
CREATE TABLE IF NOT EXISTS `cwcol_cadastros_cadernos` (
  `id` int(11) NOT NULL AUTO_INCREMENT,
  `cadastro_id` int(11) NOT NULL,
  `caderno_id` int(11) NOT NULL,
  `status` char(1) DEFAULT 'N' COMMENT 'N-> Não avaliado, R->Reprovado, A -> Aprovado, P -> Para análise ',
  PRIMARY KEY (`id`,`cadastro_id`,`caderno_id`),
  KEY `fk_cwcol_cadastros_has_cw_cadernos_cw_cadernos1_idx` (`caderno_id`),
  KEY `fk_cwcol_cadastros_has_cw_cadernos_cwcol_cadastros1_idx` (`cadastro_id`),
  CONSTRAINT `fk_cwcol_cadastros_has_cw_cadernos_cwcol_cadastros1` FOREIGN KEY (`cadastro_id`) REFERENCES `cwcol_cadastros` (`id`) ON DELETE NO ACTION ON UPDATE NO ACTION,
  CONSTRAINT `fk_cwcol_cadastros_has_cw_cadernos_cw_cadernos1` FOREIGN KEY (`caderno_id`) REFERENCES `cw_cadernos` (`id`) ON DELETE NO ACTION ON UPDATE NO ACTION
) ENGINE=InnoDB DEFAULT CHARSET=latin1;

-- Copiando dados para a tabela crescernaweb1.cwcol_cadastros_cadernos: ~0 rows (aproximadamente)
/*!40000 ALTER TABLE `cwcol_cadastros_cadernos` DISABLE KEYS */;
/*!40000 ALTER TABLE `cwcol_cadastros_cadernos` ENABLE KEYS */;


-- Copiando estrutura para tabela crescernaweb1.cwcol_categorias
DROP TABLE IF EXISTS `cwcol_categorias`;
CREATE TABLE IF NOT EXISTS `cwcol_categorias` (
  `id` int(11) NOT NULL AUTO_INCREMENT,
  `nome` varchar(230) DEFAULT NULL,
  `alias` varchar(230) DEFAULT NULL,
  `caderno_id` int(11) NOT NULL,
  `created` datetime DEFAULT NULL,
  `modified` datetime DEFAULT NULL,
  `createdby` int(11) DEFAULT NULL,
  `modifiedby` int(11) DEFAULT NULL,
  `isdeleted` char(1) DEFAULT 'N',
  `isactive` char(1) DEFAULT 'Y',
  PRIMARY KEY (`id`,`caderno_id`),
  KEY `fk_cw_categorias_cw_cadernos` (`caderno_id`),
  CONSTRAINT `fk_cw_categorias_cw_cadernos` FOREIGN KEY (`caderno_id`) REFERENCES `cw_cadernos` (`id`) ON DELETE NO ACTION ON UPDATE NO ACTION
) ENGINE=InnoDB AUTO_INCREMENT=24 DEFAULT CHARSET=utf8;

-- Copiando dados para a tabela crescernaweb1.cwcol_categorias: ~17 rows (aproximadamente)
/*!40000 ALTER TABLE `cwcol_categorias` DISABLE KEYS */;
INSERT INTO `cwcol_categorias` (`id`, `nome`, `alias`, `caderno_id`, `created`, `modified`, `createdby`, `modifiedby`, `isdeleted`, `isactive`) VALUES
	(7, 'Endomarketing', 'endomarketing', 4, '2016-06-05 14:11:20', '2016-06-05 14:11:20', 1, 1, 'N', 'Y'),
	(8, 'Inbound Marketing', 'inbound-marketing', 4, '2016-06-05 14:11:30', '2016-06-05 14:11:30', 1, 1, 'N', 'Y'),
	(9, 'Marketing de conteúdo', 'marketing-de-conteudo', 4, '2016-06-05 14:11:40', '2016-06-05 14:11:40', 1, 1, 'N', 'Y'),
	(10, 'Neuromarketing', 'neuromarketing', 4, '2016-06-05 14:11:51', '2016-06-05 14:11:51', 1, 1, 'N', 'Y'),
	(11, 'CakePHP', 'cakephp', 6, '2016-06-05 18:41:13', '2016-06-05 18:41:13', 1, 1, 'N', 'Y'),
	(12, 'PHP', 'php', 6, '2016-06-05 18:41:22', '2016-06-05 18:41:22', 1, 1, 'N', 'Y'),
	(13, 'Java', 'java', 6, '2016-06-05 18:41:30', '2016-06-05 18:41:30', 1, 1, 'N', 'Y'),
	(14, 'UML', 'uml', 6, '2016-06-05 18:41:36', '2016-06-05 18:41:36', 1, 1, 'N', 'Y'),
	(15, 'Logística', 'logistica', 5, '2016-06-05 18:41:52', '2016-06-05 18:41:52', 1, 1, 'N', 'Y'),
	(16, 'Empreendedorismo', 'empreendedorismo', 5, '2016-06-05 18:42:02', '2016-06-05 18:42:02', 1, 1, 'N', 'Y'),
	(17, 'Processos gerenciais', 'processos-gerenciais', 5, '2016-06-05 18:42:12', '2016-06-05 18:42:12', 1, 1, 'N', 'Y'),
	(18, 'Qualidade de Software', 'qualidade-de-software', 6, '2016-07-14 10:05:19', '2016-08-16 14:55:22', 42, 42, 'N', 'Y'),
	(19, 'Wordpress', 'wordpress', 6, '2016-09-18 20:56:25', '2016-09-18 20:56:25', 41, 41, 'N', 'Y'),
	(20, 'Infográfico', 'infografico', 6, '2016-10-14 18:44:52', '2016-10-14 20:01:08', 41, 41, 'Y', 'N'),
	(21, 'HTML5', 'html5', 6, '2016-10-14 18:54:55', '2016-10-14 18:54:55', 41, 41, 'N', 'Y'),
	(22, 'Cloud Computing ', 'cloud-computing', 6, '2016-11-03 22:38:24', '2016-11-03 22:38:24', 41, 41, 'N', 'Y'),
	(23, 'Dominios', 'dominios', 6, '2016-11-22 10:55:56', '2016-11-22 10:55:56', 41, 41, 'N', 'Y');
/*!40000 ALTER TABLE `cwcol_categorias` ENABLE KEYS */;


-- Copiando estrutura para tabela crescernaweb1.cwcol_colunistas
DROP TABLE IF EXISTS `cwcol_colunistas`;
CREATE TABLE IF NOT EXISTS `cwcol_colunistas` (
  `person_id` int(11) NOT NULL,
  `apelido` varchar(200) NOT NULL,
  `alias` varchar(200) DEFAULT NULL,
  `foto` varchar(200) DEFAULT NULL,
  `resumo` text,
  `bio` longtext,
  `isactive` char(1) DEFAULT 'Y',
  `created` datetime DEFAULT NULL,
  `createdby` int(11) DEFAULT NULL,
  `modified` datetime DEFAULT NULL,
  `modifiedby` int(11) DEFAULT NULL,
  PRIMARY KEY (`person_id`),
  KEY `fk_cw_colunistas_persons1` (`person_id`),
  CONSTRAINT `fk_cw_colunistas_persons1` FOREIGN KEY (`person_id`) REFERENCES `persons` (`id`) ON DELETE NO ACTION ON UPDATE NO ACTION
) ENGINE=InnoDB DEFAULT CHARSET=utf8;

-- Copiando dados para a tabela crescernaweb1.cwcol_colunistas: ~5 rows (aproximadamente)
/*!40000 ALTER TABLE `cwcol_colunistas` DISABLE KEYS */;
INSERT INTO `cwcol_colunistas` (`person_id`, `apelido`, `alias`, `foto`, `resumo`, `bio`, `isactive`, `created`, `createdby`, `modified`, `modifiedby`) VALUES
	(1, 'André Luis', 'andre-luis', NULL, 'Idealizador do portal. Formado em marketing com MBA em Comunicação e Marketing nas Mídias Digitais.', '<p>Idealizador do portal. Formado em marketing com MBA em Comunica&ccedil;&atilde;o e Marketing nas M&iacute;dias Digitais.</p>\r\n', 'Y', '2016-06-14 08:39:38', NULL, '2016-09-25 18:25:13', NULL),
	(60, 'André', 'andre', NULL, 'erw', '<p>ere</p>\r\n', 'Y', '2016-06-04 10:12:01', NULL, '2016-09-18 20:52:24', NULL),
	(61, 'Eduardo Junior', 'eduardo', NULL, 'Apaixonado por informática, estudante de Análise e Desenvolvimento de Sistemas, Web Designer entusiasta, Co Fundador do portal CNW, Coordenador do caderno de TI e colunista. É assumidamente um dos maiores fãs de Star Wars dessa e de outras galáxias.', 'Nasci em 1978 em uma fam&iacute;lia tipicamente carioca, e segundo meus pais, desde pequeno eu sempre quis entender como funcionam as coisas, daquele tipo que desmontava o r&aacute;dio da av&oacute; pra ver como era por dentro.<br />\r\n<br />\r\nSempre tive fasc&iacute;nio por tecnologia, era louco de vontade de fazer aqueles cursos de eletr&ocirc;nica por correspond&ecirc;ncia do Instituto Nacional Brasileiro, daqueles que vinham em an&uacute;ncios nos gibis que eu lia, e em 1988 tive acesso ao meu primeiro PC, um maravilhoso e potente IBM XT 286 com invej&aacute;veis 256Kb de mem&oacute;ria RAM e disquetes de 5&frac14;&quot; de 1.2 MB.<br />\r\n<br />\r\nNaquele momento, nascia uma paix&atilde;o avassaladora pela inform&aacute;tica.<br />\r\n&nbsp;&nbsp;&nbsp;&nbsp;&nbsp;&nbsp;&nbsp;&nbsp;&nbsp;&nbsp;&nbsp;&nbsp;&nbsp;&nbsp;&nbsp;<br />\r\nOs anos foram passando e minha paix&atilde;o crescendo, fiz os melhores cursos da &eacute;poca, Office 95, Windows 95, MSDOS, Frontpage.&nbsp;Mas eu ainda achava pouco, sonhava em mergulhar mais fundo no mundo tecnol&oacute;gico, e em 2001, entrei para o Curso T&eacute;cnico P&oacute;s M&eacute;dio da FAETEC em Tr&ecirc;s Rios<strong> </strong>e encontrei o para&iacute;so.<br />\r\n<br />\r\nDeliciosas m&aacute;quinas me esperavam para ser abertas e desmontadas, aprendi l&oacute;gica de programa&ccedil;&atilde;o, algoritmo e o portugol no bom e velho Turbo Pascal, passando depois para o Delphi. Ali criei la&ccedil;os fortes com as redes de computadores (que at&eacute; hoje s&atilde;o como uma v&aacute;lvula de escape para mim).<br />\r\n<br />\r\nApaixonado pelo desenvolvimento web, me lancei nos bra&ccedil;os do HTML, Dreamweaver, Flash. Essa paix&atilde;o crescia cada vez mais e acabei seguindo pelos caminhos do PHP, MySql e da plataforma Wordpress. &nbsp;<br />\r\n<br />\r\nConsumido pelo desejo de mais conhecimento, me matriculei no curso de Analise e Desenvolvimento de Sistemas na Est&aacute;cio.<br />\r\n<br />\r\nTrabalhei em empresas que contribu&iacute;ram bastante com meus conhecimentos t&eacute;cnicos, e foi numa dessas empresas que conheci o Andr&eacute;, o Carlos e o Marco Aur&eacute;lio, e &eacute; gra&ccedil;as a esse encontro e muita troca de ideias que hoje escrevo essa biografia para o Crescer na Web, que tem como principal objetivo, saciar a fome de conhecimento de apaixonados como eu, seja na &aacute;rea de Tecnologia como em qualquer outra &aacute;rea de conhecimento.<br />\r\n<br />\r\nEspero contribuir com o melhor e junto com cada um de voc&ecirc;s, aprender cada dia um pouco mais e Crescer na Web.<br />\r\n<br />\r\n&nbsp;', 'Y', '2016-06-04 10:14:09', NULL, '2016-10-25 14:44:30', NULL),
	(62, 'Marco Aurélio', 'marco', NULL, 'Bacharel em Sistemas de Informação pela Faculdade Metodista Granbery, desenvolvedor de aplicações web/mobile, entusiasta do software livre e de sistemas linux e profundo amante da tecnologia e da cultura Geek.', '<p>Bacharel em Sistemas de Informa&ccedil;&atilde;o pela Faculdade Metodista Granbery, desenvolvedor de aplica&ccedil;&otilde;es web/mobile, entusiasta do software livre e de sistemas linux e profundo amante da tecnologia e da cultura Geek.</p>\r\n', 'Y', '2016-06-04 10:15:16', NULL, '2016-08-16 14:56:40', NULL),
	(63, 'Carlos Vinicius', 'carlos-vinicius', NULL, 'Co-Fundador do Portal Crescer na Web e Coordenador do Caderno de Empreendedorismo, Logística e Processos gerenciais. Formado em Administração de Empresas na Faculdade do Sudeste Mineiro e Técnico em Logística e Informática.', 'Atualmente minha vida esta pautada em realiza&ccedil;&otilde;es profissionais na ADMINISTRA&Ccedil;&Atilde;O e na LOG&Iacute;STICA. O lado profissional come&ccedil;ou a partir de um Curso T&eacute;cnico em Inform&aacute;tica, onde encontrei al&eacute;m de conhecimento, bons amigos que est&atilde;o ao meu lado at&eacute; hoje e onde desenvolvi a mentalidade que o conhecimento deve ser compartilhado.<br />\r\nO primeiro contato com a Log&iacute;stica foi atrav&eacute;s de est&aacute;gio em inform&aacute;tica, onde aprendi com uma pessoa que todo processo deveria ser visto de forma SIST&Ecirc;MICA. Conclu&iacute;do o curso de T&eacute;cnico em Inform&aacute;tica, comecei lecionar em cursos de inform&aacute;tica, onde trabalhei por mais de 8 anos, mas ainda sentia falta da din&acirc;mica da log&iacute;stica e suas estrat&eacute;gias, ent&atilde;o, aprovado no vestibular do Instituto Federal de Educa&ccedil;&atilde;o e Tecnologia(IFET) em T&eacute;cnico em Transporte e Transito (Log&iacute;stica), dai voltei atuar na &aacute;rea e estudar t&eacute;cnicas inovadoras da GEST&Atilde;O DA CADEIA LOG&Iacute;STICA. Nesse ponto a curiosidade j&aacute; estava agu&ccedil;ada entre Inform&aacute;tica, Log&iacute;stica e Gest&atilde;o. Segundo um dos melhores professores que j&aacute; tive,&nbsp; cada curso representa uma &ldquo;Chave&rdquo; e que a mesma lhe dar&aacute; oportunidades se est&aacute; preparado.<br />\r\nEnt&atilde;o, fui cursar Administra&ccedil;&atilde;o de empresas na Faculdade do Suldeste Mineiro para aperfei&ccedil;oar a gest&atilde;o, outro mundo, novas perspectivas, Fiquei maravilhado parecia que estava come&ccedil;ando a acha respostas, inspirado e em meio a Faculdade ainda deu tempo para Cursar Log&iacute;stica em Maca&eacute; no PROMINP.<br />\r\nMas, o que adianta o conhecimento se o mesmo n&atilde;o for compartilhado, para que possamos crescer como indiv&iacute;duos e profissionalmente, acredito que devemos compartilhar experi&ecirc;ncias.<br />\r\nEnt&atilde;o, Crescer na Web disseminando conhecimento, um projeto pra vida!<br />\r\n<br />\r\n<br />\r\n&nbsp;', 'Y', '2016-06-05 18:31:12', NULL, '2016-10-22 13:01:19', NULL);
/*!40000 ALTER TABLE `cwcol_colunistas` ENABLE KEYS */;


-- Copiando estrutura para tabela crescernaweb1.cwcol_countviews
DROP TABLE IF EXISTS `cwcol_countviews`;
CREATE TABLE IF NOT EXISTS `cwcol_countviews` (
  `id` int(11) NOT NULL AUTO_INCREMENT,
  `created` datetime DEFAULT NULL,
  `ip` varchar(150) DEFAULT NULL,
  `artigo_id` int(11) NOT NULL,
  `caderno_id` int(11) NOT NULL,
  PRIMARY KEY (`id`,`artigo_id`,`caderno_id`),
  KEY `fk_cwcol_countviews_cwcol_artigos1_idx` (`artigo_id`),
  KEY `fk_cwcol_countviews_cw_cadernos1_idx` (`caderno_id`),
  CONSTRAINT `fk_cwcol_countviews_cwcol_artigos1` FOREIGN KEY (`artigo_id`) REFERENCES `cwcol_artigos` (`id`) ON DELETE NO ACTION ON UPDATE NO ACTION,
  CONSTRAINT `fk_cwcol_countviews_cw_cadernos1` FOREIGN KEY (`caderno_id`) REFERENCES `cw_cadernos` (`id`) ON DELETE NO ACTION ON UPDATE NO ACTION
) ENGINE=InnoDB AUTO_INCREMENT=1367 DEFAULT CHARSET=latin1;

-- Copiando dados para a tabela crescernaweb1.cwcol_countviews: ~1.459 rows (aproximadamente)
/*!40000 ALTER TABLE `cwcol_countviews` DISABLE KEYS */;
INSERT INTO `cwcol_countviews` (`id`, `created`, `ip`, `artigo_id`, `caderno_id`) VALUES
	(1, '2016-10-23 17:58:01', '189.83.239.224', 59, 5),
	(2, '2016-10-23 17:59:05', '189.83.239.224', 59, 5),
	(3, '2016-10-24 06:34:13', '189.48.48.62', 44, 5),
	(4, '2016-10-24 08:12:01', '186.233.32.126', 43, 6),
	(5, '2016-10-24 08:12:14', '186.233.32.126', 48, 6),
	(6, '2016-10-24 08:43:16', '186.233.32.126', 44, 5),
	(7, '2016-10-24 08:47:40', '186.233.32.126', 44, 5),
	(8, '2016-10-24 09:19:39', '186.233.32.126', 43, 6),
	(9, '2016-10-24 09:34:50', '186.233.32.126', 59, 5),
	(10, '2016-10-24 10:07:19', '66.249.85.1', 48, 6),
	(11, '2016-10-24 11:08:30', '186.233.41.170', 48, 6),
	(12, '2016-10-24 11:43:44', '186.233.32.126', 43, 6),
	(13, '2016-10-24 11:48:25', '186.233.41.170', 58, 6),
	(14, '2016-10-24 11:48:53', '186.233.41.170', 59, 5),
	(15, '2016-10-24 12:22:57', '177.84.65.54', 59, 5),
	(16, '2016-10-24 12:30:13', '177.84.65.54', 56, 6),
	(17, '2016-10-24 12:31:02', '177.84.65.54', 56, 6),
	(18, '2016-10-24 12:32:14', '177.84.65.54', 58, 6),
	(19, '2016-10-24 12:32:21', '177.84.65.54', 43, 6),
	(20, '2016-10-24 12:32:29', '177.84.65.54', 59, 5),
	(21, '2016-10-24 12:32:35', '177.84.65.54', 47, 5),
	(22, '2016-10-24 13:01:08', '187.81.181.145', 47, 5),
	(23, '2016-10-24 13:01:12', '173.252.124.72', 47, 5),
	(24, '2016-10-24 13:20:13', '179.66.194.58', 56, 6),
	(25, '2016-10-24 13:42:32', '177.51.254.108', 59, 5),
	(26, '2016-10-24 14:31:30', '179.66.194.58', 59, 5),
	(27, '2016-10-24 14:32:02', '179.66.194.58', 43, 6),
	(28, '2016-10-24 14:32:03', '179.66.194.58', 56, 6),
	(29, '2016-10-24 14:32:05', '179.66.194.58', 47, 5),
	(30, '2016-10-24 14:32:06', '179.66.194.58', 58, 6),
	(31, '2016-10-24 14:38:09', '179.66.194.58', 59, 5),
	(32, '2016-10-24 14:38:23', '179.66.194.58', 47, 5),
	(33, '2016-10-24 14:39:59', '179.66.194.58', 48, 6),
	(34, '2016-10-24 14:44:44', '179.66.194.58', 48, 6),
	(35, '2016-10-24 14:46:37', '186.233.32.126', 47, 5),
	(36, '2016-10-24 14:46:53', '66.249.88.30', 47, 5),
	(37, '2016-10-24 14:47:08', '66.249.89.71', 47, 5),
	(38, '2016-10-24 14:47:57', '186.233.32.126', 47, 5),
	(39, '2016-10-24 14:48:09', '186.233.32.126', 47, 5),
	(40, '2016-10-24 14:48:59', '66.249.89.71', 47, 5),
	(41, '2016-10-24 14:50:08', '64.233.172.154', 47, 5),
	(42, '2016-10-24 14:50:11', '66.249.88.30', 47, 5),
	(43, '2016-10-24 14:50:14', '64.233.172.156', 47, 5),
	(44, '2016-10-24 14:52:35', '66.249.89.68', 47, 5),
	(45, '2016-10-24 14:52:35', '186.233.32.126', 48, 6),
	(46, '2016-10-24 14:52:42', '173.252.124.31', 48, 6),
	(47, '2016-10-24 14:53:07', '173.252.124.28', 48, 6),
	(48, '2016-10-24 14:53:43', '179.66.194.58', 48, 6),
	(49, '2016-10-24 14:54:20', '186.233.32.126', 58, 6),
	(50, '2016-10-24 14:55:41', '179.66.194.58', 48, 6),
	(51, '2016-10-24 14:55:53', '179.66.194.58', 48, 6),
	(52, '2016-10-24 14:55:56', '208.101.7.43', 48, 6),
	(53, '2016-10-24 15:07:48', '186.233.32.126', 43, 6),
	(54, '2016-10-24 15:24:26', '186.233.32.126', 43, 6),
	(55, '2016-10-24 17:03:12', '179.66.194.58', 48, 6),
	(56, '2016-10-24 18:11:12', '179.66.194.58', 48, 6),
	(57, '2016-10-24 18:53:07', '177.84.65.54', 43, 6),
	(58, '2016-10-24 18:54:46', '179.66.194.58', 47, 5),
	(59, '2016-10-24 18:55:51', '177.84.65.54', 43, 6),
	(60, '2016-10-24 18:55:55', '179.66.194.58', 47, 5),
	(61, '2016-10-24 19:09:24', '177.84.65.54', 56, 6),
	(62, '2016-10-24 19:17:44', '177.84.65.54', 48, 6),
	(63, '2016-10-24 19:19:38', '179.66.194.58', 48, 6),
	(64, '2016-10-24 19:23:11', '187.59.231.174', 47, 5),
	(65, '2016-10-24 19:23:32', '179.66.194.58', 44, 5),
	(66, '2016-10-24 19:26:47', '177.84.65.54', 43, 6),
	(67, '2016-10-24 19:50:59', '177.84.65.54', 59, 5),
	(68, '2016-10-24 20:42:45', '201.32.73.53', 44, 5),
	(69, '2016-10-24 20:43:33', '179.66.194.58', 58, 6),
	(70, '2016-10-24 20:43:56', '179.66.194.58', 58, 6),
	(71, '2016-10-24 21:36:42', '181.213.111.60', 58, 6),
	(72, '2016-10-24 21:36:46', '201.32.73.53', 44, 5),
	(73, '2016-10-24 22:25:19', '179.178.92.76', 58, 6),
	(74, '2016-10-24 22:25:38', '179.178.92.76', 43, 6),
	(75, '2016-10-24 22:26:14', '179.178.92.76', 47, 5),
	(76, '2016-10-24 22:26:36', '179.178.92.76', 59, 5),
	(77, '2016-10-24 22:27:04', '179.178.92.76', 43, 6),
	(78, '2016-10-24 22:27:14', '179.178.92.76', 56, 6),
	(79, '2016-10-24 22:31:04', '201.32.73.53', 43, 6),
	(80, '2016-10-24 22:31:14', '201.32.73.53', 47, 5),
	(81, '2016-10-24 22:45:47', '181.213.111.60', 47, 5),
	(82, '2016-10-24 23:56:07', '181.213.111.60', 58, 6),
	(83, '2016-10-24 23:57:53', '181.213.111.60', 56, 6),
	(84, '2016-10-25 03:15:09', '189.24.50.51', 56, 6),
	(85, '2016-10-25 03:15:15', '189.24.50.51', 48, 6),
	(86, '2016-10-25 03:15:26', '189.24.50.51', 59, 5),
	(87, '2016-10-25 07:12:54', '66.249.65.14', 47, 5),
	(88, '2016-10-25 08:11:01', '186.233.32.126', 59, 5),
	(89, '2016-10-25 08:12:48', '186.233.32.126', 48, 6),
	(90, '2016-10-25 08:13:03', '186.233.32.126', 44, 5),
	(91, '2016-10-25 15:06:06', '186.233.41.170', 47, 5),
	(92, '2016-10-25 20:02:01', '173.252.115.87', 56, 6),
	(93, '2016-10-25 20:20:05', '201.46.158.139', 56, 6),
	(94, '2016-10-25 20:24:22', '141.8.143.225', 44, 5),
	(95, '2016-10-25 20:44:18', '177.9.193.95', 56, 6),
	(96, '2016-10-26 04:31:31', '45.55.232.76', 43, 6),
	(97, '2016-10-26 04:31:31', '45.55.232.76', 48, 6),
	(98, '2016-10-26 04:31:31', '45.55.232.76', 59, 5),
	(99, '2016-10-26 04:31:31', '45.55.232.76', 44, 5),
	(100, '2016-10-26 04:31:31', '45.55.232.76', 47, 5),
	(101, '2016-10-26 04:31:31', '45.55.232.76', 58, 6),
	(102, '2016-10-26 04:31:31', '45.55.232.76', 56, 6),
	(103, '2016-10-26 07:16:35', '141.8.143.225', 56, 6),
	(104, '2016-10-26 08:14:33', '100.43.85.1', 48, 6),
	(105, '2016-10-26 09:43:42', '141.8.143.225', 43, 6),
	(106, '2016-10-26 12:24:35', '186.233.41.170', 56, 6),
	(107, '2016-10-26 14:47:33', '181.213.111.60', 48, 6),
	(108, '2016-10-26 14:47:40', '186.233.32.126', 59, 5),
	(109, '2016-10-26 14:47:42', '181.213.111.60', 58, 6),
	(110, '2016-10-26 14:47:55', '69.63.188.125', 58, 6),
	(111, '2016-10-26 14:50:10', '181.213.111.60', 58, 6),
	(112, '2016-10-26 15:26:46', '177.98.191.170', 47, 5),
	(113, '2016-10-26 16:33:16', '186.233.32.126', 44, 5),
	(114, '2016-10-26 16:33:47', '186.233.32.126', 43, 6),
	(115, '2016-10-26 16:34:53', '186.233.32.126', 59, 5),
	(116, '2016-10-26 20:18:11', '141.8.143.134', 58, 6),
	(117, '2016-10-26 20:56:57', '189.12.198.132', 59, 5),
	(118, '2016-10-26 20:57:13', '173.252.124.21', 59, 5),
	(119, '2016-10-26 21:00:45', '189.12.198.132', 59, 5),
	(120, '2016-10-26 21:07:44', '189.12.198.132', 48, 6),
	(121, '2016-10-26 21:09:10', '189.12.198.132', 48, 6),
	(122, '2016-10-26 21:10:23', '173.252.124.74', 48, 6),
	(123, '2016-10-26 21:12:14', '189.12.198.132', 43, 6),
	(124, '2016-10-26 21:12:22', '173.252.124.21', 43, 6),
	(125, '2016-10-26 21:15:07', '189.12.198.132', 56, 6),
	(126, '2016-10-26 21:15:21', '173.252.124.22', 56, 6),
	(127, '2016-10-26 21:16:22', '108.174.2.205', 56, 6),
	(128, '2016-10-26 21:18:29', '189.12.198.132', 56, 6),
	(129, '2016-10-26 21:53:45', '191.31.2.109', 47, 5),
	(130, '2016-10-26 21:53:46', '181.213.111.60', 56, 6),
	(131, '2016-10-26 21:56:29', '181.213.111.60', 56, 6),
	(132, '2016-10-26 22:14:52', '186.235.101.6', 56, 6),
	(133, '2016-10-26 22:37:31', '181.213.111.60', 56, 6),
	(134, '2016-10-26 22:53:58', '186.235.101.6', 56, 6),
	(135, '2016-10-26 23:49:24', '177.134.124.19', 56, 6),
	(136, '2016-10-27 00:42:33', '177.179.29.78', 56, 6),
	(137, '2016-10-27 02:41:11', '177.134.124.19', 56, 6),
	(138, '2016-10-27 07:57:42', '177.55.202.75', 56, 6),
	(139, '2016-10-27 08:29:10', '186.233.32.126', 47, 5),
	(140, '2016-10-27 08:30:05', '189.40.84.93', 59, 5),
	(141, '2016-10-27 08:30:18', '189.40.84.93', 59, 5),
	(142, '2016-10-27 08:30:41', '189.40.84.93', 59, 5),
	(143, '2016-10-27 08:30:47', '189.40.84.93', 59, 5),
	(144, '2016-10-27 08:32:28', '186.233.32.126', 43, 6),
	(145, '2016-10-27 11:15:17', '201.58.15.80', 56, 6),
	(146, '2016-10-27 12:38:05', '186.233.41.170', 56, 6),
	(147, '2016-10-27 13:11:28', '186.233.41.170', 59, 5),
	(148, '2016-10-27 13:27:33', '191.17.115.244', 43, 6),
	(149, '2016-10-27 13:29:59', '141.8.143.225', 47, 5),
	(150, '2016-10-27 18:17:44', '187.46.253.23', 58, 6),
	(151, '2016-10-27 18:36:21', '179.249.188.196', 59, 5),
	(152, '2016-10-27 18:37:49', '179.249.188.196', 43, 6),
	(153, '2016-10-27 18:37:50', '173.252.124.14', 43, 6),
	(154, '2016-10-27 20:08:59', '186.247.38.234', 56, 6),
	(155, '2016-10-27 23:13:19', '189.59.152.147', 43, 6),
	(156, '2016-10-28 00:03:35', '186.235.96.72', 43, 6),
	(157, '2016-10-28 10:40:51', '66.249.64.138', 58, 6),
	(158, '2016-10-28 10:41:08', '66.249.64.143', 56, 6),
	(159, '2016-10-28 10:41:24', '66.249.64.138', 48, 6),
	(160, '2016-10-28 10:41:40', '66.249.64.138', 44, 5),
	(161, '2016-10-28 10:42:01', '66.249.64.143', 59, 5),
	(162, '2016-10-28 10:42:20', '66.249.64.138', 47, 5),
	(163, '2016-10-28 10:42:26', '66.249.64.138', 43, 6),
	(164, '2016-10-28 11:02:39', '66.249.64.143', 58, 6),
	(165, '2016-10-28 11:09:04', '66.249.64.150', 56, 6),
	(166, '2016-10-28 11:15:44', '66.249.64.143', 48, 6),
	(167, '2016-10-28 11:22:19', '66.249.64.143', 44, 5),
	(168, '2016-10-28 11:29:14', '66.249.64.138', 59, 5),
	(169, '2016-10-28 11:36:00', '66.249.64.143', 43, 6),
	(170, '2016-10-29 09:13:18', '186.233.32.126', 47, 5),
	(171, '2016-10-29 09:54:42', '186.233.32.126', 59, 5),
	(172, '2016-10-29 10:44:36', '186.233.32.126', 59, 5),
	(173, '2016-10-29 10:44:48', '108.174.2.204', 59, 5),
	(174, '2016-10-29 10:52:34', '108.174.2.203', 59, 5),
	(175, '2016-10-29 10:52:43', '186.233.32.126', 59, 5),
	(176, '2016-10-29 10:55:34', '186.233.32.126', 56, 6),
	(177, '2016-10-29 11:32:10', '189.24.3.159', 56, 6),
	(178, '2016-10-29 12:24:14', '191.163.101.40', 44, 5),
	(180, '2016-10-29 12:58:12', '186.233.41.170', 59, 5),
	(181, '2016-10-29 12:58:22', '141.8.143.225', 59, 5),
	(182, '2016-10-29 12:59:24', '186.233.41.170', 47, 5),
	(183, '2016-10-29 12:59:56', '186.233.41.170', 44, 5),
	(184, '2016-10-29 13:00:29', '186.233.41.170', 43, 6),
	(185, '2016-10-29 13:01:05', '186.233.41.170', 56, 6),
	(186, '2016-10-29 13:01:45', '186.233.41.170', 58, 6),
	(187, '2016-10-29 13:02:18', '186.233.41.170', 48, 6),
	(188, '2016-10-29 13:05:13', '104.236.35.72', 58, 6),
	(189, '2016-10-29 13:05:18', '104.236.35.72', 56, 6),
	(190, '2016-10-29 13:05:24', '104.236.35.72', 48, 6),
	(191, '2016-10-29 13:05:29', '104.236.35.72', 44, 5),
	(192, '2016-10-29 13:05:33', '104.236.35.72', 59, 5),
	(193, '2016-10-29 13:05:38', '104.236.35.72', 47, 5),
	(194, '2016-10-29 13:05:43', '104.236.35.72', 43, 6),
	(195, '2016-10-29 17:08:25', '81.19.188.229', 59, 5),
	(196, '2016-10-29 17:08:26', '81.19.188.229', 43, 6),
	(197, '2016-10-29 17:08:27', '81.19.188.229', 47, 5),
	(198, '2016-10-29 17:08:28', '81.19.188.229', 56, 6),
	(199, '2016-10-29 17:08:28', '81.19.188.229', 58, 6),
	(200, '2016-10-29 17:08:29', '81.19.188.229', 48, 6),
	(201, '2016-10-29 17:08:31', '81.19.188.229', 44, 5),
	(202, '2016-10-29 20:42:41', '54.153.68.70', 59, 5),
	(203, '2016-10-29 22:03:16', '177.42.76.7', 43, 6),
	(204, '2016-10-30 06:54:25', '177.104.74.252', 43, 6),
	(205, '2016-10-30 08:17:57', '66.249.64.132', 56, 6),
	(206, '2016-10-30 12:04:37', '189.13.133.56', 59, 5),
	(207, '2016-10-30 12:04:48', '189.13.133.56', 43, 6),
	(208, '2016-10-30 12:09:39', '189.13.133.56', 43, 6),
	(209, '2016-10-30 12:11:00', '189.13.133.56', 56, 6),
	(210, '2016-10-30 12:11:11', '189.13.133.56', 43, 6),
	(211, '2016-10-30 18:40:00', '181.213.124.13', 43, 6),
	(212, '2016-10-30 18:40:07', '181.213.124.13', 56, 6),
	(213, '2016-10-30 18:40:11', '181.213.124.13', 47, 5),
	(214, '2016-10-30 20:26:10', '138.36.0.46', 47, 5),
	(215, '2016-10-30 20:34:03', '187.82.226.112', 59, 5),
	(216, '2016-10-30 20:34:42', '187.82.226.112', 58, 6),
	(217, '2016-10-31 03:16:27', '104.236.16.238', 59, 5),
	(218, '2016-10-31 03:16:28', '104.236.16.238', 58, 6),
	(219, '2016-10-31 03:16:28', '104.236.16.238', 56, 6),
	(220, '2016-10-31 03:16:28', '104.236.16.238', 44, 5),
	(221, '2016-10-31 03:16:28', '104.236.16.238', 47, 5),
	(222, '2016-10-31 03:16:28', '104.236.16.238', 48, 6),
	(223, '2016-10-31 03:16:28', '104.236.16.238', 43, 6),
	(224, '2016-10-31 13:05:41', '186.233.41.170', 48, 6),
	(225, '2016-10-31 13:06:31', '186.233.41.170', 58, 6),
	(226, '2016-10-31 13:06:50', '186.233.41.170', 56, 6),
	(227, '2016-10-31 18:56:07', '181.213.111.60', 48, 6),
	(228, '2016-10-31 22:54:04', '66.249.64.150', 59, 5),
	(229, '2016-11-01 01:53:28', '157.55.39.1', 59, 5),
	(230, '2016-11-01 01:53:28', '157.55.39.1', 56, 6),
	(231, '2016-11-01 01:53:33', '157.55.39.190', 44, 5),
	(232, '2016-11-01 01:53:38', '40.77.167.69', 48, 6),
	(233, '2016-11-01 01:58:03', '40.77.167.66', 43, 6),
	(234, '2016-11-01 01:58:03', '40.77.167.66', 47, 5),
	(235, '2016-11-01 01:58:04', '40.77.167.66', 58, 6),
	(236, '2016-11-01 06:10:12', '189.13.56.213', 43, 6),
	(237, '2016-11-01 07:36:47', '66.249.64.150', 47, 5),
	(238, '2016-11-01 10:21:33', '186.233.32.126', 58, 6),
	(239, '2016-11-01 10:21:43', '186.233.32.126', 59, 5),
	(240, '2016-11-01 15:45:29', '186.233.32.126', 43, 6),
	(241, '2016-11-01 18:34:35', '187.79.131.93', 43, 6),
	(242, '2016-11-02 10:46:18', '189.48.51.15', 43, 6),
	(243, '2016-11-02 10:46:33', '189.48.51.15', 56, 6),
	(244, '2016-11-02 21:16:20', '189.25.1.225', 58, 6),
	(245, '2016-11-02 21:16:21', '69.63.188.123', 58, 6),
	(246, '2016-11-02 22:25:43', '157.55.39.112', 59, 5),
	(247, '2016-11-02 22:25:43', '157.55.39.112', 56, 6),
	(248, '2016-11-02 22:25:48', '207.46.13.141', 44, 5),
	(249, '2016-11-02 22:25:55', '157.55.39.76', 48, 6),
	(250, '2016-11-02 22:25:58', '157.55.39.132', 43, 6),
	(251, '2016-11-02 22:25:59', '157.55.39.132', 47, 5),
	(252, '2016-11-02 22:26:00', '157.55.39.132', 58, 6),
	(253, '2016-11-03 09:39:04', '186.233.32.126', 47, 5),
	(254, '2016-11-03 09:40:46', '186.233.32.126', 48, 6),
	(255, '2016-11-03 09:41:17', '186.233.32.126', 43, 6),
	(256, '2016-11-03 16:17:34', '189.25.1.225', 56, 6),
	(257, '2016-11-03 22:29:47', '181.213.111.60', 56, 6),
	(258, '2016-11-04 12:26:12', '186.233.41.170', 43, 6),
	(259, '2016-11-04 12:27:13', '186.233.41.170', 43, 6),
	(260, '2016-11-04 16:06:22', '186.233.41.170', 58, 6),
	(261, '2016-11-04 16:07:02', '185.20.5.170', 58, 6),
	(262, '2016-11-04 16:22:04', '186.233.41.170', 59, 5),
	(263, '2016-11-04 16:36:40', '186.233.41.170', 43, 6),
	(264, '2016-11-04 16:39:29', '45.55.230.123', 43, 6),
	(265, '2016-11-04 16:39:29', '45.55.230.123', 59, 5),
	(266, '2016-11-04 16:39:29', '45.55.230.123', 56, 6),
	(267, '2016-11-04 16:39:29', '45.55.230.123', 58, 6),
	(268, '2016-11-04 16:39:29', '45.55.230.123', 47, 5),
	(269, '2016-11-04 16:39:29', '45.55.230.123', 48, 6),
	(270, '2016-11-04 16:39:29', '45.55.230.123', 44, 5),
	(271, '2016-11-04 16:59:01', '186.233.41.170', 47, 5),
	(272, '2016-11-04 16:59:23', '186.233.41.170', 48, 6),
	(273, '2016-11-04 17:25:14', '186.233.41.170', 44, 5),
	(274, '2016-11-05 07:48:43', '186.233.41.170', 56, 6),
	(275, '2016-11-05 08:07:46', '186.233.41.170', 59, 5),
	(276, '2016-11-05 08:15:08', '186.233.41.170', 43, 6),
	(277, '2016-11-05 08:17:18', '186.233.41.170', 59, 5),
	(278, '2016-11-05 08:18:53', '186.233.41.170', 47, 5),
	(279, '2016-11-05 08:19:30', '186.233.41.170', 44, 5),
	(280, '2016-11-05 09:36:23', '200.149.205.186', 43, 6),
	(281, '2016-11-05 11:23:55', '66.249.64.86', 56, 6),
	(282, '2016-11-05 21:42:43', '177.104.79.27', 43, 6),
	(283, '2016-11-06 11:58:08', '189.83.138.162', 43, 6),
	(284, '2016-11-06 14:53:47', '189.83.138.162', 48, 6),
	(285, '2016-11-07 22:34:13', '152.238.115.19', 59, 5),
	(286, '2016-11-07 23:05:00', '201.50.225.69', 43, 6),
	(287, '2016-11-07 23:05:43', '201.50.225.69', 56, 6),
	(288, '2016-11-07 23:05:44', '201.50.225.69', 47, 5),
	(289, '2016-11-08 18:06:36', '191.162.235.203', 59, 5),
	(290, '2016-11-08 18:07:01', '191.162.235.203', 56, 6),
	(291, '2016-11-08 20:01:40', '66.249.64.74', 56, 6),
	(292, '2016-11-09 04:52:58', '104.131.55.143', 58, 6),
	(293, '2016-11-09 04:53:03', '104.131.55.143', 56, 6),
	(294, '2016-11-09 04:53:09', '104.131.55.143', 48, 6),
	(295, '2016-11-09 04:53:14', '104.131.55.143', 44, 5),
	(296, '2016-11-09 04:53:18', '104.131.55.143', 59, 5),
	(297, '2016-11-09 04:53:23', '104.131.55.143', 47, 5),
	(298, '2016-11-09 04:53:28', '104.131.55.143', 43, 6),
	(299, '2016-11-09 12:23:22', '180.76.15.136', 59, 5),
	(300, '2016-11-09 13:17:18', '66.249.64.74', 48, 6),
	(301, '2016-11-09 13:36:20', '66.249.64.6', 58, 6),
	(302, '2016-11-09 14:55:31', '66.249.64.9', 48, 6),
	(303, '2016-11-09 23:11:02', '66.249.64.86', 47, 5),
	(304, '2016-11-09 23:36:02', '66.249.64.79', 56, 6),
	(305, '2016-11-10 06:52:12', '45.55.229.101', 47, 5),
	(306, '2016-11-10 06:52:12', '45.55.229.101', 44, 5),
	(307, '2016-11-10 06:52:12', '45.55.229.101', 59, 5),
	(308, '2016-11-10 06:52:12', '45.55.229.101', 58, 6),
	(309, '2016-11-10 06:52:12', '45.55.229.101', 48, 6),
	(310, '2016-11-10 06:52:12', '45.55.229.101', 43, 6),
	(312, '2016-11-10 06:52:12', '45.55.229.101', 56, 6),
	(313, '2016-11-10 09:08:39', '186.233.32.126', 60, 6),
	(314, '2016-11-10 09:08:41', '173.193.17.200', 60, 6),
	(315, '2016-11-10 09:09:38', '179.249.119.137', 60, 6),
	(316, '2016-11-10 09:09:52', '173.252.124.28', 60, 6),
	(317, '2016-11-10 09:10:59', '186.233.41.170', 60, 6),
	(318, '2016-11-10 09:11:29', '186.233.41.170', 60, 6),
	(319, '2016-11-10 09:11:43', '69.171.228.120', 60, 6),
	(320, '2016-11-10 09:11:43', '173.252.122.116', 60, 6),
	(321, '2016-11-10 10:36:55', '179.66.185.213', 60, 6),
	(322, '2016-11-10 12:07:03', '186.233.41.170', 60, 6),
	(323, '2016-11-10 21:28:56', '181.213.111.60', 60, 6),
	(324, '2016-11-10 21:29:48', '181.213.111.60', 59, 5),
	(325, '2016-11-11 00:13:08', '179.107.147.136', 59, 5),
	(326, '2016-11-11 01:46:09', '189.83.187.89', 60, 6),
	(327, '2016-11-11 02:25:35', '66.249.64.74', 47, 5),
	(328, '2016-11-11 03:30:34', '176.195.105.183', 59, 5),
	(329, '2016-11-11 13:55:46', '66.249.64.86', 60, 6),
	(330, '2016-11-12 03:56:24', '66.249.75.54', 47, 5),
	(331, '2016-11-13 11:36:18', '181.213.111.60', 60, 6),
	(332, '2016-11-14 02:48:04', '45.55.72.134', 60, 6),
	(333, '2016-11-14 02:48:04', '45.55.72.134', 59, 5),
	(334, '2016-11-14 02:48:04', '45.55.72.134', 44, 5),
	(335, '2016-11-14 02:48:05', '45.55.72.134', 56, 6),
	(336, '2016-11-14 02:48:05', '45.55.72.134', 48, 6),
	(337, '2016-11-14 02:48:05', '45.55.72.134', 58, 6),
	(338, '2016-11-14 02:48:09', '45.55.72.134', 43, 6),
	(339, '2016-11-14 22:18:57', '69.58.178.59', 60, 6),
	(340, '2016-11-14 22:19:00', '69.58.178.59', 43, 6),
	(341, '2016-11-14 22:19:03', '69.58.178.59', 56, 6),
	(342, '2016-11-14 22:19:06', '69.58.178.59', 58, 6),
	(343, '2016-11-14 22:19:08', '69.58.178.59', 59, 5),
	(344, '2016-11-14 22:19:10', '69.58.178.59', 47, 5),
	(345, '2016-11-16 00:32:22', '66.249.65.27', 47, 5),
	(346, '2016-11-16 04:15:45', '66.249.65.86', 47, 5),
	(347, '2016-11-16 10:18:11', '66.249.65.79', 56, 6),
	(348, '2016-11-16 10:19:38', '66.249.65.86', 47, 5),
	(349, '2016-11-16 11:27:12', '88.198.180.41', 60, 6),
	(350, '2016-11-16 11:27:15', '88.198.180.41', 43, 6),
	(351, '2016-11-16 11:27:17', '88.198.180.41', 56, 6),
	(352, '2016-11-16 11:27:20', '88.198.180.41', 58, 6),
	(353, '2016-11-16 11:27:23', '88.198.180.41', 59, 5),
	(354, '2016-11-16 11:27:25', '88.198.180.41', 47, 5),
	(355, '2016-11-16 11:27:31', '88.198.180.41', 48, 6),
	(356, '2016-11-16 11:27:36', '88.198.180.41', 44, 5),
	(357, '2016-11-16 13:51:08', '66.249.65.86', 47, 5),
	(358, '2016-11-16 17:54:05', '186.233.32.126', 43, 6),
	(359, '2016-11-16 20:34:16', '66.249.65.86', 47, 5),
	(360, '2016-11-16 21:49:33', '66.102.7.170', 44, 5),
	(361, '2016-11-17 00:20:06', '66.249.64.3', 59, 5),
	(362, '2016-11-17 02:05:47', '66.249.64.79', 47, 5),
	(363, '2016-11-17 03:51:50', '66.249.64.74', 60, 6),
	(364, '2016-11-17 03:59:54', '66.249.64.74', 48, 6),
	(365, '2016-11-17 12:24:11', '163.172.68.127', 43, 6),
	(366, '2016-11-17 12:24:13', '163.172.68.127', 44, 5),
	(367, '2016-11-17 12:24:15', '163.172.68.127', 47, 5),
	(368, '2016-11-17 12:24:17', '163.172.68.127', 48, 6),
	(369, '2016-11-17 12:24:20', '163.172.68.127', 56, 6),
	(370, '2016-11-17 12:24:23', '163.172.68.127', 58, 6),
	(371, '2016-11-17 12:24:27', '163.172.68.127', 59, 5),
	(372, '2016-11-17 12:24:30', '163.172.68.127', 60, 6),
	(373, '2016-11-17 15:21:56', '104.131.57.71', 60, 6),
	(374, '2016-11-17 15:21:56', '104.131.57.71', 43, 6),
	(375, '2016-11-17 15:21:56', '104.131.57.71', 59, 5),
	(376, '2016-11-17 15:21:56', '104.131.57.71', 48, 6),
	(377, '2016-11-17 15:21:57', '104.131.57.71', 47, 5),
	(378, '2016-11-17 15:21:57', '104.131.57.71', 44, 5),
	(379, '2016-11-17 15:21:57', '104.131.57.71', 58, 6),
	(380, '2016-11-17 15:21:57', '104.131.57.71', 56, 6),
	(381, '2016-11-17 18:55:39', '66.249.64.79', 47, 5),
	(382, '2016-11-17 23:03:34', '66.249.64.3', 43, 6),
	(383, '2016-11-18 13:43:08', '66.249.64.86', 60, 6),
	(384, '2016-11-18 19:48:29', '66.249.64.86', 47, 5),
	(385, '2016-11-19 10:02:22', '189.107.110.66', 47, 5),
	(386, '2016-11-19 12:14:44', '66.249.64.6', 43, 6),
	(387, '2016-11-19 22:33:11', '104.236.6.215', 58, 6),
	(388, '2016-11-19 22:33:16', '104.236.6.215', 56, 6),
	(389, '2016-11-19 22:33:21', '104.236.6.215', 48, 6),
	(390, '2016-11-19 22:33:26', '104.236.6.215', 44, 5),
	(391, '2016-11-19 22:33:31', '104.236.6.215', 60, 6),
	(392, '2016-11-19 22:33:36', '104.236.6.215', 59, 5),
	(393, '2016-11-19 22:33:41', '104.236.6.215', 47, 5),
	(394, '2016-11-19 22:33:47', '104.236.6.215', 43, 6),
	(395, '2016-11-20 01:57:13', '66.249.64.3', 47, 5),
	(396, '2016-11-20 11:59:56', '66.249.64.86', 47, 5),
	(397, '2016-11-20 18:17:49', '189.107.111.59', 60, 6),
	(398, '2016-11-20 18:18:35', '173.252.124.72', 60, 6),
	(399, '2016-11-20 21:32:40', '66.249.64.86', 58, 6),
	(400, '2016-11-20 22:17:01', '45.55.72.141', 47, 5),
	(401, '2016-11-20 22:17:01', '45.55.72.141', 58, 6),
	(402, '2016-11-20 22:17:01', '45.55.72.141', 56, 6),
	(403, '2016-11-20 22:17:01', '45.55.72.141', 44, 5),
	(404, '2016-11-20 22:17:01', '45.55.72.141', 60, 6),
	(405, '2016-11-20 22:17:01', '45.55.72.141', 59, 5),
	(406, '2016-11-20 22:17:01', '45.55.72.141', 48, 6),
	(407, '2016-11-20 22:17:01', '45.55.72.141', 43, 6),
	(408, '2016-11-21 00:03:53', '66.249.64.79', 47, 5),
	(409, '2016-11-21 11:40:00', '186.233.41.170', 60, 6),
	(410, '2016-11-21 11:54:42', '179.249.1.95', 60, 6),
	(411, '2016-11-21 13:46:45', '186.233.41.170', 44, 5),
	(412, '2016-11-21 16:04:40', '189.83.169.48', 60, 6),
	(413, '2016-11-21 16:05:06', '185.20.5.170', 60, 6),
	(414, '2016-11-22 06:40:05', '207.46.13.113', 48, 6),
	(415, '2016-11-22 06:40:07', '207.46.13.10', 56, 6),
	(416, '2016-11-22 06:40:09', '207.46.13.10', 59, 5),
	(417, '2016-11-22 06:40:16', '157.55.39.113', 44, 5),
	(418, '2016-11-22 06:46:33', '207.46.13.188', 47, 5),
	(419, '2016-11-22 06:46:33', '207.46.13.188', 43, 6),
	(420, '2016-11-22 06:46:35', '207.46.13.188', 58, 6),
	(421, '2016-11-22 08:24:07', '186.233.47.14', 60, 6),
	(422, '2016-11-22 10:23:42', '66.249.64.3', 59, 5),
	(423, '2016-11-22 10:59:51', '187.13.42.58', 60, 6),
	(424, '2016-11-22 15:06:05', '186.233.32.126', 43, 6),
	(425, '2016-11-22 15:06:05', '186.233.32.126', 43, 6),
	(426, '2016-11-22 17:33:03', '180.76.15.154', 59, 5),
	(427, '2016-11-22 21:42:48', '189.83.138.148', 58, 6),
	(428, '2016-11-23 12:47:55', '100.43.85.16', 47, 5),
	(429, '2016-11-23 12:47:59', '141.8.143.225', 59, 5),
	(430, '2016-11-23 12:48:03', '141.8.143.225', 48, 6),
	(431, '2016-11-23 12:48:10', '141.8.143.225', 56, 6),
	(432, '2016-11-23 12:48:17', '141.8.143.225', 60, 6),
	(433, '2016-11-23 12:48:21', '141.8.143.225', 44, 5),
	(434, '2016-11-23 12:48:25', '141.8.143.225', 58, 6),
	(435, '2016-11-23 12:48:39', '141.8.143.225', 47, 5),
	(436, '2016-11-23 12:48:42', '141.8.143.225', 59, 5),
	(437, '2016-11-23 12:48:46', '141.8.143.225', 48, 6),
	(438, '2016-11-23 12:48:52', '141.8.143.225', 56, 6),
	(439, '2016-11-23 12:48:59', '141.8.143.225', 60, 6),
	(440, '2016-11-23 12:49:02', '141.8.143.225', 44, 5),
	(441, '2016-11-23 12:49:05', '141.8.143.225', 58, 6),
	(442, '2016-11-24 03:45:55', '66.249.64.3', 43, 6),
	(443, '2016-11-24 04:07:59', '157.55.39.207', 47, 5),
	(444, '2016-11-24 04:08:00', '157.55.39.207', 43, 6),
	(445, '2016-11-24 04:08:01', '157.55.39.207', 58, 6),
	(446, '2016-11-24 04:08:04', '157.55.39.235', 48, 6),
	(447, '2016-11-24 04:08:11', '207.46.13.115', 56, 6),
	(448, '2016-11-24 04:08:13', '207.46.13.115', 59, 5),
	(449, '2016-11-24 04:08:30', '207.46.13.15', 44, 5),
	(450, '2016-11-24 10:35:06', '45.55.72.105', 59, 5),
	(451, '2016-11-24 10:35:06', '45.55.72.105', 48, 6),
	(452, '2016-11-24 10:35:06', '45.55.72.105', 44, 5),
	(453, '2016-11-24 10:35:06', '45.55.72.105', 47, 5),
	(454, '2016-11-24 10:35:06', '45.55.72.105', 43, 6),
	(455, '2016-11-24 10:35:06', '45.55.72.105', 58, 6),
	(456, '2016-11-24 10:35:06', '45.55.72.105', 56, 6),
	(457, '2016-11-24 10:35:06', '45.55.72.105', 60, 6),
	(458, '2016-11-24 23:07:45', '66.249.64.74', 47, 5),
	(459, '2016-11-25 18:21:00', '157.55.39.24', 48, 6),
	(460, '2016-11-26 16:43:40', '180.76.15.12', 60, 6),
	(461, '2016-11-27 09:53:06', '180.76.15.162', 59, 5),
	(462, '2016-11-27 14:31:26', '173.252.115.87', 60, 6),
	(463, '2016-11-27 21:31:44', '100.43.85.16', 47, 5),
	(464, '2016-11-27 21:31:52', '141.8.143.225', 48, 6),
	(465, '2016-11-27 21:31:56', '141.8.143.225', 59, 5),
	(466, '2016-11-27 21:31:59', '141.8.143.225', 56, 6),
	(467, '2016-11-27 21:32:03', '141.8.143.225', 58, 6),
	(468, '2016-11-27 21:32:10', '141.8.143.225', 60, 6),
	(469, '2016-11-27 21:32:17', '141.8.143.225', 44, 5),
	(470, '2016-11-27 21:32:28', '141.8.143.225', 47, 5),
	(471, '2016-11-27 21:32:35', '141.8.143.225', 48, 6),
	(472, '2016-11-27 21:32:38', '141.8.143.225', 59, 5),
	(473, '2016-11-27 21:32:42', '141.8.143.225', 56, 6),
	(474, '2016-11-27 21:32:45', '141.8.143.225', 58, 6),
	(475, '2016-11-27 21:32:51', '141.8.143.225', 60, 6),
	(476, '2016-11-27 21:32:58', '141.8.143.225', 44, 5),
	(477, '2016-11-28 14:15:36', '157.55.39.84', 56, 6),
	(478, '2016-11-28 15:07:55', '66.249.64.3', 44, 5),
	(479, '2016-11-28 18:47:21', '187.36.150.156', 47, 5),
	(480, '2016-11-28 19:56:26', '45.55.206.213', 56, 6),
	(481, '2016-11-28 19:56:26', '45.55.206.213', 47, 5),
	(482, '2016-11-28 19:56:26', '45.55.206.213', 58, 6),
	(483, '2016-11-28 19:56:26', '45.55.206.213', 43, 6),
	(484, '2016-11-28 19:56:26', '45.55.206.213', 59, 5),
	(485, '2016-11-28 19:56:26', '45.55.206.213', 44, 5),
	(486, '2016-11-28 19:56:26', '45.55.206.213', 48, 6),
	(487, '2016-11-28 19:56:27', '45.55.206.213', 60, 6),
	(488, '2016-11-29 10:58:21', '104.236.31.232', 58, 6),
	(489, '2016-11-29 10:58:21', '104.236.31.232', 60, 6),
	(490, '2016-11-29 10:58:21', '104.236.31.232', 59, 5),
	(491, '2016-11-29 10:58:21', '104.236.31.232', 56, 6),
	(492, '2016-11-29 10:58:21', '104.236.31.232', 43, 6),
	(493, '2016-11-29 10:58:21', '104.236.31.232', 48, 6),
	(494, '2016-11-29 10:58:21', '104.236.31.232', 44, 5),
	(495, '2016-11-29 10:58:22', '104.236.31.232', 47, 5),
	(496, '2016-11-29 17:42:04', '157.55.39.210', 58, 6),
	(497, '2016-11-29 17:47:08', '207.46.13.15', 44, 5),
	(498, '2016-11-30 16:36:46', '104.131.79.166', 58, 6),
	(499, '2016-11-30 16:36:51', '104.131.79.166', 56, 6),
	(500, '2016-11-30 16:36:56', '104.131.79.166', 48, 6),
	(501, '2016-11-30 16:37:01', '104.131.79.166', 44, 5),
	(502, '2016-11-30 16:37:07', '104.131.79.166', 60, 6),
	(503, '2016-11-30 16:37:12', '104.131.79.166', 59, 5),
	(504, '2016-11-30 16:37:16', '104.131.79.166', 47, 5),
	(505, '2016-11-30 16:37:21', '104.131.79.166', 43, 6),
	(506, '2016-11-30 20:25:22', '157.55.39.84', 59, 5),
	(507, '2016-12-01 16:01:52', '52.201.249.144', 60, 6),
	(508, '2016-12-02 10:33:58', '66.249.64.6', 56, 6),
	(509, '2016-12-02 16:35:32', '186.233.32.126', 43, 6),
	(510, '2016-12-02 20:23:42', '66.249.64.3', 56, 6),
	(511, '2016-12-02 20:41:16', '66.249.64.9', 59, 5),
	(512, '2016-12-02 20:55:36', '66.249.64.74', 47, 5),
	(513, '2016-12-02 21:55:40', '45.55.146.21', 43, 6),
	(514, '2016-12-02 21:55:40', '45.55.146.21', 56, 6),
	(515, '2016-12-02 21:55:40', '45.55.146.21', 58, 6),
	(516, '2016-12-02 21:55:40', '45.55.146.21', 59, 5),
	(517, '2016-12-02 21:55:40', '45.55.146.21', 48, 6),
	(518, '2016-12-02 21:55:40', '45.55.146.21', 47, 5),
	(519, '2016-12-02 21:55:40', '45.55.146.21', 44, 5),
	(520, '2016-12-02 21:55:40', '45.55.146.21', 60, 6),
	(521, '2016-12-03 01:52:46', '180.76.15.33', 59, 5),
	(522, '2016-12-04 05:31:13', '66.249.64.3', 43, 6),
	(523, '2016-12-04 19:39:51', '75.126.120.78', 61, 4),
	(524, '2016-12-05 07:10:40', '200.142.207.244', 59, 5),
	(525, '2016-12-05 08:33:21', '186.233.32.126', 61, 4),
	(526, '2016-12-05 08:34:19', '186.233.32.126', 61, 4),
	(527, '2016-12-05 09:00:03', '173.252.91.107', 61, 4),
	(528, '2016-12-05 09:56:56', '191.142.167.226', 61, 4),
	(529, '2016-12-05 10:44:08', '186.233.32.126', 61, 4),
	(530, '2016-12-05 10:44:23', '108.174.5.116', 61, 4),
	(531, '2016-12-05 10:46:34', '186.233.32.126', 61, 4),
	(532, '2016-12-05 14:42:42', '186.233.32.126', 61, 4),
	(533, '2016-12-05 15:22:53', '186.233.32.126', 59, 5),
	(534, '2016-12-05 15:24:35', '186.233.32.126', 58, 6),
	(535, '2016-12-05 15:27:40', '186.233.32.126', 61, 4),
	(536, '2016-12-06 09:19:42', '45.55.229.98', 60, 6),
	(537, '2016-12-06 09:19:42', '45.55.229.98', 61, 4),
	(538, '2016-12-06 09:19:42', '45.55.229.98', 43, 6),
	(539, '2016-12-06 09:19:42', '45.55.229.98', 58, 6),
	(540, '2016-12-06 09:19:42', '45.55.229.98', 59, 5),
	(541, '2016-12-06 09:19:42', '45.55.229.98', 56, 6),
	(542, '2016-12-06 09:19:42', '45.55.229.98', 47, 5),
	(543, '2016-12-06 09:19:42', '45.55.229.98', 44, 5),
	(544, '2016-12-06 09:19:42', '45.55.229.98', 48, 6),
	(545, '2016-12-06 12:23:52', '167.114.174.95', 43, 6),
	(546, '2016-12-06 12:23:56', '167.114.174.95', 59, 5),
	(547, '2016-12-06 12:23:57', '167.114.174.95', 56, 6),
	(548, '2016-12-06 12:23:58', '167.114.174.95', 58, 6),
	(549, '2016-12-06 13:48:37', '66.249.64.9', 44, 5),
	(550, '2016-12-06 19:34:03', '45.55.229.167', 48, 6),
	(551, '2016-12-06 19:34:04', '45.55.229.167', 56, 6),
	(552, '2016-12-06 19:34:04', '45.55.229.167', 61, 4),
	(553, '2016-12-06 19:34:04', '45.55.229.167', 60, 6),
	(554, '2016-12-06 19:34:04', '45.55.229.167', 47, 5),
	(555, '2016-12-06 19:34:04', '45.55.229.167', 44, 5),
	(556, '2016-12-06 19:34:04', '45.55.229.167', 59, 5),
	(557, '2016-12-06 19:34:04', '45.55.229.167', 43, 6),
	(558, '2016-12-06 19:34:04', '45.55.229.167', 58, 6),
	(559, '2016-12-07 07:11:11', '66.249.64.3', 61, 4),
	(560, '2016-12-08 00:08:57', '157.55.39.178', 47, 5),
	(561, '2016-12-08 05:37:08', '188.143.232.13', 61, 4),
	(562, '2016-12-08 05:37:12', '188.143.232.13', 43, 6),
	(563, '2016-12-08 05:37:18', '188.143.232.13', 58, 6),
	(564, '2016-12-08 05:37:20', '188.143.232.13', 59, 5),
	(565, '2016-12-08 05:37:26', '188.143.232.13', 60, 6),
	(566, '2016-12-08 05:37:30', '188.143.232.13', 56, 6),
	(567, '2016-12-08 05:37:44', '188.143.232.13', 47, 5),
	(568, '2016-12-08 05:37:50', '188.143.232.13', 48, 6),
	(569, '2016-12-08 05:37:53', '188.143.232.13', 44, 5),
	(570, '2016-12-08 11:19:41', '187.81.172.107', 61, 4),
	(571, '2016-12-08 15:27:17', '109.238.4.55', 47, 5),
	(572, '2016-12-08 15:27:17', '109.238.4.55', 48, 6),
	(573, '2016-12-08 15:27:17', '109.238.4.55', 44, 5),
	(574, '2016-12-08 23:54:19', '157.55.39.118', 43, 6),
	(575, '2016-12-09 01:48:06', '54.91.237.246', 60, 6),
	(576, '2016-12-09 02:10:07', '54.91.237.246', 60, 6),
	(577, '2016-12-09 18:40:40', '207.46.13.143', 44, 5),
	(578, '2016-12-09 18:40:42', '40.77.167.20', 58, 6),
	(579, '2016-12-10 01:03:56', '45.55.213.62', 61, 4),
	(580, '2016-12-10 01:03:56', '45.55.213.62', 43, 6),
	(581, '2016-12-10 01:03:56', '45.55.213.62', 47, 5),
	(582, '2016-12-10 01:03:56', '45.55.213.62', 56, 6),
	(583, '2016-12-10 01:03:56', '45.55.213.62', 44, 5),
	(584, '2016-12-10 01:03:56', '45.55.213.62', 58, 6),
	(585, '2016-12-10 01:03:56', '45.55.213.62', 59, 5),
	(586, '2016-12-10 01:03:56', '45.55.213.62', 60, 6),
	(587, '2016-12-10 01:03:56', '45.55.213.62', 48, 6),
	(588, '2016-12-11 00:26:44', '173.234.153.122', 61, 4),
	(589, '2016-12-11 10:52:48', '66.249.64.74', 47, 5),
	(590, '2016-12-11 14:27:47', '192.241.183.138', 58, 6),
	(591, '2016-12-11 14:27:52', '192.241.183.138', 56, 6),
	(592, '2016-12-11 14:27:57', '192.241.183.138', 48, 6),
	(593, '2016-12-11 14:28:02', '192.241.183.138', 61, 4),
	(594, '2016-12-11 14:28:07', '192.241.183.138', 44, 5),
	(595, '2016-12-11 14:28:12', '192.241.183.138', 60, 6),
	(596, '2016-12-11 14:28:17', '192.241.183.138', 59, 5),
	(597, '2016-12-11 14:28:22', '192.241.183.138', 47, 5),
	(598, '2016-12-11 14:28:28', '192.241.183.138', 43, 6),
	(599, '2016-12-12 14:16:34', '162.243.186.79', 43, 6),
	(600, '2016-12-12 14:16:34', '162.243.186.79', 58, 6),
	(601, '2016-12-12 14:16:34', '162.243.186.79', 60, 6),
	(602, '2016-12-12 14:16:34', '162.243.186.79', 61, 4),
	(603, '2016-12-12 14:16:34', '162.243.186.79', 56, 6),
	(604, '2016-12-12 14:16:34', '162.243.186.79', 48, 6),
	(605, '2016-12-12 14:16:34', '162.243.186.79', 47, 5),
	(606, '2016-12-12 14:16:34', '162.243.186.79', 44, 5),
	(607, '2016-12-12 14:16:34', '162.243.186.79', 59, 5),
	(608, '2016-12-13 00:24:51', '109.238.4.55', 61, 4),
	(609, '2016-12-13 00:24:51', '109.238.4.55', 43, 6),
	(610, '2016-12-13 00:24:51', '109.238.4.55', 58, 6),
	(611, '2016-12-13 00:24:51', '109.238.4.55', 59, 5),
	(612, '2016-12-13 00:24:51', '109.238.4.55', 56, 6),
	(613, '2016-12-13 00:24:52', '109.238.4.55', 60, 6),
	(614, '2016-12-13 08:00:13', '66.249.75.189', 43, 6),
	(615, '2016-12-13 11:02:17', '66.249.75.185', 58, 6),
	(616, '2016-12-13 20:09:16', '180.76.15.160', 61, 4),
	(617, '2016-12-14 05:27:45', '66.249.73.215', 44, 5),
	(618, '2016-12-14 11:43:32', '66.249.79.86', 47, 5),
	(619, '2016-12-14 18:41:44', '207.46.13.27', 48, 6),
	(620, '2016-12-14 18:41:46', '207.46.13.98', 58, 6),
	(621, '2016-12-14 18:42:43', '157.55.39.120', 44, 5),
	(622, '2016-12-14 18:45:05', '207.46.13.99', 59, 5),
	(623, '2016-12-14 18:45:07', '207.46.13.99', 56, 6),
	(624, '2016-12-14 22:19:44', '69.58.178.56', 61, 4),
	(625, '2016-12-14 22:19:47', '69.58.178.56', 60, 6),
	(626, '2016-12-14 22:19:50', '69.58.178.56', 59, 5),
	(627, '2016-12-15 08:10:00', '207.46.13.109', 60, 6),
	(628, '2016-12-16 09:41:41', '179.55.47.159', 48, 6),
	(629, '2016-12-17 05:14:40', '66.249.64.6', 61, 4),
	(630, '2016-12-17 08:44:23', '207.46.13.109', 60, 6),
	(631, '2016-12-17 08:44:27', '207.46.13.31', 43, 6),
	(632, '2016-12-17 08:44:28', '207.46.13.31', 47, 5),
	(633, '2016-12-18 12:27:59', '189.107.182.31', 61, 4),
	(634, '2016-12-19 05:54:17', '207.46.13.31', 43, 6),
	(635, '2016-12-19 05:54:17', '207.46.13.31', 47, 5),
	(636, '2016-12-19 05:54:25', '207.46.13.109', 60, 6),
	(637, '2016-12-19 14:19:10', '186.212.117.171', 48, 6),
	(638, '2016-12-19 16:24:49', '45.55.74.227', 59, 5),
	(639, '2016-12-19 16:24:49', '45.55.74.227', 61, 4),
	(640, '2016-12-19 16:24:49', '45.55.74.227', 58, 6),
	(641, '2016-12-19 16:24:49', '45.55.74.227', 47, 5),
	(642, '2016-12-19 16:24:50', '45.55.74.227', 44, 5),
	(643, '2016-12-19 16:24:50', '45.55.74.227', 43, 6),
	(644, '2016-12-19 16:24:50', '45.55.74.227', 56, 6),
	(645, '2016-12-19 16:24:50', '45.55.74.227', 60, 6),
	(646, '2016-12-19 16:24:50', '45.55.74.227', 48, 6),
	(647, '2016-12-19 20:24:04', '66.249.64.3', 59, 5),
	(648, '2016-12-20 16:31:17', '207.46.13.31', 43, 6),
	(649, '2016-12-20 16:31:17', '207.46.13.31', 47, 5),
	(650, '2016-12-21 21:31:28', '66.249.66.165', 61, 4),
	(651, '2016-12-22 13:49:16', '104.236.219.174', 58, 6),
	(652, '2016-12-22 13:49:21', '104.236.219.174', 56, 6),
	(653, '2016-12-22 13:49:26', '104.236.219.174', 48, 6),
	(654, '2016-12-22 13:49:31', '104.236.219.174', 61, 4),
	(655, '2016-12-22 13:49:36', '104.236.219.174', 44, 5),
	(656, '2016-12-22 13:49:41', '104.236.219.174', 60, 6),
	(657, '2016-12-22 13:49:46', '104.236.219.174', 59, 5),
	(658, '2016-12-22 13:49:51', '104.236.219.174', 47, 5),
	(659, '2016-12-22 13:49:56', '104.236.219.174', 43, 6),
	(660, '2016-12-22 14:17:10', '54.158.84.137', 60, 6),
	(661, '2016-12-23 02:15:34', '138.197.2.107', 47, 5),
	(662, '2016-12-23 02:15:34', '138.197.2.107', 58, 6),
	(663, '2016-12-23 02:15:34', '138.197.2.107', 48, 6),
	(664, '2016-12-23 02:15:34', '138.197.2.107', 56, 6),
	(665, '2016-12-23 02:15:34', '138.197.2.107', 43, 6),
	(666, '2016-12-23 02:15:34', '138.197.2.107', 59, 5),
	(667, '2016-12-23 02:15:34', '138.197.2.107', 61, 4),
	(668, '2016-12-23 02:15:34', '138.197.2.107', 44, 5),
	(669, '2016-12-23 02:15:35', '138.197.2.107', 60, 6),
	(670, '2016-12-23 08:56:24', '207.46.13.31', 43, 6),
	(671, '2016-12-23 08:56:25', '207.46.13.31', 47, 5),
	(672, '2016-12-23 08:56:42', '207.46.13.134', 60, 6),
	(673, '2016-12-23 20:50:29', '66.249.64.3', 44, 5),
	(674, '2016-12-24 20:43:02', '207.46.13.18', 43, 6),
	(675, '2016-12-24 20:43:03', '207.46.13.18', 47, 5),
	(676, '2016-12-24 23:02:26', '157.55.39.195', 60, 6),
	(677, '2016-12-26 05:41:31', '207.46.13.50', 43, 6),
	(678, '2016-12-26 05:41:32', '207.46.13.50', 47, 5),
	(679, '2016-12-27 14:38:32', '66.249.73.215', 56, 6),
	(680, '2016-12-27 14:44:21', '157.55.39.238', 60, 6),
	(681, '2016-12-27 14:44:29', '207.46.13.139', 43, 6),
	(682, '2016-12-27 14:44:30', '207.46.13.139', 47, 5),
	(683, '2016-12-28 18:29:04', '173.252.123.135', 47, 5),
	(684, '2016-12-28 18:29:14', '179.240.165.32', 47, 5),
	(685, '2016-12-28 19:29:48', '45.55.69.10', 56, 6),
	(686, '2016-12-28 19:29:48', '45.55.69.10', 60, 6),
	(687, '2016-12-28 19:29:48', '45.55.69.10', 44, 5),
	(688, '2016-12-28 19:29:49', '45.55.69.10', 43, 6),
	(689, '2016-12-28 19:29:49', '45.55.69.10', 48, 6),
	(690, '2016-12-28 19:29:49', '45.55.69.10', 47, 5),
	(691, '2016-12-28 19:29:49', '45.55.69.10', 61, 4),
	(692, '2016-12-28 19:29:49', '45.55.69.10', 59, 5),
	(693, '2016-12-28 19:29:49', '45.55.69.10', 58, 6),
	(694, '2016-12-29 13:53:53', '54.67.59.119', 61, 4),
	(695, '2016-12-30 09:09:01', '207.46.13.64', 43, 6),
	(696, '2016-12-30 09:09:04', '207.46.13.64', 47, 5),
	(697, '2016-12-30 09:09:10', '207.46.13.99', 60, 6),
	(698, '2016-12-31 11:39:37', '66.249.64.6', 61, 4),
	(699, '2016-12-31 18:15:53', '207.46.13.2', 60, 6),
	(700, '2016-12-31 18:15:59', '207.46.13.75', 43, 6),
	(701, '2016-12-31 18:16:00', '207.46.13.75', 47, 5),
	(702, '2016-12-31 19:01:51', '45.55.72.141', 60, 6),
	(703, '2016-12-31 19:01:51', '45.55.72.141', 56, 6),
	(704, '2016-12-31 19:01:51', '45.55.72.141', 47, 5),
	(705, '2016-12-31 19:01:51', '45.55.72.141', 61, 4),
	(706, '2016-12-31 19:01:51', '45.55.72.141', 43, 6),
	(707, '2016-12-31 19:01:51', '45.55.72.141', 58, 6),
	(708, '2016-12-31 19:01:52', '45.55.72.141', 44, 5),
	(709, '2016-12-31 19:01:52', '45.55.72.141', 48, 6),
	(710, '2016-12-31 19:01:52', '45.55.72.141', 59, 5),
	(711, '2016-12-31 19:05:53', '180.76.15.29', 60, 6),
	(712, '2017-01-01 18:50:27', '180.76.15.162', 58, 6),
	(713, '2017-01-01 22:11:41', '40.77.167.44', 44, 5),
	(714, '2017-01-01 22:11:45', '40.77.167.77', 58, 6),
	(715, '2017-01-01 22:12:01', '207.46.13.2', 48, 6),
	(716, '2017-01-01 23:13:08', '207.46.13.0', 59, 5),
	(717, '2017-01-01 23:13:09', '207.46.13.0', 56, 6),
	(718, '2017-01-01 23:54:37', '52.90.123.218', 60, 6),
	(719, '2017-01-02 03:00:03', '45.55.145.37', 58, 6),
	(720, '2017-01-02 03:00:08', '45.55.145.37', 56, 6),
	(721, '2017-01-02 03:00:13', '45.55.145.37', 48, 6),
	(722, '2017-01-02 03:00:18', '45.55.145.37', 61, 4),
	(723, '2017-01-02 03:00:23', '45.55.145.37', 44, 5),
	(724, '2017-01-02 03:00:28', '45.55.145.37', 60, 6),
	(725, '2017-01-02 03:00:34', '45.55.145.37', 59, 5),
	(726, '2017-01-02 03:00:38', '45.55.145.37', 47, 5),
	(727, '2017-01-02 03:00:43', '45.55.145.37', 43, 6),
	(728, '2017-01-03 14:56:11', '104.131.63.207', 59, 5),
	(729, '2017-01-03 14:56:11', '104.131.63.207', 56, 6),
	(730, '2017-01-03 14:56:11', '104.131.63.207', 58, 6),
	(731, '2017-01-03 14:56:11', '104.131.63.207', 61, 4),
	(732, '2017-01-03 14:56:11', '104.131.63.207', 43, 6),
	(733, '2017-01-03 14:56:11', '104.131.63.207', 47, 5),
	(734, '2017-01-03 14:56:11', '104.131.63.207', 48, 6),
	(735, '2017-01-03 14:56:12', '104.131.63.207', 60, 6),
	(736, '2017-01-03 14:56:12', '104.131.63.207', 44, 5),
	(737, '2017-01-03 18:16:21', '157.55.39.4', 48, 6),
	(738, '2017-01-03 18:16:22', '157.55.39.169', 58, 6),
	(739, '2017-01-03 18:16:27', '207.46.13.65', 59, 5),
	(740, '2017-01-03 18:16:27', '207.46.13.65', 56, 6),
	(741, '2017-01-03 18:16:59', '40.77.167.44', 44, 5),
	(742, '2017-01-04 13:47:06', '186.233.32.126', 61, 4),
	(743, '2017-01-04 22:24:48', '157.55.39.217', 60, 6),
	(744, '2017-01-04 22:24:54', '157.55.39.221', 47, 5),
	(745, '2017-01-04 22:24:54', '157.55.39.221', 43, 6),
	(746, '2017-01-05 12:50:33', '167.114.172.225', 43, 6),
	(747, '2017-01-05 12:50:38', '167.114.172.225', 59, 5),
	(748, '2017-01-05 12:50:39', '167.114.172.225', 56, 6),
	(749, '2017-01-05 12:50:40', '167.114.172.225', 58, 6),
	(750, '2017-01-05 21:46:12', '88.198.180.41', 61, 4),
	(751, '2017-01-05 21:46:14', '88.198.180.41', 43, 6),
	(752, '2017-01-05 21:46:18', '88.198.180.41', 58, 6),
	(753, '2017-01-05 21:46:21', '88.198.180.41', 59, 5),
	(754, '2017-01-05 21:46:25', '88.198.180.41', 60, 6),
	(755, '2017-01-05 21:46:28', '88.198.180.41', 56, 6),
	(756, '2017-01-05 21:46:34', '88.198.180.41', 47, 5),
	(757, '2017-01-05 21:46:39', '88.198.180.41', 48, 6),
	(758, '2017-01-05 21:46:41', '88.198.180.41', 44, 5),
	(759, '2017-01-06 06:52:41', '45.55.182.16', 44, 5),
	(760, '2017-01-06 06:52:41', '45.55.182.16', 43, 6),
	(761, '2017-01-06 06:52:41', '45.55.182.16', 61, 4),
	(762, '2017-01-06 06:52:42', '45.55.182.16', 56, 6),
	(763, '2017-01-06 06:52:42', '45.55.182.16', 48, 6),
	(764, '2017-01-06 06:52:42', '45.55.182.16', 60, 6),
	(765, '2017-01-06 06:52:42', '45.55.182.16', 58, 6),
	(766, '2017-01-06 06:52:42', '45.55.182.16', 59, 5),
	(767, '2017-01-06 06:52:42', '45.55.182.16', 47, 5),
	(768, '2017-01-06 06:52:42', '45.55.182.16', 44, 5),
	(769, '2017-01-06 09:08:05', '66.249.64.3', 58, 6),
	(770, '2017-01-06 20:53:13', '157.55.39.217', 60, 6),
	(771, '2017-01-06 20:53:23', '40.77.167.85', 47, 5),
	(772, '2017-01-06 20:53:24', '40.77.167.85', 43, 6),
	(773, '2017-01-07 13:14:54', '141.8.143.134', 43, 6),
	(774, '2017-01-07 20:15:03', '66.249.73.212', 47, 5),
	(775, '2017-01-08 01:19:15', '207.46.13.49', 58, 6),
	(776, '2017-01-08 01:19:19', '207.46.13.15', 56, 6),
	(777, '2017-01-08 01:19:22', '207.46.13.15', 59, 5),
	(778, '2017-01-08 01:19:25', '157.55.39.75', 44, 5),
	(779, '2017-01-08 01:20:01', '157.55.39.57', 48, 6),
	(780, '2017-01-08 20:18:07', '138.197.36.231', 61, 4),
	(781, '2017-01-08 20:18:07', '138.197.36.231', 44, 5),
	(782, '2017-01-08 20:18:07', '138.197.36.231', 44, 5),
	(783, '2017-01-08 20:18:07', '138.197.36.231', 43, 6),
	(784, '2017-01-08 20:18:07', '138.197.36.231', 60, 6),
	(785, '2017-01-08 20:18:07', '138.197.36.231', 47, 5),
	(786, '2017-01-08 20:18:07', '138.197.36.231', 56, 6),
	(787, '2017-01-08 20:18:07', '138.197.36.231', 58, 6),
	(788, '2017-01-08 20:18:07', '138.197.36.231', 48, 6),
	(789, '2017-01-08 20:18:08', '138.197.36.231', 59, 5),
	(790, '2017-01-09 01:17:15', '157.55.39.138', 48, 6),
	(791, '2017-01-09 01:30:40', '54.145.37.136', 60, 6),
	(792, '2017-01-09 03:56:47', '52.91.41.125', 60, 6),
	(793, '2017-01-09 22:01:46', '192.243.53.51', 61, 4),
	(794, '2017-01-11 06:52:22', '66.249.64.79', 58, 6),
	(795, '2017-01-11 09:35:32', '180.76.15.7', 43, 6),
	(796, '2017-01-11 11:11:17', '138.197.36.228', 44, 5),
	(797, '2017-01-11 11:11:18', '138.197.36.228', 61, 4),
	(798, '2017-01-11 11:11:18', '138.197.36.228', 58, 6),
	(799, '2017-01-11 11:11:18', '138.197.36.228', 44, 5),
	(800, '2017-01-11 11:11:18', '138.197.36.228', 43, 6),
	(801, '2017-01-11 11:11:18', '138.197.36.228', 60, 6),
	(802, '2017-01-11 11:11:18', '138.197.36.228', 59, 5),
	(803, '2017-01-11 11:11:18', '138.197.36.228', 56, 6),
	(804, '2017-01-11 11:11:18', '138.197.36.228', 48, 6),
	(805, '2017-01-11 11:11:18', '138.197.36.228', 47, 5),
	(806, '2017-01-11 14:18:36', '54.175.241.93', 60, 6),
	(807, '2017-01-11 20:37:01', '104.131.106.216', 58, 6),
	(808, '2017-01-11 20:37:06', '104.131.106.216', 56, 6),
	(809, '2017-01-11 20:37:10', '104.131.106.216', 48, 6),
	(810, '2017-01-11 20:37:16', '104.131.106.216', 61, 4),
	(811, '2017-01-11 20:37:21', '104.131.106.216', 44, 5),
	(812, '2017-01-11 20:37:26', '104.131.106.216', 60, 6),
	(813, '2017-01-11 20:37:31', '104.131.106.216', 59, 5),
	(814, '2017-01-11 20:37:35', '104.131.106.216', 47, 5),
	(815, '2017-01-11 20:37:41', '104.131.106.216', 43, 6),
	(816, '2017-01-11 21:17:49', '66.249.64.74', 47, 5),
	(817, '2017-01-11 21:40:25', '66.249.64.6', 47, 5),
	(818, '2017-01-12 11:39:22', '191.6.6.15', 47, 5),
	(819, '2017-01-13 17:26:41', '45.55.230.123', 44, 5),
	(820, '2017-01-13 17:26:41', '45.55.230.123', 43, 6),
	(821, '2017-01-13 17:26:41', '45.55.230.123', 61, 4),
	(822, '2017-01-13 17:26:41', '45.55.230.123', 56, 6),
	(823, '2017-01-13 17:26:41', '45.55.230.123', 60, 6),
	(824, '2017-01-13 17:26:41', '45.55.230.123', 47, 5),
	(825, '2017-01-13 17:26:42', '45.55.230.123', 58, 6),
	(826, '2017-01-13 17:26:42', '45.55.230.123', 44, 5),
	(827, '2017-01-13 17:26:44', '45.55.230.123', 48, 6),
	(828, '2017-01-13 17:26:44', '45.55.230.123', 59, 5),
	(829, '2017-01-14 14:30:38', '66.249.64.74', 47, 5),
	(830, '2017-01-14 22:29:13', '69.58.178.58', 61, 4),
	(831, '2017-01-14 22:29:16', '69.58.178.58', 43, 6),
	(832, '2017-01-14 22:29:18', '69.58.178.58', 58, 6),
	(833, '2017-01-14 22:29:20', '69.58.178.58', 59, 5),
	(834, '2017-01-14 22:29:22', '69.58.178.58', 60, 6),
	(835, '2017-01-14 22:29:23', '69.58.178.58', 56, 6),
	(836, '2017-01-15 09:13:29', '66.249.64.3', 43, 6),
	(837, '2017-01-16 00:53:14', '66.249.64.86', 47, 5),
	(838, '2017-01-16 06:54:56', '45.55.133.237', 44, 5),
	(839, '2017-01-16 06:54:56', '45.55.133.237', 43, 6),
	(840, '2017-01-16 06:54:57', '45.55.133.237', 56, 6),
	(841, '2017-01-16 06:54:57', '45.55.133.237', 61, 4),
	(842, '2017-01-16 06:54:57', '45.55.133.237', 59, 5),
	(843, '2017-01-16 06:54:57', '45.55.133.237', 48, 6),
	(844, '2017-01-16 06:54:57', '45.55.133.237', 47, 5),
	(845, '2017-01-16 06:54:57', '45.55.133.237', 44, 5),
	(846, '2017-01-16 06:54:57', '45.55.133.237', 58, 6),
	(847, '2017-01-16 06:54:57', '45.55.133.237', 60, 6),
	(848, '2017-01-16 08:16:43', '66.249.64.79', 60, 6),
	(849, '2017-01-16 11:33:50', '66.249.64.74', 48, 6),
	(850, '2017-01-18 13:32:33', '157.55.39.135', 59, 5),
	(851, '2017-01-18 14:56:45', '207.46.13.10', 58, 6),
	(852, '2017-01-18 19:15:48', '66.249.64.201', 59, 5),
	(853, '2017-01-18 20:28:06', '45.55.77.243', 61, 4),
	(854, '2017-01-18 20:28:06', '45.55.77.243', 43, 6),
	(855, '2017-01-18 20:28:07', '45.55.77.243', 58, 6),
	(856, '2017-01-18 20:28:07', '45.55.77.243', 59, 5),
	(857, '2017-01-18 20:28:07', '45.55.77.243', 56, 6),
	(858, '2017-01-18 20:28:07', '45.55.77.243', 60, 6),
	(859, '2017-01-18 20:28:07', '45.55.77.243', 48, 6),
	(860, '2017-01-18 20:28:07', '45.55.77.243', 47, 5),
	(861, '2017-01-18 20:28:07', '45.55.77.243', 44, 5),
	(862, '2017-01-19 04:46:20', '192.243.53.51', 61, 4),
	(863, '2017-01-20 16:28:18', '66.249.64.196', 58, 6),
	(864, '2017-01-20 21:23:54', '66.249.64.74', 58, 6),
	(865, '2017-01-20 21:37:36', '138.197.13.155', 47, 5),
	(866, '2017-01-20 21:37:36', '138.197.13.155', 56, 6),
	(867, '2017-01-20 21:37:36', '138.197.13.155', 60, 6),
	(868, '2017-01-20 21:37:36', '138.197.13.155', 59, 5),
	(869, '2017-01-20 21:37:36', '138.197.13.155', 61, 4),
	(870, '2017-01-20 21:37:36', '138.197.13.155', 44, 5),
	(872, '2017-01-20 21:37:36', '138.197.13.155', 58, 6),
	(873, '2017-01-20 21:37:36', '138.197.13.155', 43, 6),
	(874, '2017-01-20 21:37:36', '138.197.13.155', 48, 6),
	(875, '2017-01-21 14:44:32', '66.249.64.3', 44, 5),
	(876, '2017-01-21 15:43:55', '66.249.64.74', 47, 5),
	(877, '2017-01-22 11:41:27', '66.249.64.9', 61, 4),
	(878, '2017-01-22 11:52:38', '52.90.160.34', 60, 6),
	(879, '2017-01-22 18:22:57', '138.197.11.87', 44, 5),
	(880, '2017-01-22 18:22:57', '138.197.11.87', 43, 6),
	(881, '2017-01-22 18:22:57', '138.197.11.87', 56, 6),
	(882, '2017-01-22 18:22:58', '138.197.11.87', 60, 6),
	(883, '2017-01-22 18:22:58', '138.197.11.87', 48, 6),
	(884, '2017-01-22 18:22:58', '138.197.11.87', 59, 5),
	(885, '2017-01-22 18:22:58', '138.197.11.87', 58, 6),
	(886, '2017-01-22 18:22:58', '138.197.11.87', 61, 4),
	(887, '2017-01-22 18:22:58', '138.197.11.87', 47, 5),
	(888, '2017-01-22 18:22:58', '138.197.11.87', 44, 5),
	(889, '2017-01-23 15:11:14', '177.99.154.52', 47, 5),
	(890, '2017-01-24 18:31:59', '138.197.64.79', 44, 5),
	(891, '2017-01-24 18:31:59', '138.197.64.79', 59, 5),
	(892, '2017-01-24 18:31:59', '138.197.64.79', 47, 5),
	(894, '2017-01-24 18:31:59', '138.197.64.79', 43, 6),
	(895, '2017-01-24 18:31:59', '138.197.64.79', 61, 4),
	(896, '2017-01-24 18:31:59', '138.197.64.79', 56, 6),
	(897, '2017-01-24 18:31:59', '138.197.64.79', 48, 6),
	(898, '2017-01-24 18:31:59', '138.197.64.79', 60, 6),
	(899, '2017-01-24 18:31:59', '138.197.64.79', 58, 6),
	(900, '2017-01-24 20:15:53', '66.249.64.68', 60, 6),
	(901, '2017-01-24 22:18:03', '181.213.112.183', 58, 6),
	(902, '2017-01-24 22:18:16', '69.63.188.112', 58, 6),
	(903, '2017-01-24 22:23:59', '187.94.115.134', 58, 6),
	(904, '2017-01-24 22:29:48', '187.16.187.83', 58, 6),
	(905, '2017-01-24 22:53:53', '189.25.8.243', 58, 6),
	(906, '2017-01-24 23:44:45', '181.213.112.183', 58, 6),
	(907, '2017-01-25 06:44:05', '66.249.64.142', 60, 6),
	(908, '2017-01-25 07:31:56', '189.12.238.153', 58, 6),
	(909, '2017-01-25 17:07:08', '186.233.41.170', 60, 6),
	(910, '2017-01-25 19:43:05', '191.33.217.227', 58, 6),
	(911, '2017-01-25 20:27:43', '201.8.50.114', 58, 6),
	(912, '2017-01-25 22:44:16', '158.69.228.25', 61, 4),
	(913, '2017-01-25 22:44:26', '158.69.228.25', 43, 6),
	(914, '2017-01-25 22:44:36', '158.69.228.25', 58, 6),
	(915, '2017-01-25 22:44:46', '158.69.228.25', 59, 5),
	(916, '2017-01-25 22:44:56', '158.69.228.25', 60, 6),
	(917, '2017-01-25 22:45:06', '158.69.228.25', 56, 6),
	(918, '2017-01-25 22:45:18', '158.69.228.25', 47, 5),
	(919, '2017-01-25 22:45:37', '158.69.228.25', 48, 6),
	(920, '2017-01-25 22:45:41', '158.69.228.25', 44, 5),
	(921, '2017-01-26 10:21:11', '138.197.3.233', 44, 5),
	(922, '2017-01-26 10:21:11', '138.197.3.233', 59, 5),
	(923, '2017-01-26 10:21:11', '138.197.3.233', 60, 6),
	(924, '2017-01-26 10:21:11', '138.197.3.233', 43, 6),
	(925, '2017-01-26 10:21:11', '138.197.3.233', 61, 4),
	(926, '2017-01-26 10:21:11', '138.197.3.233', 48, 6),
	(927, '2017-01-26 10:21:11', '138.197.3.233', 47, 5),
	(928, '2017-01-26 10:21:11', '138.197.3.233', 56, 6),
	(929, '2017-01-26 10:21:11', '138.197.3.233', 58, 6),
	(930, '2017-01-26 10:21:11', '138.197.3.233', 44, 5),
	(931, '2017-01-27 22:11:48', '138.197.64.76', 44, 5),
	(932, '2017-01-27 22:11:48', '138.197.64.76', 56, 6),
	(933, '2017-01-27 22:11:48', '138.197.64.76', 61, 4),
	(934, '2017-01-27 22:11:48', '138.197.64.76', 60, 6),
	(936, '2017-01-27 22:11:48', '138.197.64.76', 47, 5),
	(937, '2017-01-27 22:11:48', '138.197.64.76', 59, 5),
	(938, '2017-01-27 22:11:48', '138.197.64.76', 48, 6),
	(939, '2017-01-27 22:11:48', '138.197.64.76', 58, 6),
	(940, '2017-01-27 22:11:48', '138.197.64.76', 43, 6),
	(941, '2017-01-28 05:52:20', '104.131.173.251', 58, 6),
	(942, '2017-01-28 05:52:24', '104.131.173.251', 56, 6),
	(943, '2017-01-28 05:52:29', '104.131.173.251', 48, 6),
	(944, '2017-01-28 05:52:34', '104.131.173.251', 61, 4),
	(945, '2017-01-28 05:52:39', '104.131.173.251', 44, 5),
	(946, '2017-01-28 05:52:44', '104.131.173.251', 60, 6),
	(947, '2017-01-28 05:52:50', '104.131.173.251', 59, 5),
	(948, '2017-01-28 05:52:55', '104.131.173.251', 47, 5),
	(949, '2017-01-28 05:52:59', '104.131.173.251', 43, 6),
	(950, '2017-01-29 02:33:41', '85.255.64.190', 61, 4),
	(951, '2017-01-29 07:21:35', '138.197.64.69', 60, 6),
	(952, '2017-01-29 07:21:35', '138.197.64.69', 48, 6),
	(953, '2017-01-29 07:21:35', '138.197.64.69', 58, 6),
	(954, '2017-01-29 07:21:35', '138.197.64.69', 44, 5),
	(955, '2017-01-29 07:21:35', '138.197.64.69', 43, 6),
	(956, '2017-01-29 07:21:35', '138.197.64.69', 61, 4),
	(957, '2017-01-29 07:21:35', '138.197.64.69', 56, 6),
	(959, '2017-01-29 07:21:35', '138.197.64.69', 59, 5),
	(960, '2017-01-29 07:21:35', '138.197.64.69', 47, 5),
	(961, '2017-01-30 14:56:58', '138.197.64.37', 48, 6),
	(962, '2017-01-30 14:56:58', '138.197.64.37', 59, 5),
	(963, '2017-01-30 14:56:58', '138.197.64.37', 44, 5),
	(964, '2017-01-30 14:56:58', '138.197.64.37', 47, 5),
	(966, '2017-01-30 14:56:58', '138.197.64.37', 61, 4),
	(967, '2017-01-30 14:56:58', '138.197.64.37', 56, 6),
	(968, '2017-01-30 14:56:58', '138.197.64.37', 58, 6),
	(969, '2017-01-30 14:56:58', '138.197.64.37', 43, 6),
	(970, '2017-01-30 14:56:58', '138.197.64.37', 60, 6),
	(971, '2017-01-31 02:29:25', '157.55.39.173', 43, 6),
	(972, '2017-01-31 07:06:57', '180.76.15.137', 43, 6),
	(973, '2017-01-31 20:58:54', '138.197.64.36', 59, 5),
	(974, '2017-01-31 20:58:54', '138.197.64.36', 61, 4),
	(975, '2017-01-31 20:58:54', '138.197.64.36', 44, 5),
	(976, '2017-01-31 20:58:54', '138.197.64.36', 56, 6),
	(977, '2017-01-31 20:58:54', '138.197.64.36', 60, 6),
	(978, '2017-01-31 20:58:54', '138.197.64.36', 47, 5),
	(979, '2017-01-31 20:58:54', '138.197.64.36', 58, 6),
	(980, '2017-01-31 20:58:54', '138.197.64.36', 44, 5),
	(981, '2017-01-31 20:58:54', '138.197.64.36', 48, 6),
	(982, '2017-01-31 20:58:54', '138.197.64.36', 43, 6),
	(983, '2017-02-01 01:59:11', '189.73.248.36', 58, 6),
	(984, '2017-02-01 09:38:58', '207.46.13.139', 60, 6),
	(985, '2017-02-01 14:32:15', '54.84.123.96', 60, 6),
	(986, '2017-02-01 19:08:48', '66.249.66.27', 56, 6),
	(987, '2017-02-02 01:04:58', '138.197.64.40', 43, 6),
	(988, '2017-02-02 01:04:58', '138.197.64.40', 44, 5),
	(989, '2017-02-02 01:04:58', '138.197.64.40', 48, 6),
	(990, '2017-02-02 01:04:58', '138.197.64.40', 61, 4),
	(992, '2017-02-02 01:04:58', '138.197.64.40', 59, 5),
	(993, '2017-02-02 01:04:58', '138.197.64.40', 47, 5),
	(994, '2017-02-02 01:04:58', '138.197.64.40', 56, 6),
	(995, '2017-02-02 01:04:58', '138.197.64.40', 60, 6),
	(996, '2017-02-02 01:04:58', '138.197.64.40', 58, 6),
	(997, '2017-02-02 02:42:51', '93.180.64.220', 59, 5),
	(998, '2017-02-02 03:49:54', '93.180.64.220', 60, 6),
	(999, '2017-02-02 06:11:33', '192.243.53.51', 61, 4),
	(1000, '2017-02-02 10:47:53', '186.233.32.126', 44, 5),
	(1001, '2017-02-03 03:48:33', '159.203.99.125', 60, 6),
	(1002, '2017-02-03 03:48:33', '159.203.99.125', 47, 5),
	(1003, '2017-02-03 03:48:33', '159.203.99.125', 58, 6),
	(1004, '2017-02-03 03:48:34', '159.203.99.125', 61, 4),
	(1005, '2017-02-03 03:48:34', '159.203.99.125', 43, 6),
	(1006, '2017-02-03 03:48:34', '159.203.99.125', 48, 6),
	(1008, '2017-02-03 03:48:34', '159.203.99.125', 44, 5),
	(1009, '2017-02-03 03:48:34', '159.203.99.125', 56, 6),
	(1010, '2017-02-03 03:48:34', '159.203.99.125', 59, 5),
	(1011, '2017-02-03 10:55:30', '208.43.225.85', 56, 6),
	(1012, '2017-02-03 10:55:33', '208.43.225.85', 61, 4),
	(1013, '2017-02-03 10:55:41', '208.43.225.85', 44, 5),
	(1014, '2017-02-03 10:55:47', '208.43.225.85', 47, 5),
	(1015, '2017-02-03 10:55:52', '208.43.225.85', 48, 6),
	(1016, '2017-02-03 10:56:09', '208.43.225.84', 59, 5),
	(1017, '2017-02-03 10:56:11', '208.43.225.84', 48, 6),
	(1018, '2017-02-03 10:56:17', '208.43.225.84', 47, 5),
	(1019, '2017-02-03 10:56:20', '208.43.225.84', 58, 6),
	(1020, '2017-02-03 10:56:28', '208.43.225.85', 60, 6),
	(1021, '2017-02-03 10:56:33', '208.43.225.85', 56, 6),
	(1022, '2017-02-03 10:56:42', '208.43.225.85', 58, 6),
	(1023, '2017-02-03 10:56:44', '208.43.225.85', 59, 5),
	(1024, '2017-02-03 10:56:47', '208.43.225.85', 60, 6),
	(1025, '2017-02-03 10:56:50', '208.43.225.84', 61, 4),
	(1026, '2017-02-03 10:57:01', '208.43.225.84', 44, 5),
	(1027, '2017-02-03 17:16:20', '66.249.64.86', 58, 6),
	(1028, '2017-02-04 03:26:09', '93.180.64.220', 48, 6),
	(1029, '2017-02-04 05:15:39', '159.203.99.125', 61, 4),
	(1030, '2017-02-04 05:15:39', '159.203.99.125', 56, 6),
	(1031, '2017-02-04 05:15:39', '159.203.99.125', 60, 6),
	(1032, '2017-02-04 05:15:39', '159.203.99.125', 44, 5),
	(1033, '2017-02-04 05:15:39', '159.203.99.125', 48, 6),
	(1035, '2017-02-04 05:15:39', '159.203.99.125', 58, 6),
	(1036, '2017-02-04 05:15:39', '159.203.99.125', 43, 6),
	(1037, '2017-02-04 05:15:39', '159.203.99.125', 59, 5),
	(1038, '2017-02-04 05:15:40', '159.203.99.125', 47, 5),
	(1039, '2017-02-04 09:02:56', '208.101.7.44', 63, 4),
	(1040, '2017-02-04 13:07:26', '142.4.218.156', 44, 5),
	(1041, '2017-02-04 13:07:28', '142.4.218.156', 43, 6),
	(1042, '2017-02-04 13:07:29', '142.4.218.156', 47, 5),
	(1043, '2017-02-04 13:07:31', '142.4.218.156', 63, 4),
	(1044, '2017-02-04 13:07:32', '142.4.218.156', 60, 6),
	(1045, '2017-02-04 13:34:51', '191.142.166.145', 63, 4),
	(1046, '2017-02-04 20:55:25', '66.249.64.9', 63, 4),
	(1047, '2017-02-05 04:59:27', '88.198.0.163', 43, 6),
	(1048, '2017-02-05 04:59:29', '88.198.0.163', 44, 5),
	(1049, '2017-02-05 04:59:31', '88.198.0.163', 47, 5),
	(1050, '2017-02-05 04:59:33', '88.198.0.163', 48, 6),
	(1051, '2017-02-05 04:59:36', '88.198.0.163', 56, 6),
	(1052, '2017-02-05 04:59:38', '88.198.0.163', 58, 6),
	(1053, '2017-02-05 04:59:40', '88.198.0.163', 59, 5),
	(1054, '2017-02-05 04:59:42', '88.198.0.163', 60, 6),
	(1055, '2017-02-05 05:53:24', '138.197.11.92', 58, 6),
	(1056, '2017-02-05 05:53:24', '138.197.11.92', 63, 4),
	(1057, '2017-02-05 05:53:24', '138.197.11.92', 56, 6),
	(1058, '2017-02-05 05:53:24', '138.197.11.92', 43, 6),
	(1059, '2017-02-05 05:53:24', '138.197.11.92', 44, 5),
	(1060, '2017-02-05 05:53:24', '138.197.11.92', 60, 6),
	(1061, '2017-02-05 05:53:24', '138.197.11.92', 48, 6),
	(1062, '2017-02-05 05:53:24', '138.197.11.92', 61, 4),
	(1063, '2017-02-05 05:53:24', '138.197.11.92', 47, 5),
	(1064, '2017-02-05 05:53:24', '138.197.11.92', 44, 5),
	(1065, '2017-02-05 05:53:24', '138.197.11.92', 59, 5),
	(1066, '2017-02-05 09:51:38', '93.180.64.220', 44, 5),
	(1067, '2017-02-05 10:34:14', '173.252.124.81', 63, 4),
	(1068, '2017-02-05 10:35:02', '173.252.113.115', 63, 4),
	(1069, '2017-02-05 13:57:02', '189.83.237.14', 63, 4),
	(1070, '2017-02-05 14:52:13', '93.180.64.220', 61, 4),
	(1071, '2017-02-05 16:55:10', '191.163.250.144', 63, 4),
	(1072, '2017-02-05 17:00:41', '189.48.228.75', 63, 4),
	(1073, '2017-02-05 17:23:10', '186.233.43.42', 63, 4),
	(1074, '2017-02-05 17:40:39', '187.16.187.83', 63, 4),
	(1075, '2017-02-05 22:36:34', '189.83.237.14', 63, 4),
	(1076, '2017-02-06 05:18:24', '138.197.3.203', 63, 4),
	(1077, '2017-02-06 05:18:24', '138.197.3.203', 60, 6),
	(1078, '2017-02-06 05:18:24', '138.197.3.203', 58, 6),
	(1079, '2017-02-06 05:18:24', '138.197.3.203', 61, 4),
	(1080, '2017-02-06 05:18:24', '138.197.3.203', 44, 5),
	(1081, '2017-02-06 05:18:24', '138.197.3.203', 47, 5),
	(1082, '2017-02-06 05:18:24', '138.197.3.203', 43, 6),
	(1083, '2017-02-06 05:18:24', '138.197.3.203', 56, 6),
	(1084, '2017-02-06 05:18:24', '138.197.3.203', 44, 5),
	(1085, '2017-02-06 05:18:24', '138.197.3.203', 48, 6),
	(1086, '2017-02-06 05:18:24', '138.197.3.203', 59, 5),
	(1087, '2017-02-06 19:22:26', '45.55.167.115', 58, 6),
	(1088, '2017-02-06 19:22:31', '45.55.167.115', 56, 6),
	(1089, '2017-02-06 19:22:36', '45.55.167.115', 48, 6),
	(1090, '2017-02-06 19:22:41', '45.55.167.115', 63, 4),
	(1091, '2017-02-06 19:22:46', '45.55.167.115', 61, 4),
	(1092, '2017-02-06 19:22:51', '45.55.167.115', 44, 5),
	(1093, '2017-02-06 19:22:56', '45.55.167.115', 60, 6),
	(1094, '2017-02-06 19:23:01', '45.55.167.115', 59, 5),
	(1095, '2017-02-06 19:23:06', '45.55.167.115', 47, 5),
	(1096, '2017-02-06 19:23:11', '45.55.167.115', 43, 6),
	(1097, '2017-02-06 21:18:10', '192.243.53.51', 61, 4),
	(1098, '2017-02-06 21:22:37', '189.107.178.64', 63, 4),
	(1099, '2017-02-06 23:03:12', '189.60.9.234', 58, 6),
	(1100, '2017-02-07 16:11:01', '141.8.143.134', 58, 6),
	(1101, '2017-02-07 23:08:05', '191.214.23.217', 63, 4),
	(1102, '2017-02-08 15:30:25', '66.249.64.196', 58, 6),
	(1103, '2017-02-08 17:09:55', '138.197.64.77', 60, 6),
	(1104, '2017-02-08 17:09:55', '138.197.64.77', 44, 5),
	(1105, '2017-02-08 17:09:55', '138.197.64.77', 58, 6),
	(1106, '2017-02-08 17:09:55', '138.197.64.77', 59, 5),
	(1107, '2017-02-08 17:09:55', '138.197.64.77', 61, 4),
	(1108, '2017-02-08 17:09:55', '138.197.64.77', 43, 6),
	(1109, '2017-02-08 17:09:55', '138.197.64.77', 48, 6),
	(1110, '2017-02-08 17:09:55', '138.197.64.77', 63, 4),
	(1111, '2017-02-08 17:09:56', '138.197.64.77', 47, 5),
	(1112, '2017-02-08 17:09:56', '138.197.64.77', 56, 6),
	(1113, '2017-02-08 17:09:56', '138.197.64.77', 44, 5),
	(1114, '2017-02-08 21:32:20', '201.51.225.48', 63, 4),
	(1115, '2017-02-09 01:20:22', '54.146.36.249', 60, 6),
	(1116, '2017-02-09 02:19:40', '66.249.64.9', 56, 6),
	(1117, '2017-02-09 02:53:46', '54.172.178.225', 60, 6),
	(1118, '2017-02-09 03:35:20', '66.249.64.9', 48, 6),
	(1119, '2017-02-09 05:33:33', '207.46.13.185', 56, 6),
	(1120, '2017-02-09 15:01:22', '138.197.64.79', 56, 6),
	(1121, '2017-02-09 15:01:22', '138.197.64.79', 60, 6),
	(1122, '2017-02-09 15:01:22', '138.197.64.79', 58, 6),
	(1123, '2017-02-09 15:01:22', '138.197.64.79', 44, 5),
	(1124, '2017-02-09 15:01:22', '138.197.64.79', 47, 5),
	(1125, '2017-02-09 15:01:22', '138.197.64.79', 63, 4),
	(1126, '2017-02-09 15:01:22', '138.197.64.79', 43, 6),
	(1127, '2017-02-09 15:01:22', '138.197.64.79', 61, 4),
	(1128, '2017-02-09 15:01:22', '138.197.64.79', 44, 5),
	(1129, '2017-02-09 15:01:22', '138.197.64.79', 59, 5),
	(1130, '2017-02-09 15:01:22', '138.197.64.79', 48, 6),
	(1131, '2017-02-09 21:19:48', '179.199.177.57', 63, 4),
	(1132, '2017-02-10 06:06:56', '66.249.64.6', 43, 6),
	(1133, '2017-02-10 13:23:54', '138.197.7.102', 44, 5),
	(1134, '2017-02-10 13:23:54', '138.197.7.102', 58, 6),
	(1135, '2017-02-10 13:23:54', '138.197.7.102', 56, 6),
	(1136, '2017-02-10 13:23:54', '138.197.7.102', 44, 5),
	(1137, '2017-02-10 13:23:54', '138.197.7.102', 43, 6),
	(1138, '2017-02-10 13:23:54', '138.197.7.102', 61, 4),
	(1139, '2017-02-10 13:23:54', '138.197.7.102', 59, 5),
	(1140, '2017-02-10 13:23:54', '138.197.7.102', 60, 6),
	(1141, '2017-02-10 13:23:54', '138.197.7.102', 47, 5),
	(1142, '2017-02-10 13:23:54', '138.197.7.102', 48, 6),
	(1143, '2017-02-10 13:23:54', '138.197.7.102', 63, 4),
	(1144, '2017-02-11 02:14:09', '93.180.64.220', 58, 6),
	(1145, '2017-02-11 10:16:05', '52.72.42.24', 60, 6),
	(1146, '2017-02-11 12:00:24', '144.76.29.66', 63, 4),
	(1147, '2017-02-11 12:21:01', '138.197.64.71', 63, 4),
	(1148, '2017-02-11 12:21:01', '138.197.64.71', 44, 5),
	(1149, '2017-02-11 12:21:01', '138.197.64.71', 56, 6),
	(1150, '2017-02-11 12:21:01', '138.197.64.71', 48, 6),
	(1151, '2017-02-11 12:21:01', '138.197.64.71', 60, 6),
	(1152, '2017-02-11 12:21:01', '138.197.64.71', 47, 5),
	(1153, '2017-02-11 12:21:01', '138.197.64.71', 61, 4),
	(1154, '2017-02-11 12:21:01', '138.197.64.71', 43, 6),
	(1155, '2017-02-11 12:21:01', '138.197.64.71', 44, 5),
	(1156, '2017-02-11 12:21:01', '138.197.64.71', 58, 6),
	(1157, '2017-02-11 12:21:02', '138.197.64.71', 59, 5),
	(1158, '2017-02-11 12:46:28', '189.71.241.169', 63, 4),
	(1159, '2017-02-12 11:12:49', '93.180.64.220', 43, 6),
	(1160, '2017-02-12 12:06:17', '93.180.64.220', 56, 6),
	(1161, '2017-02-12 12:24:00', '138.197.3.203', 44, 5),
	(1162, '2017-02-12 12:24:00', '138.197.3.203', 61, 4),
	(1163, '2017-02-12 12:24:00', '138.197.3.203', 63, 4),
	(1164, '2017-02-12 12:24:00', '138.197.3.203', 48, 6),
	(1165, '2017-02-12 12:24:00', '138.197.3.203', 56, 6),
	(1166, '2017-02-12 12:24:00', '138.197.3.203', 47, 5),
	(1167, '2017-02-12 12:24:00', '138.197.3.203', 59, 5),
	(1168, '2017-02-12 12:24:00', '138.197.3.203', 43, 6),
	(1169, '2017-02-12 12:24:00', '138.197.3.203', 58, 6),
	(1170, '2017-02-12 12:24:00', '138.197.3.203', 60, 6),
	(1171, '2017-02-12 12:24:00', '138.197.3.203', 44, 5),
	(1172, '2017-02-12 14:50:46', '191.43.14.156', 63, 4),
	(1173, '2017-02-13 01:29:18', '177.137.246.122', 63, 4),
	(1174, '2017-02-13 13:10:11', '186.233.41.170', 63, 4),
	(1175, '2017-02-13 21:07:50', '93.180.64.220', 47, 5),
	(1176, '2017-02-14 04:42:29', '66.249.66.108', 58, 6),
	(1177, '2017-02-14 08:13:43', '40.77.167.83', 47, 5),
	(1178, '2017-02-14 19:38:26', '138.197.111.239', 63, 4),
	(1179, '2017-02-14 19:38:26', '138.197.111.239', 43, 6),
	(1180, '2017-02-14 19:38:26', '138.197.111.239', 60, 6),
	(1181, '2017-02-14 19:38:26', '138.197.111.239', 58, 6),
	(1182, '2017-02-14 19:38:26', '138.197.111.239', 59, 5),
	(1183, '2017-02-14 19:38:26', '138.197.111.239', 61, 4),
	(1184, '2017-02-14 19:38:26', '138.197.111.239', 47, 5),
	(1185, '2017-02-14 19:38:26', '138.197.111.239', 56, 6),
	(1186, '2017-02-14 19:38:26', '138.197.111.239', 44, 5),
	(1187, '2017-02-14 19:38:26', '138.197.111.239', 48, 6),
	(1188, '2017-02-15 06:06:05', '69.58.178.59', 63, 4),
	(1189, '2017-02-15 06:06:07', '69.58.178.59', 58, 6),
	(1190, '2017-02-15 06:06:08', '69.58.178.59', 59, 5),
	(1191, '2017-02-15 06:06:10', '69.58.178.59', 60, 6),
	(1192, '2017-02-15 06:06:12', '69.58.178.59', 61, 4),
	(1193, '2017-02-15 06:06:14', '69.58.178.59', 43, 6),
	(1194, '2017-02-15 20:08:50', '66.249.64.3', 43, 6),
	(1195, '2017-02-16 04:55:01', '192.243.53.51', 61, 4),
	(1196, '2017-02-16 09:26:24', '104.236.226.64', 58, 6),
	(1197, '2017-02-16 09:26:29', '104.236.226.64', 56, 6),
	(1198, '2017-02-16 09:26:34', '104.236.226.64', 48, 6),
	(1199, '2017-02-16 09:26:39', '104.236.226.64', 63, 4),
	(1200, '2017-02-16 09:26:45', '104.236.226.64', 61, 4),
	(1201, '2017-02-16 09:26:54', '104.236.226.64', 44, 5),
	(1202, '2017-02-16 09:26:56', '104.236.226.64', 60, 6),
	(1203, '2017-02-16 09:26:59', '104.236.226.64', 59, 5),
	(1204, '2017-02-16 09:27:05', '104.236.226.64', 47, 5),
	(1205, '2017-02-16 09:27:10', '104.236.226.64', 43, 6),
	(1206, '2017-02-16 10:51:55', '138.197.104.9', 63, 4),
	(1207, '2017-02-16 10:51:55', '138.197.104.9', 58, 6),
	(1208, '2017-02-16 10:51:55', '138.197.104.9', 47, 5),
	(1209, '2017-02-16 10:51:55', '138.197.104.9', 48, 6),
	(1210, '2017-02-16 10:51:55', '138.197.104.9', 60, 6),
	(1211, '2017-02-16 10:51:55', '138.197.104.9', 59, 5),
	(1212, '2017-02-16 10:51:55', '138.197.104.9', 44, 5),
	(1213, '2017-02-16 10:51:55', '138.197.104.9', 43, 6),
	(1214, '2017-02-16 10:51:55', '138.197.104.9', 61, 4),
	(1215, '2017-02-16 10:51:55', '138.197.104.9', 56, 6),
	(1216, '2017-02-17 04:51:38', '66.249.64.9', 59, 5),
	(1217, '2017-02-17 07:37:46', '88.198.180.41', 63, 4),
	(1218, '2017-02-17 07:37:49', '88.198.180.41', 58, 6),
	(1219, '2017-02-17 07:37:51', '88.198.180.41', 59, 5),
	(1220, '2017-02-17 07:37:53', '88.198.180.41', 60, 6),
	(1221, '2017-02-17 07:37:56', '88.198.180.41', 61, 4),
	(1222, '2017-02-17 07:37:58', '88.198.180.41', 43, 6),
	(1223, '2017-02-17 07:38:03', '88.198.180.41', 56, 6),
	(1224, '2017-02-17 07:38:08', '88.198.180.41', 47, 5),
	(1225, '2017-02-17 07:38:13', '88.198.180.41', 48, 6),
	(1226, '2017-02-17 07:38:15', '88.198.180.41', 44, 5),
	(1227, '2017-02-17 08:06:33', '138.197.3.255', 44, 5),
	(1228, '2017-02-17 08:06:33', '138.197.3.255', 63, 4),
	(1229, '2017-02-17 08:06:33', '138.197.3.255', 60, 6),
	(1230, '2017-02-17 08:06:33', '138.197.3.255', 61, 4),
	(1231, '2017-02-17 08:06:33', '138.197.3.255', 48, 6),
	(1232, '2017-02-17 08:06:33', '138.197.3.255', 59, 5),
	(1233, '2017-02-17 08:06:33', '138.197.3.255', 58, 6),
	(1234, '2017-02-17 08:06:33', '138.197.3.255', 43, 6),
	(1235, '2017-02-17 08:06:33', '138.197.3.255', 47, 5),
	(1236, '2017-02-17 08:06:33', '138.197.3.255', 44, 5),
	(1237, '2017-02-17 08:06:34', '138.197.3.255', 56, 6),
	(1238, '2017-02-17 08:29:20', '173.252.115.170', 63, 4),
	(1239, '2017-02-17 20:50:06', '208.43.225.84', 56, 6),
	(1240, '2017-02-17 20:50:15', '208.43.225.84', 58, 6),
	(1241, '2017-02-17 20:50:20', '208.43.225.84', 60, 6),
	(1242, '2017-02-17 20:50:28', '208.43.225.85', 48, 6),
	(1243, '2017-02-17 20:50:38', '208.43.225.85', 60, 6),
	(1244, '2017-02-17 20:50:54', '208.43.225.85', 59, 5),
	(1245, '2017-02-17 20:51:14', '208.43.225.84', 58, 6),
	(1246, '2017-02-17 20:51:31', '208.43.225.85', 56, 6),
	(1247, '2017-02-17 20:51:42', '208.43.225.85', 44, 5),
	(1248, '2017-02-17 20:51:45', '208.43.225.85', 48, 6),
	(1249, '2017-02-17 20:51:48', '208.43.225.85', 47, 5),
	(1250, '2017-02-17 20:51:54', '208.43.225.85', 47, 5),
	(1251, '2017-02-17 20:52:08', '208.43.225.84', 61, 4),
	(1252, '2017-02-17 20:52:19', '208.43.225.84', 59, 5),
	(1253, '2017-02-17 20:52:24', '208.43.225.84', 44, 5),
	(1254, '2017-02-17 20:53:01', '208.43.225.85', 61, 4),
	(1255, '2017-02-18 03:21:56', '66.249.64.90', 43, 6),
	(1256, '2017-02-18 11:43:54', '158.69.228.184', 63, 4),
	(1257, '2017-02-18 11:44:03', '158.69.228.184', 58, 6),
	(1258, '2017-02-18 11:44:12', '158.69.228.184', 59, 5),
	(1259, '2017-02-18 11:44:22', '158.69.228.184', 60, 6),
	(1260, '2017-02-18 11:44:33', '158.69.228.184', 61, 4),
	(1261, '2017-02-18 11:44:43', '158.69.228.184', 43, 6),
	(1262, '2017-02-18 11:44:54', '158.69.228.184', 56, 6),
	(1263, '2017-02-18 11:45:05', '158.69.228.184', 47, 5),
	(1264, '2017-02-18 11:45:16', '158.69.228.184', 48, 6),
	(1265, '2017-02-18 11:45:26', '158.69.228.184', 44, 5),
	(1266, '2017-02-18 18:10:00', '66.249.64.74', 60, 6),
	(1267, '2017-02-19 07:38:42', '66.249.64.6', 60, 6),
	(1268, '2017-02-19 16:01:24', '66.249.64.86', 47, 5),
	(1269, '2017-02-20 09:57:28', '138.197.111.186', 61, 4),
	(1270, '2017-02-20 09:57:28', '138.197.111.186', 60, 6),
	(1271, '2017-02-20 09:57:29', '138.197.111.186', 58, 6),
	(1272, '2017-02-20 09:57:29', '138.197.111.186', 63, 4),
	(1273, '2017-02-20 09:57:29', '138.197.111.186', 44, 5),
	(1274, '2017-02-20 09:57:29', '138.197.111.186', 59, 5),
	(1275, '2017-02-20 09:57:29', '138.197.111.186', 47, 5),
	(1276, '2017-02-20 09:57:29', '138.197.111.186', 56, 6),
	(1277, '2017-02-20 09:57:29', '138.197.111.186', 43, 6),
	(1278, '2017-02-20 09:57:29', '138.197.111.186', 48, 6),
	(1279, '2017-02-20 18:55:35', '192.243.53.51', 61, 4),
	(1280, '2017-02-21 03:05:20', '66.249.64.6', 44, 5),
	(1281, '2017-02-21 10:43:29', '66.249.64.86', 48, 6),
	(1282, '2017-02-21 23:13:42', '138.197.111.142', 60, 6),
	(1283, '2017-02-21 23:13:42', '138.197.111.142', 59, 5),
	(1284, '2017-02-21 23:13:42', '138.197.111.142', 58, 6),
	(1285, '2017-02-21 23:13:42', '138.197.111.142', 56, 6),
	(1286, '2017-02-21 23:13:42', '138.197.111.142', 48, 6),
	(1287, '2017-02-21 23:13:42', '138.197.111.142', 63, 4),
	(1288, '2017-02-21 23:13:42', '138.197.111.142', 61, 4),
	(1289, '2017-02-21 23:13:42', '138.197.111.142', 43, 6),
	(1290, '2017-02-21 23:13:42', '138.197.111.142', 44, 5),
	(1291, '2017-02-21 23:13:42', '138.197.111.142', 47, 5),
	(1292, '2017-02-22 00:11:22', '66.249.64.3', 61, 4),
	(1293, '2017-02-22 09:37:00', '54.175.248.246', 60, 6),
	(1294, '2017-02-23 10:20:18', '138.197.67.158', 43, 6),
	(1295, '2017-02-23 10:20:18', '138.197.67.158', 60, 6),
	(1296, '2017-02-23 10:20:18', '138.197.67.158', 48, 6),
	(1297, '2017-02-23 10:20:18', '138.197.67.158', 44, 5),
	(1298, '2017-02-23 10:20:18', '138.197.67.158', 61, 4),
	(1299, '2017-02-23 10:20:18', '138.197.67.158', 58, 6),
	(1300, '2017-02-23 10:20:18', '138.197.67.158', 63, 4),
	(1301, '2017-02-23 10:20:18', '138.197.67.158', 47, 5),
	(1302, '2017-02-23 10:20:18', '138.197.67.158', 56, 6),
	(1303, '2017-02-23 10:20:18', '138.197.67.158', 59, 5),
	(1304, '2017-02-23 21:54:20', '66.249.64.3', 58, 6),
	(1305, '2017-02-23 22:49:14', '66.249.64.79', 60, 6),
	(1306, '2017-02-24 20:26:01', '138.197.96.249', 47, 5),
	(1307, '2017-02-24 20:26:01', '138.197.96.249', 63, 4),
	(1308, '2017-02-24 20:26:01', '138.197.96.249', 61, 4),
	(1309, '2017-02-24 20:26:01', '138.197.96.249', 56, 6),
	(1310, '2017-02-24 20:26:01', '138.197.96.249', 59, 5),
	(1311, '2017-02-24 20:26:01', '138.197.96.249', 58, 6),
	(1312, '2017-02-24 20:26:01', '138.197.96.249', 44, 5),
	(1313, '2017-02-24 20:26:01', '138.197.96.249', 60, 6),
	(1314, '2017-02-24 20:26:01', '138.197.96.249', 43, 6),
	(1315, '2017-02-24 20:26:01', '138.197.96.249', 48, 6),
	(1316, '2017-02-25 09:48:12', '66.249.64.74', 58, 6),
	(1317, '2017-02-25 16:18:33', '104.236.93.151', 58, 6),
	(1318, '2017-02-25 16:18:37', '104.236.93.151', 56, 6),
	(1319, '2017-02-25 16:18:43', '104.236.93.151', 48, 6),
	(1320, '2017-02-25 16:18:48', '104.236.93.151', 63, 4),
	(1321, '2017-02-25 16:18:53', '104.236.93.151', 61, 4),
	(1322, '2017-02-25 16:18:57', '104.236.93.151', 44, 5),
	(1323, '2017-02-25 16:19:03', '104.236.93.151', 60, 6),
	(1324, '2017-02-25 16:19:07', '104.236.93.151', 59, 5),
	(1325, '2017-02-25 16:19:13', '104.236.93.151', 47, 5),
	(1326, '2017-02-25 16:19:18', '104.236.93.151', 43, 6),
	(1327, '2017-02-25 19:11:38', '189.13.133.1', 63, 4),
	(1328, '2017-02-26 04:03:13', '138.197.111.146', 59, 5),
	(1329, '2017-02-26 04:03:13', '138.197.111.146', 58, 6),
	(1330, '2017-02-26 04:03:13', '138.197.111.146', 61, 4),
	(1331, '2017-02-26 04:03:13', '138.197.111.146', 60, 6),
	(1332, '2017-02-26 04:03:13', '138.197.111.146', 48, 6),
	(1333, '2017-02-26 04:03:13', '138.197.111.146', 44, 5),
	(1334, '2017-02-26 04:03:13', '138.197.111.146', 63, 4),
	(1335, '2017-02-26 04:03:13', '138.197.111.146', 47, 5),
	(1336, '2017-02-26 04:03:13', '138.197.111.146', 43, 6),
	(1337, '2017-02-26 04:03:13', '138.197.111.146', 56, 6),
	(1338, '2017-02-28 13:58:40', '208.43.225.84', 58, 6),
	(1339, '2017-02-28 13:59:03', '208.43.225.85', 59, 5),
	(1340, '2017-02-28 13:59:17', '208.43.225.85', 48, 6),
	(1341, '2017-02-28 13:59:36', '208.43.225.84', 44, 5),
	(1342, '2017-02-28 13:59:53', '208.43.225.84', 60, 6),
	(1343, '2017-02-28 13:59:55', '208.43.225.85', 60, 6),
	(1344, '2017-02-28 14:00:00', '208.43.225.85', 47, 5),
	(1345, '2017-02-28 14:00:03', '208.43.225.85', 61, 4),
	(1346, '2017-02-28 14:00:27', '208.43.225.84', 47, 5),
	(1347, '2017-02-28 14:00:30', '208.43.225.84', 59, 5),
	(1348, '2017-02-28 14:00:41', '208.43.225.84', 44, 5),
	(1349, '2017-02-28 17:09:26', '138.197.96.99', 56, 6),
	(1350, '2017-02-28 17:09:27', '138.197.96.99', 63, 4),
	(1351, '2017-02-28 17:09:27', '138.197.96.99', 61, 4),
	(1352, '2017-02-28 17:09:27', '138.197.96.99', 44, 5),
	(1353, '2017-02-28 17:09:27', '138.197.96.99', 47, 5),
	(1354, '2017-02-28 17:09:27', '138.197.96.99', 43, 6),
	(1355, '2017-02-28 17:09:27', '138.197.96.99', 58, 6),
	(1356, '2017-02-28 17:09:27', '138.197.96.99', 48, 6),
	(1357, '2017-02-28 17:09:27', '138.197.96.99', 59, 5),
	(1358, '2017-02-28 17:09:27', '138.197.96.99', 60, 6),
	(1359, '2017-02-28 22:50:17', '189.107.182.21', 43, 6),
	(1360, '2017-02-28 22:51:43', '189.107.182.21', 43, 6),
	(1361, '2017-02-28 22:54:11', '189.107.182.21', 43, 6),
	(1362, '2017-02-28 22:54:30', '189.107.182.21', 63, 4),
	(1363, '2017-02-28 23:16:57', '189.107.182.21', 43, 6),
	(1364, '2017-02-28 23:17:15', '189.107.182.21', 43, 6),
	(1365, '2017-03-01 04:05:16', '204.12.208.10', 61, 4),
	(1366, '2017-03-01 09:39:56', '200.141.185.39', 43, 6);
/*!40000 ALTER TABLE `cwcol_countviews` ENABLE KEYS */;


-- Copiando estrutura para tabela crescernaweb1.cwcol_status_terms
DROP TABLE IF EXISTS `cwcol_status_terms`;
CREATE TABLE IF NOT EXISTS `cwcol_status_terms` (
  `id` int(11) NOT NULL AUTO_INCREMENT,
  `cadastro_id` int(11) NOT NULL,
  `aceite_termo` varchar(1) NOT NULL DEFAULT 'N' COMMENT 'Informa se o termo foi aceito.\nS-> Sim\nN -> Não',
  `term_id` int(11) NOT NULL,
  `text_term` longtext,
  `created` datetime DEFAULT NULL,
  PRIMARY KEY (`id`,`cadastro_id`,`term_id`),
  KEY `fk_cwcol_status_terms_cwcol_cadastros1_idx` (`cadastro_id`),
  KEY `fk_cwcol_status_terms_cwcol_terms1_idx` (`term_id`),
  CONSTRAINT `fk_cwcol_status_terms_cwcol_cadastros1` FOREIGN KEY (`cadastro_id`) REFERENCES `cwcol_cadastros` (`id`) ON DELETE NO ACTION ON UPDATE NO ACTION,
  CONSTRAINT `fk_cwcol_status_terms_cwcol_terms1` FOREIGN KEY (`term_id`) REFERENCES `cwcol_terms` (`id`) ON DELETE NO ACTION ON UPDATE NO ACTION
) ENGINE=InnoDB DEFAULT CHARSET=latin1;

-- Copiando dados para a tabela crescernaweb1.cwcol_status_terms: ~0 rows (aproximadamente)
/*!40000 ALTER TABLE `cwcol_status_terms` DISABLE KEYS */;
/*!40000 ALTER TABLE `cwcol_status_terms` ENABLE KEYS */;


-- Copiando estrutura para tabela crescernaweb1.cwcol_terms
DROP TABLE IF EXISTS `cwcol_terms`;
CREATE TABLE IF NOT EXISTS `cwcol_terms` (
  `id` int(11) NOT NULL AUTO_INCREMENT,
  `texto` longtext NOT NULL,
  `created` datetime DEFAULT NULL,
  `createdby` int(11) DEFAULT NULL,
  `isactive` char(1) DEFAULT 'Y',
  PRIMARY KEY (`id`)
) ENGINE=InnoDB DEFAULT CHARSET=latin1;

-- Copiando dados para a tabela crescernaweb1.cwcol_terms: ~0 rows (aproximadamente)
/*!40000 ALTER TABLE `cwcol_terms` DISABLE KEYS */;
/*!40000 ALTER TABLE `cwcol_terms` ENABLE KEYS */;


-- Copiando estrutura para tabela crescernaweb1.cw_areas
DROP TABLE IF EXISTS `cw_areas`;
CREATE TABLE IF NOT EXISTS `cw_areas` (
  `id` int(11) NOT NULL AUTO_INCREMENT,
  `area` varchar(120) DEFAULT NULL,
  `created` datetime DEFAULT NULL,
  `createdby` int(11) DEFAULT NULL,
  `modified` datetime DEFAULT NULL,
  `modifiedby` int(11) DEFAULT NULL,
  `isdeleted` char(1) DEFAULT 'N',
  PRIMARY KEY (`id`)
) ENGINE=InnoDB AUTO_INCREMENT=6 DEFAULT CHARSET=utf8;

-- Copiando dados para a tabela crescernaweb1.cw_areas: ~5 rows (aproximadamente)
/*!40000 ALTER TABLE `cw_areas` DISABLE KEYS */;
INSERT INTO `cw_areas` (`id`, `area`, `created`, `createdby`, `modified`, `modifiedby`, `isdeleted`) VALUES
	(1, 'Comercial/Vendas', '2015-07-23 10:43:26', 1, '2015-11-16 11:36:14', 1, 'Y'),
	(2, 'Marketing', '2015-07-23 10:43:40', 1, '2015-07-23 10:43:40', 1, 'N'),
	(3, 'Administrativo', '2015-07-23 11:34:52', 1, '2015-07-23 11:34:52', 1, 'N'),
	(4, 'Entrega/Expedição', '2015-07-23 11:35:16', 1, '2015-11-16 11:36:06', 1, 'Y'),
	(5, 'TI - Tecnologia da Informação', '2015-07-23 11:36:43', 1, '2015-07-23 11:39:49', 1, 'N');
/*!40000 ALTER TABLE `cw_areas` ENABLE KEYS */;


-- Copiando estrutura para tabela crescernaweb1.cw_cadernos
DROP TABLE IF EXISTS `cw_cadernos`;
CREATE TABLE IF NOT EXISTS `cw_cadernos` (
  `id` int(11) NOT NULL AUTO_INCREMENT,
  `nome` varchar(230) DEFAULT NULL,
  `alias` varchar(230) NOT NULL,
  `descricao` text,
  `cor` varchar(7) DEFAULT NULL COMMENT 'Cor do caderno: Cor predominante no layout\\n',
  `url_form` text,
  `isactive` char(1) DEFAULT 'Y',
  `created` datetime DEFAULT NULL,
  `modifed` datetime DEFAULT NULL,
  `createdby` int(11) DEFAULT NULL,
  `modifiedby` int(11) DEFAULT NULL,
  `isdeleted` char(1) DEFAULT 'N',
  PRIMARY KEY (`id`)
) ENGINE=InnoDB AUTO_INCREMENT=7 DEFAULT CHARSET=utf8;

-- Copiando dados para a tabela crescernaweb1.cw_cadernos: ~3 rows (aproximadamente)
/*!40000 ALTER TABLE `cw_cadernos` DISABLE KEYS */;
INSERT INTO `cw_cadernos` (`id`, `nome`, `alias`, `descricao`, `cor`, `url_form`, `isactive`, `created`, `modifed`, `createdby`, `modifiedby`, `isdeleted`) VALUES
	(4, 'Marketing', 'marketing', 'Caderno de marketing', '#ff8000', '//crescernaweb.us12.list-manage.com/subscribe/post?u=4e277bb73808e0f705ca82f10&amp;id=021547cd97', 'Y', '2016-06-04 10:06:23', NULL, 1, 1, 'N'),
	(5, 'Empreendedorismo e gestão', 'empreendedorismo-e-gestao', 'Caderno de administração e empreendedorismo', '#008080', '//crescernaweb.us12.list-manage.com/subscribe/post?u=4e277bb73808e0f705ca82f10&amp;id=6e619e8f10', 'Y', '2016-06-04 10:07:13', NULL, 1, 1, 'N'),
	(6, 'Tecnologia', 'tecnologia', 'TI', '#0080c0', '//crescernaweb.us12.list-manage.com/subscribe/post?u=4e277bb73808e0f705ca82f10&amp;id=1641f26865', 'Y', '2016-06-04 10:09:04', NULL, 1, 1, 'N');
/*!40000 ALTER TABLE `cw_cadernos` ENABLE KEYS */;


-- Copiando estrutura para tabela crescernaweb1.cw_cat_conteudos
DROP TABLE IF EXISTS `cw_cat_conteudos`;
CREATE TABLE IF NOT EXISTS `cw_cat_conteudos` (
  `id` int(11) NOT NULL AUTO_INCREMENT,
  `categoria` text,
  `isdeleted` char(1) DEFAULT 'N',
  `alias` text,
  `isfixed` char(1) DEFAULT 'N',
  PRIMARY KEY (`id`)
) ENGINE=InnoDB AUTO_INCREMENT=3 DEFAULT CHARSET=utf8;

-- Copiando dados para a tabela crescernaweb1.cw_cat_conteudos: ~2 rows (aproximadamente)
/*!40000 ALTER TABLE `cw_cat_conteudos` DISABLE KEYS */;
INSERT INTO `cw_cat_conteudos` (`id`, `categoria`, `isdeleted`, `alias`, `isfixed`) VALUES
	(1, 'Quem somos', 'N', 'quem-somos', 'Y'),
	(2, 'Pavan na mídia', 'N', 'na-midia', 'Y');
/*!40000 ALTER TABLE `cw_cat_conteudos` ENABLE KEYS */;


-- Copiando estrutura para tabela crescernaweb1.cw_contatos
DROP TABLE IF EXISTS `cw_contatos`;
CREATE TABLE IF NOT EXISTS `cw_contatos` (
  `id` int(11) NOT NULL AUTO_INCREMENT,
  `nome` varchar(200) DEFAULT NULL,
  `email` varchar(200) NOT NULL,
  `tel` char(50) DEFAULT NULL,
  `mensagem` text,
  `read` varchar(1) DEFAULT 'N',
  `sent` varchar(1) DEFAULT 'N',
  `isdeleted` varchar(1) DEFAULT 'N',
  `created` datetime DEFAULT NULL,
  `readfor` int(11) DEFAULT NULL,
  `anexo` char(1) DEFAULT 'N' COMMENT 'Informa se existe ou não anexo',
  `arquivo_anexo` varchar(200) DEFAULT NULL,
  `formulario_id` int(11) NOT NULL,
  PRIMARY KEY (`id`,`formulario_id`),
  KEY `fk_contatos_formularios1` (`formulario_id`)
) ENGINE=InnoDB AUTO_INCREMENT=14 DEFAULT CHARSET=utf8;

-- Copiando dados para a tabela crescernaweb1.cw_contatos: ~13 rows (aproximadamente)
/*!40000 ALTER TABLE `cw_contatos` DISABLE KEYS */;
INSERT INTO `cw_contatos` (`id`, `nome`, `email`, `tel`, `mensagem`, `read`, `sent`, `isdeleted`, `created`, `readfor`, `anexo`, `arquivo_anexo`, `formulario_id`) VALUES
	(1, 'andre', 'andre@teste.com', '(32) 3210-42356', 'ssdsfsf', 'N', 'N', 'N', '2016-08-20 16:30:24', NULL, 'N', NULL, 1),
	(2, 'dfgdgf', 'andre@teste.com', '(32) 3232-32323', 'kamdlkfs', 'N', 'N', 'N', '2016-08-22 22:36:05', NULL, 'N', NULL, 1),
	(3, 'André Luis', 'alocosta29@gmail.com', '(32) 3232-32323', 'Apenas um teste, desonsiderar', 'N', 'N', 'N', '2016-09-17 19:42:16', NULL, 'N', NULL, 1),
	(4, 'Andre', 'alocosta29@gmail.com', '(32) 3232-32323', 'Apenas um teste', 'Y', 'N', 'N', '2016-09-21 09:05:44', 1, 'N', NULL, 1),
	(5, 'Andre', 'alocosta29@gmail.com', '(61) 2572-15351', 'Apenas um testeee', 'N', 'N', 'N', '2016-09-21 10:04:29', NULL, 'N', NULL, 1),
	(6, 'Morao teste', 'morao@morao.com.br', '(15) 2356-14356', 'çlsdfjsdlkgfdgg', 'N', 'N', 'N', '2016-09-21 10:13:18', NULL, 'N', NULL, 1),
	(7, 'Andre', 'alocosta29@gmail.com', '(56) 1246-54315', 'jksadksdlgff', 'Y', 'N', 'N', '2016-09-21 10:24:20', 1, 'N', NULL, 1),
	(8, 'Morao teste', 'morao@morao.com.br', '(27) 8346-82746', '7824363782543', 'N', 'N', 'N', '2016-09-21 10:25:07', NULL, 'N', NULL, 1),
	(9, 'andre', 'alocosta29@gmail.com', '(56) 2356-14315', 'tgfbfdhytyh', 'N', 'N', 'N', '2016-09-21 13:16:27', NULL, 'N', NULL, 1),
	(10, 'André Luis', 'alocosta29@gmail.com', '(13) 2213-13132', 'awdasdad', 'N', 'N', 'N', '2016-09-21 19:44:20', NULL, 'N', NULL, 1),
	(11, 'André Luis', 'alocosta29@gmail.com', '(12) 3131-31313', '12313', 'N', 'Y', 'N', '2016-09-21 19:49:28', NULL, 'N', NULL, 1),
	(12, 'André Luis', 'alocosta29@gmail.com', '(33) 3333-33333', 'awedfddbsfzfds', 'N', 'Y', 'N', '2016-09-21 19:52:22', NULL, 'N', NULL, 1),
	(13, 'carlos vinicius dos santos', 'carlaoinfo@gmail.com', '(32) 8811-2292', 'A partir dessa semente tenho certeza que vamos colher belos frutos.\r\n', 'N', 'Y', 'N', '2016-09-23 13:46:25', NULL, 'N', NULL, 1);
/*!40000 ALTER TABLE `cw_contatos` ENABLE KEYS */;


-- Copiando estrutura para tabela crescernaweb1.cw_curriculos
DROP TABLE IF EXISTS `cw_curriculos`;
CREATE TABLE IF NOT EXISTS `cw_curriculos` (
  `id` int(11) NOT NULL AUTO_INCREMENT,
  `nome` text,
  `email` text,
  `mensagem` text,
  `telefone` varchar(50) DEFAULT NULL,
  `area_id` int(11) NOT NULL,
  `arquivo_anexo` varchar(200) DEFAULT NULL,
  `sent` char(1) DEFAULT 'N',
  `created` datetime DEFAULT NULL,
  `read` char(1) DEFAULT 'N',
  `readfor` int(11) DEFAULT NULL,
  PRIMARY KEY (`id`,`area_id`),
  KEY `fk_pav_curriculos_pav_areas1` (`area_id`),
  CONSTRAINT `fk_pav_curriculos_pav_areas1` FOREIGN KEY (`area_id`) REFERENCES `cw_areas` (`id`) ON DELETE NO ACTION ON UPDATE NO ACTION
) ENGINE=InnoDB DEFAULT CHARSET=utf8;

-- Copiando dados para a tabela crescernaweb1.cw_curriculos: ~0 rows (aproximadamente)
/*!40000 ALTER TABLE `cw_curriculos` DISABLE KEYS */;
/*!40000 ALTER TABLE `cw_curriculos` ENABLE KEYS */;


-- Copiando estrutura para tabela crescernaweb1.cw_postagens
DROP TABLE IF EXISTS `cw_postagens`;
CREATE TABLE IF NOT EXISTS `cw_postagens` (
  `id` int(11) NOT NULL AUTO_INCREMENT,
  `titulo` text,
  `slug` text,
  `resumo` text,
  `texto` longtext,
  `createdby` int(11) DEFAULT NULL,
  `modifiedby` int(11) DEFAULT NULL,
  `isdeleted` char(1) DEFAULT 'N',
  `created` datetime DEFAULT NULL,
  `modified` datetime DEFAULT NULL,
  `isactive` char(1) NOT NULL DEFAULT 'N',
  `cat_conteudo_id` int(11) NOT NULL,
  PRIMARY KEY (`id`,`cat_conteudo_id`),
  KEY `fk_pav_postagens_pav_cat_conteudos1` (`cat_conteudo_id`),
  CONSTRAINT `fk_pav_postagens_pav_cat_conteudos1` FOREIGN KEY (`cat_conteudo_id`) REFERENCES `cw_cat_conteudos` (`id`) ON DELETE NO ACTION ON UPDATE NO ACTION
) ENGINE=InnoDB AUTO_INCREMENT=21 DEFAULT CHARSET=utf8;

-- Copiando dados para a tabela crescernaweb1.cw_postagens: ~14 rows (aproximadamente)
/*!40000 ALTER TABLE `cw_postagens` DISABLE KEYS */;
INSERT INTO `cw_postagens` (`id`, `titulo`, `slug`, `resumo`, `texto`, `createdby`, `modifiedby`, `isdeleted`, `created`, `modified`, `isactive`, `cat_conteudo_id`) VALUES
	(1, 'Nossa empresa', NULL, NULL, 'Uma hist&oacute;ria de Sucesso!<br />\r\n<strong>A PAVAN</strong>&nbsp;iniciou suas atividades em 1957, com abertura de sua primeira loja&nbsp;na Rua Batista de Oliveira, 307. A&nbsp;expans&atilde;o se deu com a inaugura&ccedil;&atilde;o da loja&nbsp;na Rua Halfeld, 259, esquina com a Rua Paulo de Frontin, na &eacute;poca, um dos pontos mais ousados da cidade.<br />\r\nA empresa cresceu, ampliou o n&ordm; de lojas e se tornou refer&ecirc;ncia no seguimento de material de constru&ccedil;&atilde;o, em Juiz de Fora e regi&atilde;o.&nbsp;<br />\r\nEst&aacute;, no mercado, &nbsp;em plena atividade h&aacute; mais de 50 anos,&nbsp;operando com a mesma lisura, respeito aos seus clientes e equil&iacute;brio nas suas decis&otilde;es.<br />\r\nTeve como fundador o Sr. Juarez Coutinho, que durante muitos anos esteve &agrave; frente dos neg&oacute;cios e na continuidade assumiram a dire&ccedil;&atilde;o, seus filhos: S&eacute;rgio de Moura Coutinho e Beatriz Coutinho do Amaral.&nbsp;<br />\r\nSua s&eacute;de (MATRIZ)&nbsp;est&aacute; localizada na Av. Brasil, 1000 e conta com mais cinco (05) filiais, em pontos estrat&eacute;gicos da cidade, para oferecer aos clientes: conforto, comodidade, produtos e servi&ccedil;os da melhor qualidade, visando justificar o slogan:&nbsp;<strong>QUEM CONSTR&Oacute;I...VAI&nbsp;&Aacute; PAVAN !!!</strong><br />\r\n<strong>VIS&Atilde;O</strong><br />\r\nSer refer&ecirc;ncia no mercado, local e regi&atilde;o, de materiais de constru&ccedil;&atilde;o, aprimorando e inovando sempre...<br />\r\n<strong>MISS&Atilde;O</strong><br />\r\nAtender plenamente e superar expectativas de seus clientes, com oferta de produtos de qualidade e atendimento diferenciado e personalizado.<br />\r\n<strong>PRINC&Iacute;PIOS E VALORES</strong><br />\r\nSuperar desafios;<br />\r\nRespeito&nbsp;&agrave;s pessoas e ao meio ambiente;&nbsp;<br />\r\n&Eacute;tica e Integridade;<br />\r\nTranspar&ecirc;ncia nas negocia&ccedil;&otilde;es;<br />\r\nInova&ccedil;&atilde;o;<br />\r\nCrescimento com sustentabilidade.', 1, 1, 'Y', '2015-09-03 11:48:14', '2015-09-03 11:48:14', 'N', 1),
	(2, 'Nossa empresa', NULL, NULL, '<span style="font-size:16px;">Uma hist&oacute;ria de Sucesso!</span><br />\r\n<br />\r\n<strong>A PAVAN</strong>&nbsp;iniciou suas atividades em 1957, com abertura de sua primeira loja&nbsp;na Rua Batista de Oliveira, 307. A&nbsp;expans&atilde;o se deu com a inaugura&ccedil;&atilde;o da loja&nbsp;na Rua Halfeld, 259, esquina com a Rua Paulo de Frontin, na &eacute;poca, um dos pontos mais ousados da cidade.<br />\r\nA empresa cresceu, ampliou o n&ordm; de lojas e se tornou refer&ecirc;ncia no seguimento de material de constru&ccedil;&atilde;o, em Juiz de Fora e regi&atilde;o.&nbsp;<br />\r\nEst&aacute;, no mercado, &nbsp;em plena atividade h&aacute; mais de 50 anos,&nbsp;operando com a mesma lisura, respeito aos seus clientes e equil&iacute;brio nas suas decis&otilde;es.<br />\r\nTeve como fundador o Sr. Juarez Coutinho, que durante muitos anos esteve &agrave; frente dos neg&oacute;cios e na continuidade assumiram a dire&ccedil;&atilde;o, seus filhos: S&eacute;rgio de Moura Coutinho e Beatriz Coutinho do Amaral.&nbsp;<br />\r\nSua s&eacute;de (MATRIZ)&nbsp;est&aacute; localizada na Av. Brasil, 1000 e conta com mais cinco (05) filiais, em pontos estrat&eacute;gicos da cidade, para oferecer aos clientes: conforto, comodidade, produtos e servi&ccedil;os da melhor qualidade, visando justificar o slogan:&nbsp;<strong>QUEM CONSTR&Oacute;I...VAI&nbsp;&Aacute; PAVAN !!!</strong><br />\r\n<br />\r\n<strong>VIS&Atilde;O</strong><br />\r\nSer refer&ecirc;ncia no mercado, local e regi&atilde;o, de materiais de constru&ccedil;&atilde;o, aprimorando e inovando sempre...<br />\r\n<br />\r\n<strong>MISS&Atilde;O</strong><br />\r\nAtender plenamente e superar expectativas de seus clientes, com oferta de produtos de qualidade e atendimento diferenciado e personalizado.<br />\r\n<br />\r\n<strong>PRINC&Iacute;PIOS E VALORES</strong><br />\r\nSuperar desafios;<br />\r\nRespeito&nbsp;&agrave;s pessoas e ao meio ambiente;&nbsp;<br />\r\n&Eacute;tica e Integridade;<br />\r\nTranspar&ecirc;ncia nas negocia&ccedil;&otilde;es;<br />\r\nInova&ccedil;&atilde;o;<br />\r\nCrescimento com sustentabilidade.', 1, 1, 'Y', '2015-09-03 12:04:02', '2015-09-03 12:04:02', 'N', 1),
	(3, 'Nossa empresa', NULL, NULL, '<span style="font-size:16px;">Uma hist&oacute;ria de Sucesso!</span><br />\r\n<br />\r\n<strong>A PAVAN</strong>&nbsp;iniciou suas atividades em 1957, com abertura de sua primeira loja&nbsp;na Rua Batista de Oliveira, 307. A&nbsp;expans&atilde;o se deu com a inaugura&ccedil;&atilde;o da loja&nbsp;na Rua Halfeld, 259, esquina com a Rua Paulo de Frontin, na &eacute;poca, um dos pontos mais ousados da cidade.<br />\r\nA empresa cresceu, ampliou o n&ordm; de lojas e se tornou refer&ecirc;ncia no seguimento de material de constru&ccedil;&atilde;o, em Juiz de Fora e regi&atilde;o.&nbsp;<br />\r\nEst&aacute;, no mercado, &nbsp;em plena atividade h&aacute; mais de 50 anos,&nbsp;operando com a mesma lisura, respeito aos seus clientes e equil&iacute;brio nas suas decis&otilde;es.<br />\r\nTeve como fundador o Sr. Juarez Coutinho, que durante muitos anos esteve &agrave; frente dos neg&oacute;cios e na continuidade assumiram a dire&ccedil;&atilde;o, seus filhos: S&eacute;rgio de Moura Coutinho e Beatriz Coutinho do Amaral.&nbsp;<br />\r\nSua s&eacute;de (MATRIZ)&nbsp;est&aacute; localizada na Av. Brasil, 1000 e conta com mais cinco (05) filiais, em pontos estrat&eacute;gicos da cidade, para oferecer aos clientes: conforto, comodidade, produtos e servi&ccedil;os da melhor qualidade, visando justificar o slogan:&nbsp;<span style="color:#ff0000;"><strong>QUEM CONSTR&Oacute;I...VAI&nbsp;&Aacute; PAVAN !!!</strong></span><br />\r\n<br />\r\n<strong>VIS&Atilde;O</strong><br />\r\nSer refer&ecirc;ncia no mercado, local e regi&atilde;o, de materiais de constru&ccedil;&atilde;o, aprimorando e inovando sempre...<br />\r\n<br />\r\n<strong>MISS&Atilde;O</strong><br />\r\nAtender plenamente e superar expectativas de seus clientes, com oferta de produtos de qualidade e atendimento diferenciado e personalizado.<br />\r\n<br />\r\n<strong>PRINC&Iacute;PIOS E VALORES</strong><br />\r\nSuperar desafios;<br />\r\nRespeito&nbsp;&agrave;s pessoas e ao meio ambiente;&nbsp;<br />\r\n&Eacute;tica e Integridade;<br />\r\nTranspar&ecirc;ncia nas negocia&ccedil;&otilde;es;<br />\r\nInova&ccedil;&atilde;o;<br />\r\nCrescimento com sustentabilidade.', 1, 1, 'Y', '2015-09-03 12:05:18', '2015-09-03 12:05:18', 'N', 1),
	(4, 'Nossa empresa', NULL, 'A Pavan é uma empresa do ramo da construção', '<span style="font-size:16px;">Uma hist&oacute;ria de Sucesso!</span><br />\r\n<br />\r\n<strong>A PAVAN</strong>&nbsp;iniciou suas atividades em 1957, com abertura de sua primeira loja&nbsp;na Rua Batista de Oliveira, 307. A&nbsp;expans&atilde;o se deu com a inaugura&ccedil;&atilde;o da loja&nbsp;na Rua Halfeld, 259, esquina com a Rua Paulo de Frontin, na &eacute;poca, um dos pontos mais ousados da cidade.<br />\r\nA empresa cresceu, ampliou o n&ordm; de lojas e se tornou refer&ecirc;ncia no seguimento de material de constru&ccedil;&atilde;o, em Juiz de Fora e regi&atilde;o.&nbsp;<br />\r\nEst&aacute;, no mercado, &nbsp;em plena atividade h&aacute; mais de 50 anos,&nbsp;operando com a mesma lisura, respeito aos seus clientes e equil&iacute;brio nas suas decis&otilde;es.<br />\r\nTeve como fundador o Sr. Juarez Coutinho, que durante muitos anos esteve &agrave; frente dos neg&oacute;cios e na continuidade assumiram a dire&ccedil;&atilde;o, seus filhos: S&eacute;rgio de Moura Coutinho e Beatriz Coutinho do Amaral.&nbsp;<br />\r\nSua s&eacute;de (MATRIZ)&nbsp;est&aacute; localizada na Av. Brasil, 1000 e conta com mais cinco (05) filiais, em pontos estrat&eacute;gicos da cidade, para oferecer aos clientes: conforto, comodidade, produtos e servi&ccedil;os da melhor qualidade, visando justificar o slogan:&nbsp;<span style="color:#ff0000;"><strong>QUEM CONSTR&Oacute;I...VAI&nbsp;&Aacute; PAVAN !!!</strong></span><br />\r\n<br />\r\n<strong>VIS&Atilde;O</strong><br />\r\nSer refer&ecirc;ncia no mercado, local e regi&atilde;o, de materiais de constru&ccedil;&atilde;o, aprimorando e inovando sempre...<br />\r\n<br />\r\n<strong>MISS&Atilde;O</strong><br />\r\nAtender plenamente e superar expectativas de seus clientes, com oferta de produtos de qualidade e atendimento diferenciado e personalizado.<br />\r\n<br />\r\n<strong>PRINC&Iacute;PIOS E VALORES</strong><br />\r\nSuperar desafios;<br />\r\nRespeito&nbsp;&agrave;s pessoas e ao meio ambiente;&nbsp;<br />\r\n&Eacute;tica e Integridade;<br />\r\nTranspar&ecirc;ncia nas negocia&ccedil;&otilde;es;<br />\r\nInova&ccedil;&atilde;o;<br />\r\nCrescimento com sustentabilidade.', 1, 1, 'Y', '2015-09-04 09:19:10', '2015-09-04 09:19:10', 'N', 1),
	(5, 'Nossa empresa', NULL, 'Conhecida pelos produtos e serviços da melhor qualidade, a Pavan possui 58 anos de tradição e é referência no ramo de materiais de construção na região da zona da mata mineira!', '<span style="font-size:16px;">Uma hist&oacute;ria de Sucesso!</span><br />\r\n<br />\r\n<strong>A PAVAN</strong>&nbsp;iniciou suas atividades em 1957, com abertura de sua primeira loja&nbsp;na Rua Batista de Oliveira, 307. A&nbsp;expans&atilde;o se deu com a inaugura&ccedil;&atilde;o da loja&nbsp;na Rua Halfeld, 259, esquina com a Rua Paulo de Frontin, na &eacute;poca, um dos pontos mais ousados da cidade.<br />\r\nA empresa cresceu, ampliou o n&ordm; de lojas e se tornou refer&ecirc;ncia no seguimento de material de constru&ccedil;&atilde;o, em Juiz de Fora e regi&atilde;o.&nbsp;<br />\r\nEst&aacute;, no mercado, &nbsp;em plena atividade h&aacute; mais de 50 anos,&nbsp;operando com a mesma lisura, respeito aos seus clientes e equil&iacute;brio nas suas decis&otilde;es.<br />\r\nTeve como fundador o Sr. Juarez Coutinho, que durante muitos anos esteve &agrave; frente dos neg&oacute;cios e na continuidade assumiram a dire&ccedil;&atilde;o, seus filhos: S&eacute;rgio de Moura Coutinho e Beatriz Coutinho do Amaral.&nbsp;<br />\r\nSua s&eacute;de (MATRIZ)&nbsp;est&aacute; localizada na Av. Brasil, 1000 e conta com mais cinco (05) filiais, em pontos estrat&eacute;gicos da cidade, para oferecer aos clientes: conforto, comodidade, produtos e servi&ccedil;os da melhor qualidade, visando justificar o slogan:&nbsp;<span style="color:#ff0000;"><strong>QUEM CONSTR&Oacute;I...VAI&nbsp;&Aacute; PAVAN !!!</strong></span><br />\r\n<br />\r\n<strong>VIS&Atilde;O</strong><br />\r\nSer refer&ecirc;ncia no mercado, local e regi&atilde;o, de materiais de constru&ccedil;&atilde;o, aprimorando e inovando sempre...<br />\r\n<br />\r\n<strong>MISS&Atilde;O</strong><br />\r\nAtender plenamente e superar expectativas de seus clientes, com oferta de produtos de qualidade e atendimento diferenciado e personalizado.<br />\r\n<br />\r\n<strong>PRINC&Iacute;PIOS E VALORES</strong><br />\r\nSuperar desafios;<br />\r\nRespeito&nbsp;&agrave;s pessoas e ao meio ambiente;&nbsp;<br />\r\n&Eacute;tica e Integridade;<br />\r\nTranspar&ecirc;ncia nas negocia&ccedil;&otilde;es;<br />\r\nInova&ccedil;&atilde;o;<br />\r\nCrescimento com sustentabilidade.', 1, 1, 'Y', '2015-09-11 08:37:59', '2015-09-11 08:37:59', 'N', 1),
	(6, 'Nossa empresa', NULL, 'Conhecida pelos produtos e serviços da melhor qualidade, a Pavan possui 58 anos de tradição e é referência no ramo de materiais de construção na região da zona da mata mineira!', '<span style="font-size:16px;">Uma hist&oacute;ria de Sucesso!</span><br />\r\n<br />\r\n<strong>A PAVAN</strong>&nbsp;iniciou suas atividades em 1957, com abertura de sua primeira loja&nbsp;na Rua Batista de Oliveira, 307. A&nbsp;expans&atilde;o se deu com a inaugura&ccedil;&atilde;o da loja&nbsp;na Rua Halfeld, 259, esquina com a Rua Paulo de Frontin, na &eacute;poca, um dos pontos mais ousados da cidade.<br />\r\nA empresa cresceu, ampliou o n&ordm; de lojas e se tornou refer&ecirc;ncia no seguimento de material de constru&ccedil;&atilde;o, em Juiz de Fora e regi&atilde;o.&nbsp;<br />\r\nEst&aacute;, no mercado, &nbsp;em plena atividade h&aacute; mais de 50 anos,&nbsp;operando com a mesma lisura, respeito aos seus clientes e equil&iacute;brio nas suas decis&otilde;es.<br />\r\nTeve como fundador o Sr. Juarez Coutinho, que durante muitos anos esteve &agrave; frente dos neg&oacute;cios e na continuidade assumiram a dire&ccedil;&atilde;o, seus filhos: S&eacute;rgio de Moura Coutinho e Beatriz Coutinho do Amaral.&nbsp;<br />\r\nSua s&eacute;de (MATRIZ)&nbsp;est&aacute; localizada na Av. Brasil, 1000 e conta com mais cinco (05) filiais, em pontos estrat&eacute;gicos da cidade, para oferecer aos clientes: conforto, comodidade, produtos e servi&ccedil;os da melhor qualidade, visando justificar o slogan:&nbsp;<span style="color:#ff0000;"><strong>QUEM CONSTR&Oacute;I...VAI&nbsp;&Aacute; PAVAN !!!</strong></span><br />\r\n<br />\r\n<strong>VIS&Atilde;O</strong><br />\r\nSer refer&ecirc;ncia no mercado, local e regi&atilde;o, de materiais de constru&ccedil;&atilde;o, aprimorando e inovando sempre...<br />\r\n<br />\r\n<strong>MISS&Atilde;O</strong><br />\r\nAtender plenamente e superar expectativas de seus clientes, com oferta de produtos de qualidade e atendimento diferenciado e personalizado.<br />\r\n<br />\r\n<strong>PRINC&Iacute;PIOS E VALORES</strong><br />\r\nSuperar desafios;<br />\r\nRespeito&nbsp;&agrave;s pessoas e ao meio ambiente;&nbsp;<br />\r\n&Eacute;tica e Integridade;<br />\r\nTranspar&ecirc;ncia nas negocia&ccedil;&otilde;es;<br />\r\nInova&ccedil;&atilde;o;<br />\r\nCrescimento com sustentabilidade.', 1, 1, 'Y', '2015-09-11 08:37:59', '2015-09-11 08:37:59', 'N', 1),
	(7, 'Nossa empresa', NULL, 'Conhecida pelos produtos e serviços da melhor qualidade, a Pavan possui 58 anos de tradição e é referência no ramo de materiais de construção na região da zona da mata mineira!', '<div>\r\n	<strong>Uma hist&oacute;ria de Sucesso!</strong><br />\r\n	&nbsp;</div>\r\n<div>\r\n	A PAVAN iniciou suas atividades em 1957, com abertura de sua primeira loja na Rua Batista de Oliveira, 307. A expans&atilde;o se deu com a inaugura&ccedil;&atilde;o da loja na Rua Halfeld, 259, esquina com a Rua Paulo de Frontin, na &eacute;poca, um dos pontos mais ousados da cidade.</div>\r\n<div>\r\n	A empresa cresceu, ampliou o n&ordm; de lojas e se tornou refer&ecirc;ncia no seguimento de material de constru&ccedil;&atilde;o, em Juiz de Fora e regi&atilde;o.&nbsp;</div>\r\n<div>\r\n	Est&aacute;, no mercado, &nbsp;em plena atividade h&aacute; mais de 50 anos, operando com a mesma lisura, respeito aos seus clientes e equil&iacute;brio nas suas decis&otilde;es.</div>\r\n<div>\r\n	Teve como fundador o Sr. Juarez Coutinho, que durante muitos anos esteve &agrave; frente dos neg&oacute;cios e na continuidade assumiram a dire&ccedil;&atilde;o, seus filhos: S&eacute;rgio de Moura Coutinho e Beatriz Coutinho do Amaral.&nbsp;</div>\r\n<div>\r\n	Sua s&eacute;de (MATRIZ) est&aacute; localizada na Av. Brasil, 1000 e conta com mais cinco (05) filiais, em pontos estrat&eacute;gicos da cidade, para oferecer aos clientes: conforto, comodidade, produtos e servi&ccedil;os da melhor qualidade, visando justificar o slogan: QUEM CONSTR&Oacute;I...VAI &Aacute; PAVAN !!!</div>\r\n<div>\r\n	&nbsp;</div>\r\n<div>\r\n	<strong>VIS&Atilde;O</strong></div>\r\n<div>\r\n	Ser refer&ecirc;ncia no mercado, local e regi&atilde;o, de materiais de constru&ccedil;&atilde;o, aprimorando e inovando sempre...</div>\r\n<div>\r\n	&nbsp;</div>\r\n<div>\r\n	<strong>MISS&Atilde;O</strong></div>\r\n<div>\r\n	Atender plenamente e superar expectativas de seus clientes, com oferta de produtos de qualidade e atendimento diferenciado e personalizado.</div>\r\n<div>\r\n	&nbsp;</div>\r\n<div>\r\n	<strong>PRINC&Iacute;PIOS E VALORES</strong></div>\r\n<div>\r\n	Superar desafios;</div>\r\n<div>\r\n	Respeito &agrave;s pessoas e ao meio ambiente;&nbsp;</div>\r\n<div>\r\n	&Eacute;tica e Integridade;</div>\r\n<div>\r\n	Transpar&ecirc;ncia nas negocia&ccedil;&otilde;es;</div>\r\n<div>\r\n	Inova&ccedil;&atilde;o;</div>\r\n<div>\r\n	Crescimento com sustentabilidade.</div>\r\n', 1, 1, 'Y', '2015-09-25 10:34:31', '2015-09-25 10:34:31', 'N', 1),
	(8, 'Nossa empresa', NULL, 'Conhecida pelos produtos e serviços da melhor qualidade, a Pavan possui 58 anos de tradição e é referência no ramo de materiais de construção na região da zona da mata mineira!', '<div>\r\n	<br />\r\n	<strong>Uma hist&oacute;ria de Sucesso!</strong><br />\r\n	&nbsp;</div>\r\n<div>\r\n	A PAVAN iniciou suas atividades em 1957, com abertura de sua primeira loja na Rua Batista de Oliveira, 307. A expans&atilde;o se deu com a inaugura&ccedil;&atilde;o da loja na Rua Halfeld, 259, esquina com a Rua Paulo de Frontin, na &eacute;poca, um dos pontos mais ousados da cidade.</div>\r\n<div>\r\n	A empresa cresceu, ampliou o n&ordm; de lojas e se tornou refer&ecirc;ncia no seguimento de material de constru&ccedil;&atilde;o, em Juiz de Fora e regi&atilde;o.&nbsp;</div>\r\n<div>\r\n	Est&aacute;, no mercado, &nbsp;em plena atividade h&aacute; mais de 50 anos, operando com a mesma lisura, respeito aos seus clientes e equil&iacute;brio nas suas decis&otilde;es.</div>\r\n<div>\r\n	Teve como fundador o Sr. Juarez Coutinho, que durante muitos anos esteve &agrave; frente dos neg&oacute;cios e na continuidade assumiram a dire&ccedil;&atilde;o, seus filhos: S&eacute;rgio de Moura Coutinho e Beatriz Coutinho do Amaral.&nbsp;</div>\r\n<div>\r\n	Sua s&eacute;de (MATRIZ) est&aacute; localizada na Av. Brasil, 1000 e conta com mais cinco (05) filiais, em pontos estrat&eacute;gicos da cidade, para oferecer aos clientes: conforto, comodidade, produtos e servi&ccedil;os da melhor qualidade, visando justificar o slogan: QUEM CONSTR&Oacute;I...VAI &Aacute; PAVAN !!!</div>\r\n<div>\r\n	&nbsp;</div>\r\n<div>\r\n	<strong>VIS&Atilde;O</strong></div>\r\n<div>\r\n	Ser refer&ecirc;ncia no mercado, local e regi&atilde;o, de materiais de constru&ccedil;&atilde;o, aprimorando e inovando sempre...</div>\r\n<div>\r\n	&nbsp;</div>\r\n<div>\r\n	<strong>MISS&Atilde;O</strong></div>\r\n<div>\r\n	Atender plenamente e superar expectativas de seus clientes, com oferta de produtos de qualidade e atendimento diferenciado e personalizado.</div>\r\n<div>\r\n	&nbsp;</div>\r\n<div>\r\n	<strong>PRINC&Iacute;PIOS E VALORES</strong></div>\r\n<div>\r\n	Superar desafios;</div>\r\n<div>\r\n	Respeito &agrave;s pessoas e ao meio ambiente;&nbsp;</div>\r\n<div>\r\n	&Eacute;tica e Integridade;</div>\r\n<div>\r\n	Transpar&ecirc;ncia nas negocia&ccedil;&otilde;es;</div>\r\n<div>\r\n	Inova&ccedil;&atilde;o;</div>\r\n<div>\r\n	Crescimento com sustentabilidade.</div>\r\n', 1, 1, 'Y', '2015-09-25 10:35:29', '2015-09-25 10:35:29', 'N', 1),
	(9, 'Nossa empresa', NULL, 'Conhecida pelos produtos e serviços da melhor qualidade, a Pavan possui 58 anos de tradição e é referência no ramo de materiais de construção na região da zona da mata mineira!', '<div>\r\n	<br />\r\n	<strong>Uma hist&oacute;ria de Sucesso!</strong><br />\r\n	&nbsp;</div>\r\n<div>\r\n	A PAVAN iniciou suas atividades em 1957, com abertura de sua primeira loja na Rua Batista de Oliveira, 307. A expans&atilde;o se deu com a inaugura&ccedil;&atilde;o da loja na Rua Halfeld, 259, esquina com a Rua Paulo de Frontin, na &eacute;poca, um dos pontos mais ousados da cidade.</div>\r\n<div>\r\n	A empresa cresceu, ampliou o n&ordm; de lojas e se tornou refer&ecirc;ncia no seguimento de material de constru&ccedil;&atilde;o, em Juiz de Fora e regi&atilde;o.&nbsp;</div>\r\n<div>\r\n	Est&aacute;, no mercado, &nbsp;em plena atividade h&aacute; mais de 50 anos, operando com a mesma lisura, respeito aos seus clientes e equil&iacute;brio nas suas decis&otilde;es.</div>\r\n<div>\r\n	Teve como fundador o Sr. Juarez Coutinho, que durante muitos anos esteve &agrave; frente dos neg&oacute;cios e na continuidade assumiram a dire&ccedil;&atilde;o, seus filhos: S&eacute;rgio de Moura Coutinho e Beatriz Coutinho do Amaral.&nbsp;</div>\r\n<div>\r\n	Sua s&eacute;de (MATRIZ) est&aacute; localizada na Av. Brasil, 1000 e conta com mais cinco (05) filiais, em pontos estrat&eacute;gicos da cidade, para oferecer aos clientes: conforto, comodidade, produtos e servi&ccedil;os da melhor qualidade, visando justificar o slogan: <strong>QUEM CONSTR&Oacute;I...VAI &Aacute; PAVAN</strong> !!!</div>\r\n<div>\r\n	&nbsp;</div>\r\n<div>\r\n	<strong>VIS&Atilde;O</strong></div>\r\n<div>\r\n	Ser refer&ecirc;ncia no mercado, local e regi&atilde;o, de materiais de constru&ccedil;&atilde;o, aprimorando e inovando sempre...</div>\r\n<div>\r\n	&nbsp;</div>\r\n<div>\r\n	<strong>MISS&Atilde;O</strong></div>\r\n<div>\r\n	Atender plenamente e superar expectativas de seus clientes, com oferta de produtos de qualidade e atendimento diferenciado e personalizado.</div>\r\n<div>\r\n	&nbsp;</div>\r\n<div>\r\n	<strong>PRINC&Iacute;PIOS E VALORES</strong></div>\r\n<div>\r\n	Superar desafios;</div>\r\n<div>\r\n	Respeito &agrave;s pessoas e ao meio ambiente;&nbsp;</div>\r\n<div>\r\n	&Eacute;tica e Integridade;</div>\r\n<div>\r\n	Transpar&ecirc;ncia nas negocia&ccedil;&otilde;es;</div>\r\n<div>\r\n	Inova&ccedil;&atilde;o;</div>\r\n<div>\r\n	Crescimento com sustentabilidade.</div>\r\n', 1, 1, 'Y', '2015-09-25 10:36:09', '2015-09-25 10:36:09', 'N', 1),
	(10, 'Pavan Design na revista Pauta Econômica', NULL, 'A Pavan Design foi notícia na edição número 130 da revista Pauta Econômica.', 'A Pavan Design foi not&iacute;cia na edi&ccedil;&atilde;o n&uacute;mero 130 da revista Pauta Econ&ocirc;mica.<br />\r\nNa mat&eacute;ria, a revista destacou o car&aacute;ter inovador e exclusivo do mix de produtos comercializados pela loja.<br />\r\nVoc&ecirc; pode conferir a mat&eacute;ria completa <strong><a href="http://www.pautaeconomica.com.br/?pagina=noticias.php&amp;id=815">aqui</a></strong>!<br />\r\n', 1, 1, 'N', '2015-10-06 09:00:20', '2015-10-06 10:00:13', 'N', 2),
	(11, '555', NULL, '55', '55', 1, 1, 'Y', '2016-02-24 09:51:25', '2016-02-24 09:51:25', 'N', 1),
	(12, 'Disseminar conhecimento que transforma vidas...', NULL, 'Disseminar conhecimento que transforma vidas...', '<p>Ol&aacute;,&nbsp;como&nbsp;vai?&nbsp;Tudo&nbsp;bem?&nbsp;Meu&nbsp;nome&nbsp;&eacute;&nbsp;Andr&eacute;&nbsp;e&nbsp;sou&nbsp;o&nbsp;idealizador&nbsp;e&nbsp;um&nbsp;dos&nbsp;fundadores&nbsp;do&nbsp;projeto&nbsp;Crescer&nbsp;na&nbsp;Web.&nbsp;</p>\r\n\r\n<p>Se&nbsp;voc&ecirc;&nbsp;caiu&nbsp;nesta&nbsp;p&aacute;gina,&nbsp;com&nbsp;certeza&nbsp;est&aacute;&nbsp;interessado&nbsp;em&nbsp;saber&nbsp;mais&nbsp;informa&ccedil;&otilde;es&nbsp;sobre&nbsp;esse&nbsp;projeto.&nbsp;Antes&nbsp;de&nbsp;come&ccedil;ar,&nbsp;por&eacute;m,&nbsp;gostaria&nbsp;de&nbsp;deixar&nbsp;algumas&nbsp;indaga&ccedil;&otilde;es:</p>\r\n\r\n<p>-&nbsp;Voc&ecirc;&nbsp;j&aacute;&nbsp;reparou&nbsp;na&nbsp;dificuldade&nbsp;que&nbsp;profissionais&nbsp;rec&eacute;m&nbsp;formados&nbsp;e&nbsp;inexperientes&nbsp;possuem&nbsp;para&nbsp;entrar&nbsp;no&nbsp;mercado&nbsp;de&nbsp;trabalho?&nbsp;</p>\r\n\r\n<p>-&nbsp;Voc&ecirc;&nbsp;j&aacute;&nbsp;reparou&nbsp;na&nbsp;quantidade&nbsp;de&nbsp;empresas&nbsp;que&nbsp;morrem&nbsp;todos&nbsp;os&nbsp;dias,&nbsp;no&nbsp;Brasil?</p>\r\n\r\n<p>-&nbsp;Voc&ecirc;&nbsp;j&aacute;&nbsp;tentou&nbsp;montar&nbsp;um&nbsp;neg&oacute;cio&nbsp;e&nbsp;deu&nbsp;errado?&nbsp;Ou&nbsp;deseja&nbsp;abrir&nbsp;um&nbsp;e&nbsp;n&atilde;o&nbsp;tem&nbsp;ideia&nbsp;de&nbsp;como&nbsp;fazer&nbsp;isso?</p>\r\n\r\n<p>Caso&nbsp;voc&ecirc;&nbsp;tenha&nbsp;feito&nbsp;qualquer&nbsp;uma&nbsp;dessas&nbsp;indaga&ccedil;&otilde;es&nbsp;acima,&nbsp;este&nbsp;portal&nbsp;&eacute;&nbsp;para&nbsp;voc&ecirc;!&nbsp;</p>\r\n\r\n<p>O&nbsp;projeto&nbsp;Crescer&nbsp;na&nbsp;Web&nbsp;nasceu&nbsp;com&nbsp;a&nbsp;miss&atilde;o&nbsp;de&nbsp;promover&nbsp;o&nbsp;desenvolvimento&nbsp;social&nbsp;sustent&aacute;vel&nbsp;atrav&eacute;s&nbsp;da&nbsp;dissemina&ccedil;&atilde;o&nbsp;de&nbsp;conhecimento&nbsp;relevante&nbsp;para&nbsp;o&nbsp;crescimento&nbsp;profissional&nbsp;de&nbsp;pessoas&nbsp;e&nbsp;organiza&ccedil;&otilde;es.&nbsp;</p>\r\n\r\n<p>Nossa&nbsp;proposta&nbsp;&eacute;&nbsp;construir,&nbsp;atrav&eacute;s&nbsp;deste&nbsp;canal,&nbsp;um&nbsp;guia&nbsp;que&nbsp;ajudar&aacute;&nbsp;pessoas,&nbsp;sejam&nbsp;elas&nbsp;estudantes&nbsp;rec&eacute;m&nbsp;formados,&nbsp;empreendedores,&nbsp;empres&aacute;rios,&nbsp;ou&nbsp;mesmo&nbsp;pessoas&nbsp;comuns,&nbsp;que&nbsp;simplesmente&nbsp;almejam&nbsp;a&nbsp;melhora&nbsp;da&nbsp;renda&nbsp;familiar,&nbsp;a&nbsp;alavancar&nbsp;carreiras,&nbsp;neg&oacute;cios&nbsp;e&nbsp;oportunidades.</p>\r\n\r\n<p>Os&nbsp;desafios&nbsp;s&atilde;o&nbsp;muitos,&nbsp;mais&nbsp;estamos&nbsp;dispostos&nbsp;a&nbsp;fazer&nbsp;esse&nbsp;trabalho&nbsp;de&nbsp;&ldquo;formiguinha&rdquo;.&nbsp;Atrav&eacute;s&nbsp;de&nbsp;dedica&ccedil;&atilde;o,&nbsp;para&nbsp;oferecer&nbsp;o&nbsp;conte&uacute;do&nbsp;mais&nbsp;pr&aacute;tico&nbsp;e&nbsp;completo&nbsp;poss&iacute;vel,&nbsp;trabalharemos&nbsp;sempre&nbsp;em&nbsp;melhorias&nbsp;na&nbsp;distribui&ccedil;&atilde;o&nbsp;do&nbsp;conte&uacute;do&nbsp;em&nbsp;nosso&nbsp;portal,&nbsp;com&nbsp;o&nbsp;objetivo&nbsp;de&nbsp;atingir&nbsp;e&nbsp;auxiliar&nbsp;o&nbsp;m&aacute;ximo&nbsp;de&nbsp;pessoas&nbsp;poss&iacute;vel.</p>\r\n\r\n<p>Dividido&nbsp;inicialmente&nbsp;em&nbsp;tr&ecirc;s&nbsp;sess&otilde;es&nbsp;(tecnologia,&nbsp;marketing,&nbsp;empreendedorismo&nbsp;e&nbsp;gest&atilde;o),&nbsp;nosso&nbsp;conte&uacute;do&nbsp;abordar&aacute;&nbsp;temas&nbsp;que&nbsp;ter&atilde;o&nbsp;como&nbsp;objetivo&nbsp;principal&nbsp;melhorar&nbsp;o&nbsp;desempenho&nbsp;de&nbsp;empresas&nbsp;e&nbsp;tamb&eacute;m&nbsp;pessoas,&nbsp;no&nbsp;&acirc;mbito&nbsp;profissional.</p>\r\n\r\n<p>Oferecemos&nbsp;tamb&eacute;m&nbsp;oportunidades&nbsp;para&nbsp;estudantes&nbsp;e&nbsp;profissionais,&nbsp;que&nbsp;desejam&nbsp;se&nbsp;tornar&nbsp;colunistas,&nbsp;compartilhar&nbsp;conhecimento&nbsp;e&nbsp;auxiliar&nbsp;outras&nbsp;pessoas.</p>\r\n\r\n<p>Caso&nbsp;voc&ecirc;&nbsp;tenha&nbsp;o&nbsp;interesse&nbsp;e&nbsp;deseja&nbsp;conhecer&nbsp;melhor&nbsp;sobre&nbsp;o&nbsp;assunto,&nbsp;envie&nbsp;seu&nbsp;curr&iacute;culo&nbsp;para&nbsp;o&nbsp;endere&ccedil;o&nbsp;de&nbsp;e-mail&nbsp;abaixo,&nbsp;com&nbsp;o&nbsp;assunto&nbsp;&ldquo;QUERO&nbsp;ME&nbsp;TORNAR&nbsp;COLUNISTA&rdquo;.&nbsp;&nbsp;</p>\r\n\r\n<p>E-MAIL:&nbsp;<a href="mailto:contato@crescernaweb.com.br">contato@crescernaweb.com.br</a></p>\r\n\r\n<p>Um&nbsp;grande&nbsp;abra&ccedil;o,</p>\r\n\r\n<p>Andr&eacute;&nbsp;Lu&iacute;s</p>\r\n', 1, 1, 'Y', '2016-09-22 14:01:27', '2016-09-22 14:01:27', 'Y', 1),
	(13, 'Disseminar conhecimento que transforma vidas...', NULL, 'Disseminar conhecimento que transforma vidas...', '<p>Ol&aacute;, como vai? Tudo bem? Meu nome &eacute; Andr&eacute; e sou o idealizador e um dos fundadores do projeto Crescer na Web.</p>\r\n\r\n<p>Se voc&ecirc; caiu nesta p&aacute;gina, com certeza est&aacute; interessado em saber mais informa&ccedil;&otilde;es sobre esse projeto. Antes de come&ccedil;ar, por&eacute;m, gostaria de deixar algumas indaga&ccedil;&otilde;es:</p>\r\n\r\n<p>- Voc&ecirc; j&aacute; reparou na dificuldade que profissionais rec&eacute;m formados e inexperientes possuem para entrar no mercado de trabalho?</p>\r\n\r\n<p>- Voc&ecirc; j&aacute; reparou na quantidade de empresas que morrem todos os dias, no Brasil?</p>\r\n\r\n<p>- Voc&ecirc; j&aacute; tentou montar um neg&oacute;cio e deu errado? Ou deseja abrir um e n&atilde;o tem ideia de como fazer isso?</p>\r\n\r\n<p>Caso voc&ecirc; tenha feito qualquer uma dessas indaga&ccedil;&otilde;es acima, este portal &eacute; para voc&ecirc;!</p>\r\n\r\n<p>O projeto Crescer na Web nasceu com a miss&atilde;o de promover o desenvolvimento social sustent&aacute;vel atrav&eacute;s da dissemina&ccedil;&atilde;o de conhecimento relevante para o crescimento profissional de pessoas e organiza&ccedil;&otilde;es.</p>\r\n\r\n<p>Nossa proposta &eacute; construir, atrav&eacute;s deste canal, um guia que ajudar&aacute; pessoas, sejam elas estudantes rec&eacute;m formados, empreendedores, empres&aacute;rios, ou mesmo pessoas comuns, que simplesmente almejam a melhora da renda familiar, a alavancar carreiras, neg&oacute;cios e oportunidades.</p>\r\n\r\n<p>Os desafios s&atilde;o muitos, mais estamos dispostos a fazer esse trabalho de &ldquo;formiguinha&rdquo;. Atrav&eacute;s de dedica&ccedil;&atilde;o, para oferecer o conte&uacute;do mais pr&aacute;tico e completo poss&iacute;vel, trabalharemos sempre em melhorias na distribui&ccedil;&atilde;o do conte&uacute;do em nosso portal, com o objetivo de atingir e auxiliar o m&aacute;ximo de pessoas poss&iacute;vel.</p>\r\n\r\n<p>Dividido inicialmente em tr&ecirc;s sess&otilde;es (tecnologia, marketing, empreendedorismo e gest&atilde;o), nosso conte&uacute;do abordar&aacute; temas que ter&atilde;o como objetivo principal melhorar o desempenho de empresas e tamb&eacute;m pessoas, no &acirc;mbito profissional.</p>\r\n\r\n<p>Oferecemos tamb&eacute;m oportunidades para estudantes e profissionais, que desejam se tornar colunistas, compartilhar conhecimento e auxiliar outras pessoas.</p>\r\n\r\n<p>Caso voc&ecirc; tenha o interesse e deseja conhecer melhor sobre o assunto, envie seu curr&iacute;culo para o endere&ccedil;o de e-mail abaixo, com o assunto &ldquo;QUERO ME TORNAR COLUNISTA&rdquo;. &nbsp;</p>\r\n\r\n<p>E-MAIL: contato@crescernaweb.com.br</p>\r\n\r\n<p>Um grande abra&ccedil;o,</p>\r\n\r\n<p>Andr&eacute; Lu&iacute;s</p>\r\n', 1, 1, 'Y', '2016-09-22 22:17:58', '2016-09-22 22:17:58', 'Y', 1),
	(14, 'Disseminar conhecimento que transforma vidas...', NULL, 'Disseminar conhecimento que transforma vidas...', '<p>Ol&aacute;, como vai? Tudo bem? Meu nome &eacute; Andr&eacute; e sou o idealizador e um dos fundadores do projeto Crescer na Web.</p>\r\n\r\n<p>Se voc&ecirc; caiu nesta p&aacute;gina, com certeza est&aacute; interessado em saber mais informa&ccedil;&otilde;es sobre esse projeto.</p>\r\n\r\n<p>Antes de come&ccedil;ar, por&eacute;m, gostaria de deixar algumas indaga&ccedil;&otilde;es:</p>\r\n\r\n<blockquote>\r\n<p>- Voc&ecirc; j&aacute; reparou na dificuldade que profissionais rec&eacute;m formados e inexperientes possuem para entrar no mercado de trabalho?</p>\r\n\r\n<p>- Voc&ecirc; j&aacute; reparou na quantidade de empresas que morrem todos os dias, no Brasil?</p>\r\n\r\n<p>- Voc&ecirc; j&aacute; tentou montar um neg&oacute;cio e deu errado? Ou deseja abrir um e n&atilde;o tem ideia de como fazer isso?</p>\r\n</blockquote>\r\n\r\n<p>Caso voc&ecirc; tenha feito <strong>qualquer uma</strong> dessas <strong>indaga&ccedil;&otilde;es</strong> acima, este portal &eacute; <strong>para voc&ecirc;</strong>!</p>\r\n\r\n<p>O projeto <strong>Crescer na Web</strong> nasceu com a miss&atilde;o de promover o desenvolvimento social sustent&aacute;vel atrav&eacute;s da dissemina&ccedil;&atilde;o de conhecimento relevante para o crescimento profissional de pessoas e organiza&ccedil;&otilde;es.</p>\r\n\r\n<p>Nossa proposta &eacute; construir, atrav&eacute;s deste canal, um <strong>guia</strong> que <strong>ajudar&aacute; pessoas</strong>, sejam elas estudantes rec&eacute;m formados, empreendedores, empres&aacute;rios, ou mesmo pessoas comuns, que simplesmente almejam a melhora da renda familiar, a <strong>alavancar</strong> <strong>carreiras</strong>, <strong>neg&oacute;cios</strong> e <strong>oportunidades</strong>.</p>\r\n\r\n<p>Os desafios s&atilde;o muitos, mais estamos dispostos a fazer esse trabalho de &ldquo;formiguinha&rdquo;.</p>\r\n\r\n<p>Atrav&eacute;s de dedica&ccedil;&atilde;o, para oferecer o conte&uacute;do mais pr&aacute;tico e completo poss&iacute;vel, trabalharemos sempre em melhorias na distribui&ccedil;&atilde;o do conte&uacute;do em nosso portal, com o objetivo de a<strong>tingir e auxiliar o m&aacute;ximo de pessoas poss&iacute;vel</strong>.</p>\r\n\r\n<p>Dividido inicialmente em tr&ecirc;s sess&otilde;es (tecnologia, marketing, empreendedorismo e gest&atilde;o), nosso conte&uacute;do abordar&aacute; temas que ter&atilde;o como objetivo principal <strong>melhorar</strong> o <strong>desempenho</strong> de <strong>empresas</strong> e tamb&eacute;m <strong>pessoas</strong>, no <strong>&acirc;mbito profissional</strong>.</p>\r\n\r\n<p>Oferecemos tamb&eacute;m oportunidades para estudantes e profissionais, que desejam se tornar colunistas, compartilhar conhecimento e auxiliar outras pessoas.</p>\r\n\r\n<p>Caso voc&ecirc; tenha o interesse e deseja conhecer melhor sobre o assunto, envie seu curr&iacute;culo para o endere&ccedil;o de e-mail abaixo, com o assunto &ldquo;<strong>QUERO ME TORNAR COLUNISTA</strong>&rdquo;. &nbsp;</p>\r\n\r\n<p>E-MAIL: contato@crescernaweb.com.br</p>\r\n\r\n<p>Um grande abra&ccedil;o,</p>\r\n\r\n<p>Andr&eacute; Lu&iacute;s</p>\r\n', 1, 1, 'Y', '2016-09-23 08:32:01', '2016-09-23 08:32:01', 'Y', 1),
	(15, 'Disseminar conhecimento que transforma vidas...', NULL, 'Disseminar conhecimento que transforma vidas...', '<p>Ol&aacute;, como vai? Tudo bem? Meu nome &eacute; Andr&eacute; e sou o idealizador e um dos fundadores do projeto Crescer na Web.</p>\r\n\r\n<p>Se voc&ecirc; caiu nesta p&aacute;gina, com certeza est&aacute; interessado em saber mais informa&ccedil;&otilde;es sobre esse projeto.</p>\r\n\r\n<p>Antes de come&ccedil;ar, por&eacute;m, gostaria de deixar algumas indaga&ccedil;&otilde;es:</p>\r\n\r\n<blockquote>\r\n<p>- Voc&ecirc; j&aacute; reparou na dificuldade que profissionais rec&eacute;m formados e inexperientes possuem para entrar no mercado de trabalho?<br />\r\n<br />\r\n- Voc&ecirc; j&aacute; reparou na quantidade de empresas que morrem todos os dias, no Brasil?<br />\r\n<br />\r\n- Voc&ecirc; j&aacute; tentou montar um neg&oacute;cio e deu errado? Ou deseja abrir um e n&atilde;o tem ideia de como fazer isso?</p>\r\n</blockquote>\r\n\r\n<p>Caso voc&ecirc; tenha feito <strong>qualquer uma</strong> dessas <strong>indaga&ccedil;&otilde;es</strong> acima, este portal &eacute; <strong>para voc&ecirc;</strong>!</p>\r\n\r\n<p>O projeto <strong>Crescer na Web</strong> nasceu com a miss&atilde;o de promover o desenvolvimento social sustent&aacute;vel atrav&eacute;s da dissemina&ccedil;&atilde;o de conhecimento relevante para o crescimento profissional de pessoas e organiza&ccedil;&otilde;es.</p>\r\n\r\n<p>Nossa proposta &eacute; construir, atrav&eacute;s deste canal, um <strong>guia</strong> que <strong>ajudar&aacute; pessoas</strong>, sejam elas estudantes rec&eacute;m formados, empreendedores, empres&aacute;rios, ou mesmo pessoas comuns, que simplesmente almejam a melhora da renda familiar, a <strong>alavancar</strong> <strong>carreiras</strong>, <strong>neg&oacute;cios</strong> e <strong>oportunidades</strong>.</p>\r\n\r\n<p>Os desafios s&atilde;o muitos, mais estamos dispostos a fazer esse trabalho de &ldquo;formiguinha&rdquo;.</p>\r\n\r\n<p>Atrav&eacute;s de dedica&ccedil;&atilde;o, para oferecer o conte&uacute;do mais pr&aacute;tico e completo poss&iacute;vel, trabalharemos sempre em melhorias na distribui&ccedil;&atilde;o do conte&uacute;do em nosso portal, com o objetivo de a<strong>tingir e auxiliar o m&aacute;ximo de pessoas poss&iacute;vel</strong>.<br />\r\n&nbsp;</p>\r\n\r\n<p>Dividido inicialmente em tr&ecirc;s sess&otilde;es (tecnologia, marketing, empreendedorismo e gest&atilde;o), nosso conte&uacute;do abordar&aacute; temas que ter&atilde;o como objetivo principal <strong>melhorar</strong> o <strong>desempenho</strong> de <strong>empresas</strong> e tamb&eacute;m <strong>pessoas</strong>, no <strong>&acirc;mbito profissional</strong>.<br />\r\n&nbsp;</p>\r\n\r\n<p>Oferecemos tamb&eacute;m oportunidades para estudantes e profissionais, que desejam se tornar colunistas, compartilhar conhecimento e auxiliar outras pessoas.</p>\r\n\r\n<p><br />\r\nCaso voc&ecirc; tenha o interesse e deseja conhecer melhor sobre o assunto, envie seu curr&iacute;culo para o endere&ccedil;o de e-mail abaixo, com o assunto &ldquo;<strong>QUERO ME TORNAR COLUNISTA</strong>&rdquo;. &nbsp;<br />\r\n&nbsp;</p>\r\n\r\n<p>E-MAIL: contato@crescernaweb.com.br</p>\r\n\r\n<p>Um grande abra&ccedil;o,</p>\r\n\r\n<p>Andr&eacute; Lu&iacute;s</p>\r\n', 1, 1, 'Y', '2016-09-25 18:26:07', '2016-09-25 18:26:07', 'Y', 1),
	(16, 'Disseminar conhecimento que transforma vidas...', NULL, 'Disseminar conhecimento que transforma vidas...', '<p>Ol&aacute;, como vai? Tudo bem? Meu nome &eacute; Andr&eacute; e sou o idealizador e um dos fundadores do projeto Crescer na Web.</p>\r\n\r\n<p>Se voc&ecirc; caiu nesta p&aacute;gina, com certeza est&aacute; interessado em saber mais informa&ccedil;&otilde;es sobre esse projeto.</p>\r\n\r\n<p>Antes de come&ccedil;ar, por&eacute;m, gostaria de deixar algumas indaga&ccedil;&otilde;es:</p>\r\n\r\n<blockquote>\r\n<p>- Voc&ecirc; j&aacute; reparou na dificuldade que profissionais rec&eacute;m formados e inexperientes possuem para entrar no mercado de trabalho?<br />\r\n- Voc&ecirc; j&aacute; reparou na quantidade de empresas que morrem todos os dias, no Brasil?<br />\r\n- Voc&ecirc; j&aacute; tentou montar um neg&oacute;cio e deu errado? Ou deseja abrir um e n&atilde;o tem ideia de como fazer isso?</p>\r\n</blockquote>\r\n\r\n<p>Caso voc&ecirc; tenha feito <strong>qualquer uma</strong> dessas <strong>indaga&ccedil;&otilde;es</strong> acima, este portal &eacute; <strong>para voc&ecirc;</strong>!</p>\r\n\r\n<p>O projeto <strong>Crescer na Web</strong> nasceu com a miss&atilde;o de promover o desenvolvimento social sustent&aacute;vel atrav&eacute;s da dissemina&ccedil;&atilde;o de conhecimento relevante para o crescimento profissional de pessoas e organiza&ccedil;&otilde;es.</p>\r\n\r\n<p>Nossa proposta &eacute; construir, atrav&eacute;s deste canal, um <strong>guia</strong> que <strong>ajudar&aacute; pessoas</strong>, sejam elas estudantes rec&eacute;m formados, empreendedores, empres&aacute;rios, ou mesmo pessoas comuns, que simplesmente almejam a melhora da renda familiar, a <strong>alavancar</strong> <strong>carreiras</strong>, <strong>neg&oacute;cios</strong> e <strong>oportunidades</strong>.</p>\r\n\r\n<p>Os desafios s&atilde;o muitos, mais estamos dispostos a fazer esse trabalho de &ldquo;formiguinha&rdquo;.</p>\r\n\r\n<p>Atrav&eacute;s de dedica&ccedil;&atilde;o, para oferecer o conte&uacute;do mais pr&aacute;tico e completo poss&iacute;vel, trabalharemos sempre em melhorias na distribui&ccedil;&atilde;o do conte&uacute;do em nosso portal, com o objetivo de a<strong>tingir e auxiliar o m&aacute;ximo de pessoas poss&iacute;vel</strong>.<br />\r\n&nbsp;</p>\r\n\r\n<p>Dividido inicialmente em tr&ecirc;s sess&otilde;es (tecnologia, marketing, empreendedorismo e gest&atilde;o), nosso conte&uacute;do abordar&aacute; temas que ter&atilde;o como objetivo principal <strong>melhorar</strong> o <strong>desempenho</strong> de <strong>empresas</strong> e tamb&eacute;m <strong>pessoas</strong>, no <strong>&acirc;mbito profissional</strong>.<br />\r\n&nbsp;</p>\r\n\r\n<p>Oferecemos tamb&eacute;m oportunidades para estudantes e profissionais, que desejam se tornar colunistas, compartilhar conhecimento e auxiliar outras pessoas.</p>\r\n\r\n<p><br />\r\nCaso voc&ecirc; tenha o interesse e deseja conhecer melhor sobre o assunto, envie seu curr&iacute;culo para o endere&ccedil;o de e-mail abaixo, com o assunto &ldquo;<strong>QUERO ME TORNAR COLUNISTA</strong>&rdquo;. &nbsp;<br />\r\n&nbsp;</p>\r\n\r\n<p>E-MAIL: contato@crescernaweb.com.br</p>\r\n\r\n<p>Um grande abra&ccedil;o,</p>\r\n\r\n<p>Andr&eacute; Lu&iacute;s</p>\r\n', 1, 1, 'Y', '2016-09-25 18:27:00', '2016-09-25 18:27:00', 'Y', 1),
	(17, 'Disseminar conhecimento que transforma vidas...', NULL, 'Disseminar conhecimento que transforma vidas...', '<p>Ol&aacute;, como vai? Tudo bem? Meu nome &eacute; Andr&eacute; e sou o idealizador e um dos fundadores do projeto Crescer na Web.</p>\r\n\r\n<p>Se voc&ecirc; caiu nesta p&aacute;gina, com certeza est&aacute; interessado em saber mais informa&ccedil;&otilde;es sobre esse projeto.</p>\r\n\r\n<p>Antes de come&ccedil;ar, por&eacute;m, gostaria de deixar algumas indaga&ccedil;&otilde;es:</p>\r\n\r\n<blockquote>\r\n<p>Voc&ecirc; j&aacute; reparou na dificuldade que profissionais rec&eacute;m formados e inexperientes possuem para entrar no mercado de trabalho?<br />\r\nVoc&ecirc; j&aacute; reparou na quantidade de empresas que morrem todos os dias, no Brasil?<br />\r\nVoc&ecirc; j&aacute; tentou montar um neg&oacute;cio e deu errado? Ou deseja abrir um e n&atilde;o tem ideia de como fazer isso?</p>\r\n</blockquote>\r\n\r\n<p>Caso voc&ecirc; tenha feito <strong>qualquer uma</strong> dessas <strong>indaga&ccedil;&otilde;es</strong> acima, este portal &eacute; <strong>para voc&ecirc;</strong>!</p>\r\n\r\n<p>O projeto <strong>Crescer na Web</strong> nasceu com a miss&atilde;o de promover o desenvolvimento social sustent&aacute;vel atrav&eacute;s da dissemina&ccedil;&atilde;o de conhecimento relevante para o crescimento profissional de pessoas e organiza&ccedil;&otilde;es.</p>\r\n\r\n<p>Nossa proposta &eacute; construir, atrav&eacute;s deste canal, um <strong>guia</strong> que <strong>ajudar&aacute; pessoas</strong>, sejam elas estudantes rec&eacute;m formados, empreendedores, empres&aacute;rios, ou mesmo pessoas comuns, que simplesmente almejam a melhora da renda familiar, a <strong>alavancar</strong> <strong>carreiras</strong>, <strong>neg&oacute;cios</strong> e <strong>oportunidades</strong>.</p>\r\n\r\n<p>Os desafios s&atilde;o muitos, mais estamos dispostos a fazer esse trabalho de &ldquo;formiguinha&rdquo;.</p>\r\n\r\n<p>Atrav&eacute;s de dedica&ccedil;&atilde;o, para oferecer o conte&uacute;do mais pr&aacute;tico e completo poss&iacute;vel, trabalharemos sempre em melhorias na distribui&ccedil;&atilde;o do conte&uacute;do em nosso portal, com o objetivo de a<strong>tingir e auxiliar o m&aacute;ximo de pessoas poss&iacute;vel</strong>.<br />\r\n&nbsp;</p>\r\n\r\n<p>Dividido inicialmente em tr&ecirc;s sess&otilde;es (tecnologia, marketing, empreendedorismo e gest&atilde;o), nosso conte&uacute;do abordar&aacute; temas que ter&atilde;o como objetivo principal <strong>melhorar</strong> o <strong>desempenho</strong> de <strong>empresas</strong> e tamb&eacute;m <strong>pessoas</strong>, no <strong>&acirc;mbito profissional</strong>.<br />\r\n&nbsp;</p>\r\n\r\n<p>Oferecemos tamb&eacute;m oportunidades para estudantes e profissionais, que desejam se tornar colunistas, compartilhar conhecimento e auxiliar outras pessoas.</p>\r\n\r\n<p><br />\r\nCaso voc&ecirc; tenha o interesse e deseja conhecer melhor sobre o assunto, envie seu curr&iacute;culo para o endere&ccedil;o de e-mail abaixo, com o assunto &ldquo;<strong>QUERO ME TORNAR COLUNISTA</strong>&rdquo;. &nbsp;<br />\r\n&nbsp;</p>\r\n\r\n<p>E-MAIL: contato@crescernaweb.com.br</p>\r\n\r\n<p>Um grande abra&ccedil;o,</p>\r\n\r\n<p>Andr&eacute; Lu&iacute;s</p>\r\n', 1, 1, 'Y', '2016-09-25 18:27:27', '2016-09-25 18:27:27', 'Y', 1),
	(18, 'Disseminar conhecimento que transforma vidas...', NULL, 'Disseminar conhecimento que transforma vidas...', '<p>Ol&aacute;, como vai? Tudo bem? Meu nome &eacute; Andr&eacute; e sou o idealizador e um dos fundadores do projeto Crescer na Web.</p>\r\n\r\n<p>Se voc&ecirc; caiu nesta p&aacute;gina, com certeza est&aacute; interessado em saber mais informa&ccedil;&otilde;es sobre esse projeto.</p>\r\n\r\n<p><br />\r\nAntes de come&ccedil;ar, por&eacute;m, gostaria de deixar algumas indaga&ccedil;&otilde;es:</p>\r\n\r\n<blockquote>\r\n<p>Voc&ecirc; j&aacute; reparou na dificuldade que profissionais rec&eacute;m formados e inexperientes possuem para entrar no mercado de trabalho?<br />\r\nVoc&ecirc; j&aacute; reparou na quantidade de empresas que morrem todos os dias, no Brasil?<br />\r\nVoc&ecirc; j&aacute; tentou montar um neg&oacute;cio e deu errado? Ou deseja abrir um e n&atilde;o tem ideia de como fazer isso?</p>\r\n</blockquote>\r\n\r\n<p>Caso voc&ecirc; tenha feito <strong>qualquer uma</strong> dessas <strong>indaga&ccedil;&otilde;es</strong> acima, este portal &eacute; <strong>para voc&ecirc;</strong>!</p>\r\n\r\n<p>O projeto <strong>Crescer na Web</strong> nasceu com a miss&atilde;o de promover o desenvolvimento social sustent&aacute;vel atrav&eacute;s da dissemina&ccedil;&atilde;o de conhecimento relevante para o crescimento profissional de pessoas e organiza&ccedil;&otilde;es.</p>\r\n\r\n<p>Nossa proposta &eacute; construir, atrav&eacute;s deste canal, um <strong>guia</strong> que <strong>ajudar&aacute; pessoas</strong>, sejam elas estudantes rec&eacute;m formados, empreendedores, empres&aacute;rios, ou mesmo pessoas comuns, que simplesmente almejam a melhora da renda familiar, a <strong>alavancar</strong> <strong>carreiras</strong>, <strong>neg&oacute;cios</strong> e <strong>oportunidades</strong>.</p>\r\n\r\n<p>Os desafios s&atilde;o muitos, mais estamos dispostos a fazer esse trabalho de &ldquo;formiguinha&rdquo;.</p>\r\n\r\n<p>Atrav&eacute;s de dedica&ccedil;&atilde;o, para oferecer o conte&uacute;do mais pr&aacute;tico e completo poss&iacute;vel, trabalharemos sempre em melhorias na distribui&ccedil;&atilde;o do conte&uacute;do em nosso portal, com o objetivo de a<strong>tingir e auxiliar o m&aacute;ximo de pessoas poss&iacute;vel</strong>.<br />\r\n&nbsp;</p>\r\n\r\n<p>Dividido inicialmente em tr&ecirc;s sess&otilde;es (tecnologia, marketing, empreendedorismo e gest&atilde;o), nosso conte&uacute;do abordar&aacute; temas que ter&atilde;o como objetivo principal <strong>melhorar</strong> o <strong>desempenho</strong> de <strong>empresas</strong> e tamb&eacute;m <strong>pessoas</strong>, no <strong>&acirc;mbito profissional</strong>.<br />\r\n&nbsp;</p>\r\n\r\n<p>Oferecemos tamb&eacute;m oportunidades para estudantes e profissionais, que desejam se tornar colunistas, compartilhar conhecimento e auxiliar outras pessoas.</p>\r\n\r\n<p><br />\r\nCaso voc&ecirc; tenha o interesse e deseja conhecer melhor sobre o assunto, envie seu curr&iacute;culo para o endere&ccedil;o de e-mail abaixo, com o assunto &ldquo;<strong>QUERO ME TORNAR COLUNISTA</strong>&rdquo;. &nbsp;<br />\r\n&nbsp;</p>\r\n\r\n<p>E-MAIL: contato@crescernaweb.com.br</p>\r\n\r\n<p>Um grande abra&ccedil;o,</p>\r\n\r\n<p>Andr&eacute; Lu&iacute;s</p>\r\n', 1, 1, 'Y', '2016-09-25 18:27:49', '2016-09-25 18:27:49', 'Y', 1),
	(19, 'Disseminar conhecimento que transforma vidas...', NULL, 'Disseminar conhecimento que transforma vidas...', '<p>Ol&aacute;, como vai? Tudo bem? Meu nome &eacute; Andr&eacute; e sou o idealizador e um dos fundadores do projeto Crescer na Web.</p>\r\n\r\n<p>Se voc&ecirc; caiu nesta p&aacute;gina, com certeza est&aacute; interessado em saber mais informa&ccedil;&otilde;es sobre esse projeto.</p>\r\n\r\n<p><br />\r\nAntes de come&ccedil;ar, por&eacute;m, gostaria de deixar algumas indaga&ccedil;&otilde;es:</p>\r\n\r\n<blockquote>\r\n<p>Voc&ecirc; j&aacute; reparou na dificuldade que profissionais rec&eacute;m formados e inexperientes possuem para entrar no mercado de trabalho?<br />\r\nVoc&ecirc; j&aacute; reparou na quantidade de empresas que morrem todos os dias, no Brasil?<br />\r\nVoc&ecirc; j&aacute; tentou montar um neg&oacute;cio e deu errado? Ou deseja abrir um e n&atilde;o tem ideia de como fazer isso?</p>\r\n</blockquote>\r\n\r\n<p>Caso voc&ecirc; tenha feito <strong>qualquer uma</strong> dessas <strong>indaga&ccedil;&otilde;es</strong> acima, este portal &eacute; <strong>para voc&ecirc;</strong>!</p>\r\n\r\n<p>O projeto <strong>Crescer na Web</strong> nasceu com a miss&atilde;o de promover o desenvolvimento social sustent&aacute;vel atrav&eacute;s da dissemina&ccedil;&atilde;o de conhecimento relevante para o crescimento profissional de pessoas e organiza&ccedil;&otilde;es.<br />\r\n<br />\r\nNossa proposta &eacute; construir, atrav&eacute;s deste canal, um <strong>guia</strong> que <strong>ajudar&aacute; pessoas</strong>, sejam elas estudantes rec&eacute;m formados, empreendedores, empres&aacute;rios, ou mesmo pessoas comuns, que simplesmente almejam a melhora da renda familiar, a <strong>alavancar</strong> <strong>carreiras</strong>, <strong>neg&oacute;cios</strong> e <strong>oportunidades</strong>.<br />\r\n<br />\r\nOs desafios s&atilde;o muitos, mais estamos dispostos a fazer esse trabalho de &ldquo;formiguinha&rdquo;.<br />\r\n&nbsp;</p>\r\n\r\n<p>Atrav&eacute;s de dedica&ccedil;&atilde;o, para oferecer o conte&uacute;do mais pr&aacute;tico e completo poss&iacute;vel, trabalharemos sempre em melhorias na distribui&ccedil;&atilde;o do conte&uacute;do em nosso portal, com o objetivo de a<strong>tingir e auxiliar o m&aacute;ximo de pessoas poss&iacute;vel</strong>.<br />\r\n&nbsp;</p>\r\n\r\n<p>Dividido inicialmente em tr&ecirc;s sess&otilde;es (tecnologia, marketing, empreendedorismo e gest&atilde;o), nosso conte&uacute;do abordar&aacute; temas que ter&atilde;o como objetivo principal <strong>melhorar</strong> o <strong>desempenho</strong> de <strong>empresas</strong> e tamb&eacute;m <strong>pessoas</strong>, no <strong>&acirc;mbito profissional</strong>.<br />\r\n&nbsp;</p>\r\n\r\n<p>Oferecemos tamb&eacute;m oportunidades para estudantes e profissionais, que desejam se tornar colunistas, compartilhar conhecimento e auxiliar outras pessoas.</p>\r\n\r\n<p><br />\r\nCaso voc&ecirc; tenha o interesse e deseja conhecer melhor sobre o assunto, envie seu curr&iacute;culo para o endere&ccedil;o de e-mail abaixo, com o assunto &ldquo;<strong>QUERO ME TORNAR COLUNISTA</strong>&rdquo;. &nbsp;<br />\r\n&nbsp;</p>\r\n\r\n<p>E-MAIL: contato@crescernaweb.com.br</p>\r\n\r\n<p>Um grande abra&ccedil;o,</p>\r\n\r\n<p>Andr&eacute; Lu&iacute;s</p>\r\n', 1, 1, 'Y', '2016-09-25 18:28:22', '2016-09-25 18:28:22', 'Y', 1),
	(20, 'Disseminar conhecimento que transforma vidas...', NULL, 'Disseminar conhecimento que transforma vidas...', '<p>Ol&aacute;, como vai? Tudo bem? Meu nome &eacute; <strong>Andr&eacute; Lu&iacute;s</strong> e sou o idealizador e um dos fundadores do projeto Crescer na Web.</p>\r\n\r\n<p>Se voc&ecirc; caiu nesta p&aacute;gina, com certeza est&aacute; interessado em saber mais informa&ccedil;&otilde;es sobre esse projeto.</p>\r\n\r\n<p><br />\r\nAntes de come&ccedil;ar, por&eacute;m, gostaria de deixar algumas indaga&ccedil;&otilde;es:</p>\r\n\r\n<blockquote>\r\n<p>Voc&ecirc; j&aacute; reparou na dificuldade que profissionais rec&eacute;m formados e inexperientes possuem para entrar no mercado de trabalho?<br />\r\nVoc&ecirc; j&aacute; reparou na quantidade de empresas que morrem todos os dias, no Brasil?<br />\r\nVoc&ecirc; j&aacute; tentou montar um neg&oacute;cio e deu errado? Ou deseja abrir um e n&atilde;o tem ideia de como fazer isso?</p>\r\n</blockquote>\r\n\r\n<p>Caso voc&ecirc; tenha feito <strong>qualquer uma</strong> dessas <strong>indaga&ccedil;&otilde;es</strong> acima, este portal &eacute; <strong>para voc&ecirc;</strong>!</p>\r\n\r\n<p>O projeto <strong>Crescer na Web</strong> nasceu com a miss&atilde;o de promover o desenvolvimento social sustent&aacute;vel atrav&eacute;s da dissemina&ccedil;&atilde;o de conhecimento relevante para o crescimento profissional de pessoas e organiza&ccedil;&otilde;es.<br />\r\n<br />\r\nNossa proposta &eacute; construir, atrav&eacute;s deste canal, um <strong>guia</strong> que <strong>ajudar&aacute; pessoas</strong>, sejam elas estudantes rec&eacute;m formados, empreendedores, empres&aacute;rios, ou mesmo pessoas comuns, que simplesmente almejam a melhora da renda familiar, a <strong>alavancar</strong> <strong>carreiras</strong>, <strong>neg&oacute;cios</strong> e <strong>oportunidades</strong>.<br />\r\n<br />\r\nOs desafios s&atilde;o muitos, mais estamos dispostos a fazer esse trabalho de &ldquo;formiguinha&rdquo;.<br />\r\n&nbsp;</p>\r\n\r\n<p>Atrav&eacute;s de dedica&ccedil;&atilde;o, para oferecer o conte&uacute;do mais pr&aacute;tico e completo poss&iacute;vel, trabalharemos sempre em melhorias na distribui&ccedil;&atilde;o do conte&uacute;do em nosso portal, com o objetivo de a<strong>tingir e auxiliar o m&aacute;ximo de pessoas poss&iacute;vel</strong>.<br />\r\n&nbsp;</p>\r\n\r\n<p>Dividido inicialmente em tr&ecirc;s sess&otilde;es (tecnologia, marketing, empreendedorismo e gest&atilde;o), nosso conte&uacute;do abordar&aacute; temas que ter&atilde;o como objetivo principal <strong>melhorar</strong> o <strong>desempenho</strong> de <strong>empresas</strong> e tamb&eacute;m <strong>pessoas</strong>, no <strong>&acirc;mbito profissional</strong>.<br />\r\n&nbsp;</p>\r\n\r\n<p>Oferecemos tamb&eacute;m oportunidades para estudantes e profissionais, que desejam se tornar colunistas, compartilhar conhecimento e auxiliar outras pessoas.</p>\r\n\r\n<p><br />\r\nCaso voc&ecirc; tenha o interesse e deseja conhecer melhor sobre o assunto, envie seu curr&iacute;culo para o endere&ccedil;o de e-mail abaixo, com o assunto &ldquo;<strong>QUERO ME TORNAR COLUNISTA</strong>&rdquo;. &nbsp;<br />\r\n&nbsp;</p>\r\n\r\n<p>E-MAIL: contato@crescernaweb.com.br</p>\r\n\r\n<p>Um grande abra&ccedil;o,</p>\r\n\r\n<p>Andr&eacute; Lu&iacute;s</p>\r\n', 1, 1, 'N', '2016-09-25 18:28:58', '2016-09-25 18:28:58', 'Y', 1);
/*!40000 ALTER TABLE `cw_postagens` ENABLE KEYS */;


-- Copiando estrutura para tabela crescernaweb1.cw_sugestaos
DROP TABLE IF EXISTS `cw_sugestaos`;
CREATE TABLE IF NOT EXISTS `cw_sugestaos` (
  `id` int(11) NOT NULL AUTO_INCREMENT,
  `nome` varchar(150) DEFAULT NULL,
  `tipo` varchar(3) DEFAULT NULL,
  `mensagem` text,
  `created` datetime DEFAULT NULL,
  `readfor` int(11) DEFAULT NULL,
  `read` char(1) DEFAULT 'N',
  `area_id` int(11) NOT NULL,
  PRIMARY KEY (`id`,`area_id`),
  KEY `fk_pav_sugestaos_pav_areas1` (`area_id`),
  CONSTRAINT `fk_pav_sugestaos_pav_areas1` FOREIGN KEY (`area_id`) REFERENCES `cw_areas` (`id`) ON DELETE NO ACTION ON UPDATE NO ACTION
) ENGINE=InnoDB DEFAULT CHARSET=utf8;

-- Copiando dados para a tabela crescernaweb1.cw_sugestaos: ~0 rows (aproximadamente)
/*!40000 ALTER TABLE `cw_sugestaos` DISABLE KEYS */;
/*!40000 ALTER TABLE `cw_sugestaos` ENABLE KEYS */;


-- Copiando estrutura para tabela crescernaweb1.destinatarios
DROP TABLE IF EXISTS `destinatarios`;
CREATE TABLE IF NOT EXISTS `destinatarios` (
  `id` int(11) NOT NULL AUTO_INCREMENT,
  `formulario_id` int(11) NOT NULL,
  `mail` text NOT NULL,
  `cc` text,
  `cco` text,
  `modifiedby` int(11) DEFAULT NULL,
  `modified` datetime DEFAULT NULL,
  PRIMARY KEY (`id`,`formulario_id`),
  KEY `fk_destinatarios_formularios1` (`formulario_id`)
) ENGINE=InnoDB AUTO_INCREMENT=5 DEFAULT CHARSET=utf8;

-- Copiando dados para a tabela crescernaweb1.destinatarios: ~4 rows (aproximadamente)
/*!40000 ALTER TABLE `destinatarios` DISABLE KEYS */;
INSERT INTO `destinatarios` (`id`, `formulario_id`, `mail`, `cc`, `cco`, `modifiedby`, `modified`) VALUES
	(1, 1, 'contato@crescernaweb.com.br', 'alocosta29@gmail.com', '', NULL, NULL),
	(2, 2, 'contato@crescernaweb.com.br', 'alocosta29@gmail.com', '', NULL, NULL),
	(3, 3, 'contato@crescernaweb.com.br', 'alocosta29@gmail.com', '', NULL, NULL),
	(4, 4, 'contato@crescernaweb.com.br', 'alocosta29@gmail.com', '', NULL, NULL);
/*!40000 ALTER TABLE `destinatarios` ENABLE KEYS */;


-- Copiando estrutura para tabela crescernaweb1.formularios
DROP TABLE IF EXISTS `formularios`;
CREATE TABLE IF NOT EXISTS `formularios` (
  `id` int(11) NOT NULL AUTO_INCREMENT,
  `nome` varchar(100) DEFAULT NULL,
  PRIMARY KEY (`id`)
) ENGINE=InnoDB AUTO_INCREMENT=3 DEFAULT CHARSET=utf8;

-- Copiando dados para a tabela crescernaweb1.formularios: ~2 rows (aproximadamente)
/*!40000 ALTER TABLE `formularios` DISABLE KEYS */;
INSERT INTO `formularios` (`id`, `nome`) VALUES
	(1, 'Contato'),
	(2, 'Solicitação de orçamento');
/*!40000 ALTER TABLE `formularios` ENABLE KEYS */;


-- Copiando estrutura para tabela crescernaweb1.holidays
DROP TABLE IF EXISTS `holidays`;
CREATE TABLE IF NOT EXISTS `holidays` (
  `id` int(11) NOT NULL AUTO_INCREMENT,
  `data` date DEFAULT NULL,
  `descricao` varchar(200) DEFAULT NULL,
  `created` datetime DEFAULT NULL,
  `createdby` int(11) NOT NULL,
  `modified` datetime DEFAULT NULL,
  `modifiedby` int(11) NOT NULL,
  `isactive` char(1) NOT NULL DEFAULT 'Y',
  `isdeleted` char(1) NOT NULL DEFAULT 'N',
  PRIMARY KEY (`id`)
) ENGINE=InnoDB DEFAULT CHARSET=utf8;

-- Copiando dados para a tabela crescernaweb1.holidays: ~0 rows (aproximadamente)
/*!40000 ALTER TABLE `holidays` DISABLE KEYS */;
/*!40000 ALTER TABLE `holidays` ENABLE KEYS */;


-- Copiando estrutura para tabela crescernaweb1.individuals
DROP TABLE IF EXISTS `individuals`;
CREATE TABLE IF NOT EXISTS `individuals` (
  `id` int(11) NOT NULL AUTO_INCREMENT,
  `person_id` int(11) NOT NULL,
  `nome` varchar(100) DEFAULT NULL,
  `identidade` varchar(20) DEFAULT NULL,
  `orgao_expedidor` varchar(20) DEFAULT NULL,
  `rg_data_expedicao` date DEFAULT NULL,
  `cpf` varchar(20) DEFAULT NULL,
  `data_nascimento` date DEFAULT NULL,
  `sexo` char(1) DEFAULT NULL,
  `nacionalidade` varchar(200) DEFAULT NULL,
  `naturalidade` varchar(200) DEFAULT NULL,
  `nome_mae` varchar(200) DEFAULT NULL,
  `nome_pai` varchar(200) DEFAULT NULL,
  `created` datetime DEFAULT NULL,
  `createdby` int(11) NOT NULL,
  `modified` datetime DEFAULT NULL,
  `modifiedby` int(11) NOT NULL,
  `isactive` char(1) NOT NULL DEFAULT 'Y',
  `isdeleted` char(1) NOT NULL DEFAULT 'N',
  PRIMARY KEY (`id`,`person_id`),
  UNIQUE KEY `identidade_UNIQUE` (`identidade`),
  UNIQUE KEY `cpf_UNIQUE` (`cpf`),
  KEY `fk_fisicas_pessoas1` (`person_id`)
) ENGINE=InnoDB AUTO_INCREMENT=22 DEFAULT CHARSET=utf8;

-- Copiando dados para a tabela crescernaweb1.individuals: ~4 rows (aproximadamente)
/*!40000 ALTER TABLE `individuals` DISABLE KEYS */;
INSERT INTO `individuals` (`id`, `person_id`, `nome`, `identidade`, `orgao_expedidor`, `rg_data_expedicao`, `cpf`, `data_nascimento`, `sexo`, `nacionalidade`, `naturalidade`, `nome_mae`, `nome_pai`, `created`, `createdby`, `modified`, `modifiedby`, `isactive`, `isdeleted`) VALUES
	(1, 1, 'André Luís de Oliveira', '11150256', 'SSP MG', '1997-01-27', '05221413663', '1981-05-29', 'M', 'Brasileiro', 'Juiz de Fora', 'Terezinha Helena de Oliveira Costa', 'Moacir Pereira Costa', '2014-03-26 15:36:33', 16, '2016-03-17 09:04:24', 1, 'Y', 'N'),
	(19, 61, 'Eduardo Junior', NULL, NULL, NULL, '01260693368', '1983-06-04', NULL, NULL, NULL, NULL, NULL, '2016-06-04 10:14:09', 1, '2016-06-04 10:14:09', 1, 'Y', 'N'),
	(20, 62, 'Marco Aurélio', NULL, NULL, NULL, '29024245150', '1987-06-04', NULL, NULL, NULL, NULL, NULL, '2016-06-04 10:15:16', 1, '2016-06-04 10:15:16', 1, 'Y', 'N'),
	(21, 63, 'Carlos Vinicius', NULL, NULL, NULL, '77821857009', '1984-06-05', NULL, NULL, NULL, NULL, NULL, '2016-06-05 18:31:12', 1, '2016-06-05 18:31:12', 1, 'Y', 'N');
/*!40000 ALTER TABLE `individuals` ENABLE KEYS */;


-- Copiando estrutura para tabela crescernaweb1.menugroups
DROP TABLE IF EXISTS `menugroups`;
CREATE TABLE IF NOT EXISTS `menugroups` (
  `id` int(11) NOT NULL AUTO_INCREMENT,
  `grupo` varchar(200) DEFAULT NULL,
  `parent_id` int(11) DEFAULT NULL,
  `isdeleted` varchar(45) DEFAULT 'N',
  `created` datetime DEFAULT NULL,
  `createdby` int(11) DEFAULT NULL,
  `modified` datetime DEFAULT NULL,
  `modifiedby` int(11) DEFAULT NULL,
  `ordem` int(11) DEFAULT NULL,
  `main_menu` char(1) DEFAULT 'Y',
  PRIMARY KEY (`id`)
) ENGINE=InnoDB AUTO_INCREMENT=36 DEFAULT CHARSET=utf8;

-- Copiando dados para a tabela crescernaweb1.menugroups: ~27 rows (aproximadamente)
/*!40000 ALTER TABLE `menugroups` DISABLE KEYS */;
INSERT INTO `menugroups` (`id`, `grupo`, `parent_id`, `isdeleted`, `created`, `createdby`, `modified`, `modifiedby`, `ordem`, `main_menu`) VALUES
	(1, 'Sistema', NULL, 'N', '2014-01-07 17:31:22', 19, '2014-01-07 17:31:22', 19, 10, 'Y'),
	(4, 'Feriados', 1, 'N', '2014-01-27 16:08:31', 19, '2014-02-18 13:30:12', 19, 1, 'Y'),
	(5, 'Grupos', 1, 'N', '2014-01-27 16:08:57', 19, '2014-01-27 16:08:57', 19, 2, 'Y'),
	(7, 'teste', 1, 'N', '2014-02-20 13:01:03', 19, '2014-02-20 13:01:03', 19, 3, 'Y'),
	(8, 'Menu', 1, 'N', '2014-02-21 10:01:30', 19, '2014-02-21 10:01:30', 19, 3, 'Y'),
	(13, 'Projetos', 9, 'N', '2015-03-14 08:40:13', 1, '2015-03-14 08:40:13', 1, 4, 'Y'),
	(14, 'Artigos', NULL, 'N', '2015-03-16 20:31:37', 1, '2015-03-16 20:31:37', 1, 2, 'Y'),
	(15, 'Upload de arquivos', NULL, 'N', '2015-04-01 19:49:58', 1, '2015-04-01 19:53:34', 1, 3, 'Y'),
	(17, 'Emails', NULL, 'N', '2015-04-22 07:17:28', 1, '2015-04-22 07:17:28', 1, 3, 'Y'),
	(18, 'Usuários', 1, 'N', '2015-06-18 11:30:23', 1, '2015-06-18 11:30:23', 1, 1, 'Y'),
	(19, 'Mensagens', NULL, 'N', '2015-07-20 11:32:36', 1, '2015-07-20 11:32:36', 1, 9, 'Y'),
	(20, 'Recebidas', 19, 'N', '2015-07-20 11:33:12', 1, '2015-07-20 11:33:28', 1, 1, 'Y'),
	(21, 'Relatórios', NULL, 'N', '2015-07-21 09:40:50', 1, '2015-07-21 09:40:50', 1, 8, 'Y'),
	(22, 'Setor/Áreas de atuação', 1, 'N', '2015-07-22 11:52:49', 1, '2015-07-23 10:43:08', 1, 4, 'Y'),
	(23, 'Lojas', NULL, 'N', '2015-07-28 11:42:25', 1, '2015-07-28 11:42:25', 1, 7, 'Y'),
	(24, 'Fornecedor', NULL, 'N', '2015-08-17 10:29:05', 1, '2015-08-17 10:31:01', 1, 6, 'Y'),
	(25, 'Promoções', NULL, 'N', '2015-08-20 08:18:46', 1, '2015-08-20 08:18:46', 1, 5, 'Y'),
	(26, 'Produtos', 25, 'N', '2015-08-21 10:03:41', 1, '2015-08-21 10:03:41', 1, 1, 'Y'),
	(27, 'Conteúdo', NULL, 'N', '2015-09-03 11:28:14', 1, '2015-09-03 11:28:14', 1, 4, 'Y'),
	(28, 'Profissionais', 1, 'N', '2015-09-04 09:28:12', 1, '2015-09-04 09:28:12', 1, 5, 'Y'),
	(29, 'Acesso por usuário', 1, 'N', '2016-01-05 21:02:55', 1, '2016-01-12 20:16:29', 1, 1, 'Y'),
	(30, 'Controle de acesso', 1, 'N', '2016-01-12 20:13:35', 1, '2016-01-12 20:14:57', 1, 4, 'Y'),
	(31, 'Configuração de cadernos', 1, 'N', '2016-01-13 15:13:41', 1, '2016-01-13 15:13:41', 1, 4, 'Y'),
	(32, 'Usuários & Permissões', 1, 'N', '2016-01-21 08:34:18', 1, '2016-01-21 08:37:08', 1, 7, 'Y'),
	(33, 'Permissões de grupo', 1, 'N', '2016-01-21 08:37:52', 1, '2016-01-21 08:39:09', 1, 7, 'Y'),
	(34, 'Ajuda', NULL, 'N', '2016-03-29 16:56:04', 1, '2016-03-29 16:56:04', 1, 12, 'Y'),
	(35, 'Marketing', NULL, 'N', '2016-12-03 15:24:12', 1, '2016-12-03 15:24:12', 1, 1, 'Y');
/*!40000 ALTER TABLE `menugroups` ENABLE KEYS */;


-- Copiando estrutura para tabela crescernaweb1.modules
DROP TABLE IF EXISTS `modules`;
CREATE TABLE IF NOT EXISTS `modules` (
  `id` int(11) NOT NULL AUTO_INCREMENT,
  `nome` char(100) NOT NULL,
  `alias` char(100) NOT NULL,
  `created` datetime NOT NULL,
  `createdby` int(11) NOT NULL,
  `modified` datetime NOT NULL,
  `modifiedby` int(11) NOT NULL,
  `isdeleted` char(1) NOT NULL DEFAULT 'N',
  PRIMARY KEY (`id`),
  UNIQUE KEY `alias` (`alias`)
) ENGINE=InnoDB AUTO_INCREMENT=24 DEFAULT CHARSET=utf8;

-- Copiando dados para a tabela crescernaweb1.modules: ~23 rows (aproximadamente)
/*!40000 ALTER TABLE `modules` DISABLE KEYS */;
INSERT INTO `modules` (`id`, `nome`, `alias`, `created`, `createdby`, `modified`, `modifiedby`, `isdeleted`) VALUES
	(1, 'Gerenciamento de usuários', 'usuarios', '2014-01-22 17:06:16', 19, '2015-06-01 16:38:47', 1, 'N'),
	(2, 'Gerenciamento de permissões(acos)', 'permissoes', '2014-01-22 17:33:50', 19, '2014-02-19 14:28:35', 19, 'Y'),
	(3, 'Configurações de sistema', 'sistema', '2014-01-24 11:02:37', 19, '2015-06-01 16:39:30', 1, 'N'),
	(4, 'Site - Gestão de conteúdo', 'gestor-conteudo', '2015-02-19 18:54:07', 1, '2015-07-10 10:53:18', 1, 'N'),
	(5, 'Gestão de conteúdo - Projetos', 'projetos', '2015-03-14 08:38:38', 1, '2015-06-01 16:38:59', 1, 'Y'),
	(6, 'Artigos', 'artigos', '2015-03-16 21:08:15', 1, '2015-07-08 10:50:10', 1, 'N'),
	(7, 'Gerenciamento de upload de arquivos', 'gerenciamento-de-upload-de-arquivos', '2015-04-01 18:59:49', 1, '2015-07-08 10:50:03', 1, 'Y'),
	(8, 'Site - Gerenciamento de e-mails recebidos', 'emails-recebidos', '2015-04-22 07:14:58', 1, '2015-07-10 10:53:11', 1, 'N'),
	(9, 'Sugestões', 'sugestoes', '2015-07-08 10:50:57', 1, '2015-07-10 10:53:02', 1, 'N'),
	(10, 'Gestão de profissionais do ramo da construção', 'profissionais-construcao', '2015-07-08 10:53:31', 1, '2015-11-16 11:46:38', 1, 'Y'),
	(11, 'Site - Gestão de formulários do site', 'formularios-site', '2015-07-08 10:56:48', 1, '2015-07-10 10:52:37', 1, 'N'),
	(12, 'Site - Gestão de lojas', 'gestao-lojas', '2015-07-08 10:57:42', 1, '2015-11-16 11:46:33', 1, 'Y'),
	(13, 'Site - Gestão de fornecedores', 'gestor-fornecedor', '2015-07-08 10:58:37', 1, '2015-11-16 11:46:31', 1, 'Y'),
	(14, 'Site - Gestão de promoções', 'gestor-promocao', '2015-07-08 10:59:55', 1, '2015-08-20 08:42:02', 1, 'Y'),
	(15, 'Controle de acesso', 'controle-acesso', '2015-07-10 10:27:06', 1, '2015-07-10 10:52:09', 1, 'N'),
	(16, 'Relatório de reclamação', 'relatorio-reclamacao', '2015-07-21 09:23:26', 1, '2015-11-16 11:46:25', 1, 'Y'),
	(17, 'Site - Gestão de promoções', 'gestor-promocoes', '2015-08-17 10:16:24', 1, '2015-11-16 11:46:23', 1, 'Y'),
	(18, 'Site - Gestão de produtos', 'gestor-produtos', '2015-08-21 10:01:58', 1, '2015-11-16 11:46:20', 1, 'Y'),
	(19, 'Gerenciamento de pacotes', 'gerenciamento-de-pacotes', '2015-12-26 18:47:03', 1, '2015-12-26 18:47:03', 1, 'N'),
	(20, 'Gerenciamento de cadernos', 'gerenciamento-de-cadernos', '2016-01-13 15:00:41', 1, '2016-01-13 15:00:41', 1, 'N'),
	(21, 'Moderação de caderno', 'moderacao-de-caderno', '2016-04-07 09:09:36', 1, '2016-04-07 09:09:36', 1, 'N'),
	(22, 'Notificações', 'notificacoes', '2016-09-19 21:22:37', 1, '2016-09-19 21:22:37', 1, 'N'),
	(23, 'Marketing', 'marketing', '2016-12-03 15:16:10', 1, '2016-12-03 15:16:10', 1, 'N');
/*!40000 ALTER TABLE `modules` ENABLE KEYS */;


-- Copiando estrutura para tabela crescernaweb1.nt_notifications
DROP TABLE IF EXISTS `nt_notifications`;
CREATE TABLE IF NOT EXISTS `nt_notifications` (
  `id` int(11) NOT NULL AUTO_INCREMENT,
  `system_acronym` char(3) DEFAULT 'SYS',
  `from_user_id` int(11) DEFAULT NULL,
  `to_user_id` int(11) DEFAULT NULL,
  `msg_type` char(1) DEFAULT 'N' COMMENT 'M=Mensagem,N=Notification,C=Chat.',
  `msg_text` text,
  `msg_status` char(1) DEFAULT 'P' COMMENT 'P=Pendente,V=Visualizada,R=Respondida.',
  `visualized` datetime DEFAULT NULL,
  `urltarget` varchar(700) DEFAULT NULL,
  `created` datetime DEFAULT NULL,
  `createdby` int(11) NOT NULL,
  `modified` datetime DEFAULT NULL,
  `modifiedby` int(11) NOT NULL,
  `isactive` char(1) NOT NULL DEFAULT 'Y',
  `isdeleted` char(1) NOT NULL DEFAULT 'N',
  PRIMARY KEY (`id`),
  KEY `idx_tk_notifications_0` (`from_user_id`),
  KEY `idx_tk_notifications_1` (`to_user_id`),
  KEY `FK_nt_notifications_systems` (`system_acronym`),
  CONSTRAINT `FK_nt_notifications_systems` FOREIGN KEY (`system_acronym`) REFERENCES `systems` (`acronym`),
  CONSTRAINT `fk_tk_notifications_tousers` FOREIGN KEY (`to_user_id`) REFERENCES `users` (`id`) ON DELETE NO ACTION ON UPDATE NO ACTION,
  CONSTRAINT `fk_tk_notifications_users` FOREIGN KEY (`from_user_id`) REFERENCES `users` (`id`) ON DELETE NO ACTION ON UPDATE NO ACTION
) ENGINE=InnoDB AUTO_INCREMENT=106 DEFAULT CHARSET=utf8;

-- Copiando dados para a tabela crescernaweb1.nt_notifications: ~55 rows (aproximadamente)
/*!40000 ALTER TABLE `nt_notifications` DISABLE KEYS */;
INSERT INTO `nt_notifications` (`id`, `system_acronym`, `from_user_id`, `to_user_id`, `msg_type`, `msg_text`, `msg_status`, `visualized`, `urltarget`, `created`, `createdby`, `modified`, `modifiedby`, `isactive`, `isdeleted`) VALUES
	(50, 'CNW', NULL, 1, 'N', 'O artigo Apenas um teste foi aprovado!', 'P', NULL, NULL, '2016-06-14 08:43:38', 1, '2016-06-14 08:43:38', 1, 'Y', 'N'),
	(51, 'CNW', NULL, 43, 'N', 'O artigo O Impacto da crise na logistica do Brasil. foi avaliado! O moderador solicitou a revisão do mesmo!', 'P', NULL, NULL, '2016-07-14 15:59:27', 43, '2016-07-14 15:59:27', 43, 'Y', 'N'),
	(52, 'CNW', NULL, 1, 'N', 'O artigo Afinal, o que é endomarketing? foi aprovado!', 'P', '2016-09-23 15:26:21', NULL, '2016-08-22 22:57:36', 1, '2016-09-23 15:26:21', 1, 'Y', 'N'),
	(53, 'CNW', NULL, 1, 'N', 'O status de aprovado do artigo Apenas um teste foi reavaliado! O moderador solicitou a revisão do mesmo!', 'P', '2016-09-19 21:24:02', NULL, '2016-08-22 22:57:54', 1, '2016-09-19 21:24:02', 1, 'Y', 'N'),
	(54, 'CNW', NULL, 1, 'N', 'O status de aprovado do artigo Afinal, o que é endomarketing? foi reavaliado! O moderador solicitou a revisão do mesmo!', 'P', '2016-09-18 20:50:34', NULL, '2016-09-14 16:07:04', 1, '2016-09-18 20:50:34', 1, 'Y', 'N'),
	(55, 'CNW', NULL, 41, 'N', 'O artigo 7 DICAS DE COMO AUMENTAR AS VENDAS CRIANDO UM SITE PARA A SUA EMPRESA! foi avaliado! O moderador solicitou a revisão do mesmo!', 'P', NULL, NULL, '2016-09-14 18:12:33', 1, '2016-09-14 18:12:33', 1, 'Y', 'N'),
	(56, 'CNW', NULL, 41, 'N', 'O artigo Os 5 Plugins SEO  para Wordpress que irão mudar sua vida!  foi avaliado! O moderador solicitou a revisão do mesmo!', 'P', NULL, NULL, '2016-09-14 18:12:41', 1, '2016-09-14 18:12:41', 1, 'Y', 'N'),
	(57, 'CNW', NULL, 41, 'N', 'O artigo O que você precisa saber antes de criar seu site! foi avaliado! O moderador solicitou a revisão do mesmo!', 'P', NULL, NULL, '2016-09-14 18:12:52', 1, '2016-09-14 18:12:52', 1, 'Y', 'N'),
	(58, 'CNW', NULL, 43, 'N', 'O artigo Entenda seu Modelo de Negócios Usando plano de Negócios, Canvas e Pitch Deck foi avaliado! O moderador solicitou a revisão do mesmo!', 'P', NULL, NULL, '2016-09-14 18:13:23', 1, '2016-09-14 18:13:23', 1, 'Y', 'N'),
	(59, 'CNW', NULL, 43, 'N', 'O artigo TRANSFORME SUA LOGÍSTICA NO E-COMMERCE EM VANTAGEM COMPETITIVA foi avaliado! O moderador solicitou a revisão do mesmo!', 'P', '2016-09-23 15:40:57', NULL, '2016-09-14 18:13:42', 1, '2016-09-23 15:40:57', 43, 'Y', 'N'),
	(61, 'CNW', NULL, 41, 'N', 'O artigo Os 5 Plugins SEO  para Wordpress que irão mudar sua vida!  foi aprovado!', 'P', NULL, NULL, '2016-09-21 19:58:39', 1, '2016-09-21 19:58:39', 1, 'Y', 'N'),
	(62, 'CNW', NULL, 41, 'N', 'O status de aprovado do artigo Os 5 Plugins SEO  para Wordpress que irão mudar sua vida!  foi reavaliado! O moderador solicitou a revisão do mesmo!', 'P', NULL, NULL, '2016-09-23 20:16:44', 1, '2016-09-23 20:16:44', 1, 'Y', 'N'),
	(63, 'CNW', NULL, 41, 'N', 'O artigo Os 5 Plugins SEO  para Wordpress que irão mudar sua vida!  foi aprovado!', 'P', NULL, NULL, '2016-09-25 15:58:45', 1, '2016-09-25 15:58:45', 1, 'Y', 'N'),
	(64, 'CNW', NULL, 1, 'N', 'O artigo Veja como garantir a integridade de dados de maneira simples, utilizando transações no CakePHP foi aprovado!', 'P', NULL, NULL, '2016-09-26 09:09:06', 1, '2016-09-26 09:09:06', 1, 'Y', 'N'),
	(65, 'CNW', NULL, 1, 'N', 'O status de aprovado do artigo Veja como garantir a integridade de dados de maneira simples, utilizando transações no CakePHP foi reavaliado! O moderador solicitou a revisão do mesmo!', 'P', NULL, NULL, '2016-09-26 09:10:15', 1, '2016-09-26 09:10:15', 1, 'Y', 'N'),
	(66, 'CNW', NULL, 1, 'N', 'O artigo Veja como garantir a integridade de dados de maneira simples, utilizando transações no CakePHP foi aprovado!', 'P', NULL, NULL, '2016-09-26 09:12:33', 1, '2016-09-26 09:12:33', 1, 'Y', 'N'),
	(67, 'CNW', NULL, 1, 'N', 'O status de aprovado do artigo Veja como garantir a integridade de dados de maneira simples, utilizando transações no CakePHP foi reavaliado! O moderador solicitou a revisão do mesmo!', 'P', NULL, NULL, '2016-09-26 09:13:29', 1, '2016-09-26 09:13:29', 1, 'Y', 'N'),
	(68, 'CNW', NULL, 1, 'N', 'O artigo Veja como garantir a integridade de dados de maneira simples, utilizando transações no CakePHP foi aprovado!', 'P', NULL, NULL, '2016-09-26 09:23:31', 1, '2016-09-26 09:23:31', 1, 'Y', 'N'),
	(69, 'CNW', NULL, 43, 'N', 'O artigo TRANSFORME SUA LOGÍSTICA NO E-COMMERCE EM VANTAGEM COMPETITIVA foi aprovado!', 'P', NULL, NULL, '2016-09-26 16:57:54', 43, '2016-09-26 16:57:54', 43, 'Y', 'N'),
	(70, 'CNW', NULL, 43, 'N', 'O artigo Entenda seu Modelo de Negócios Usando plano de Negócios, Canvas e Pitch Deck foi aprovado!', 'P', '2016-09-26 17:06:41', NULL, '2016-09-26 17:05:22', 43, '2016-09-26 17:06:41', 43, 'Y', 'N'),
	(71, 'CNW', NULL, 41, 'N', 'O artigo O que você precisa saber antes de criar seu site! foi avaliado! O moderador solicitou a revisão do mesmo!', 'P', NULL, NULL, '2016-09-26 17:05:57', 41, '2016-09-26 17:05:57', 41, 'Y', 'N'),
	(72, 'CNW', NULL, 1, 'N', 'O status de aprovado do artigo Veja como garantir a integridade de dados de maneira simples, utilizando transações no CakePHP foi reavaliado! O moderador solicitou a revisão do mesmo!', 'P', NULL, NULL, '2016-09-27 09:28:40', 1, '2016-09-27 09:28:40', 1, 'Y', 'N'),
	(73, 'CNW', NULL, 1, 'N', 'O artigo Veja como garantir a integridade de dados de maneira simples, utilizando transações no CakePHP foi aprovado!', 'P', NULL, NULL, '2016-09-27 09:33:19', 1, '2016-09-27 09:33:19', 1, 'Y', 'N'),
	(74, 'CNW', NULL, 43, 'N', 'O status de aprovado do artigo Entenda seu Modelo de Negócios Usando plano de Negócios, Canvas e Pitch Deck foi reavaliado! O moderador solicitou a revisão do mesmo!', 'P', NULL, NULL, '2016-09-27 13:27:28', 43, '2016-09-27 13:27:28', 43, 'Y', 'N'),
	(75, 'CNW', NULL, 43, 'N', 'O status de aprovado do artigo TRANSFORME SUA LOGÍSTICA NO E-COMMERCE EM VANTAGEM COMPETITIVA foi reavaliado! O moderador solicitou a revisão do mesmo!', 'P', NULL, NULL, '2016-09-27 17:02:57', 43, '2016-09-27 17:02:57', 43, 'Y', 'N'),
	(76, 'CNW', NULL, 43, 'N', 'O artigo Entenda seu Modelo de Negócios Usando plano de Negócios, Canvas e Pitch Deck foi aprovado!', 'P', NULL, NULL, '2016-09-27 17:44:42', 43, '2016-09-27 17:44:42', 43, 'Y', 'N'),
	(77, 'CNW', NULL, 43, 'N', 'O artigo TRANSFORME SUA LOGÍSTICA NO E-COMMERCE EM VANTAGEM COMPETITIVA foi aprovado!', 'P', NULL, NULL, '2016-09-27 17:46:36', 43, '2016-09-27 17:46:36', 43, 'Y', 'N'),
	(78, 'CNW', NULL, 1, 'N', 'O status de aprovado do artigo Veja como garantir a integridade de dados de maneira simples, utilizando transações no CakePHP foi reavaliado! O moderador solicitou a revisão do mesmo!', 'P', NULL, NULL, '2016-09-27 19:49:40', 1, '2016-09-27 19:49:40', 1, 'Y', 'N'),
	(79, 'CNW', NULL, 1, 'N', 'O artigo Veja como garantir a integridade de dados de maneira simples, utilizando transações no CakePHP foi aprovado!', 'P', '2016-09-28 20:52:24', NULL, '2016-09-27 19:51:22', 1, '2016-09-28 20:52:24', 1, 'Y', 'N'),
	(80, 'CNW', NULL, 43, 'N', 'O status de aprovado do artigo Entenda seu Modelo de Negócios Usando plano de Negócios, Canvas e Pitch Deck foi reavaliado! O moderador solicitou a revisão do mesmo!', 'P', NULL, NULL, '2016-09-27 20:05:53', 43, '2016-09-27 20:05:53', 43, 'Y', 'N'),
	(81, 'CNW', NULL, 43, 'N', 'O status de aprovado do artigo TRANSFORME SUA LOGÍSTICA NO E-COMMERCE EM VANTAGEM COMPETITIVA foi reavaliado! O moderador solicitou a revisão do mesmo!', 'P', NULL, NULL, '2016-09-27 20:06:28', 43, '2016-09-27 20:06:28', 43, 'Y', 'N'),
	(82, 'CNW', NULL, 41, 'N', 'O artigo O que você precisa saber antes de criar seu site! foi avaliado! O moderador solicitou a revisão do mesmo!', 'P', NULL, NULL, '2016-09-27 20:42:54', 41, '2016-09-27 20:42:54', 41, 'Y', 'N'),
	(83, 'CNW', NULL, 41, 'N', 'O artigo O que você precisa saber antes de criar seu site! foi avaliado! O moderador solicitou a revisão do mesmo!', 'P', NULL, NULL, '2016-09-27 21:12:49', 41, '2016-09-27 21:12:49', 41, 'Y', 'N'),
	(84, 'CNW', NULL, 43, 'N', 'O artigo Transforme sua logística no e-commerce em vantagem competitiva! foi aprovado!', 'P', NULL, NULL, '2016-09-27 21:16:40', 43, '2016-09-27 21:16:40', 43, 'Y', 'N'),
	(85, 'CNW', NULL, 41, 'N', 'O status de aprovado do artigo Os 5 Plugins SEO  para Wordpress que irão mudar sua vida!  foi reavaliado! O moderador solicitou a revisão do mesmo!', 'P', NULL, NULL, '2016-09-27 21:24:16', 1, '2016-09-27 21:24:16', 1, 'Y', 'N'),
	(86, 'CNW', NULL, 43, 'N', 'O artigo Entenda seu modelo de negócios aplicando no Plano de Negócios, Canvas e Pitch Deck foi aprovado!', 'P', NULL, NULL, '2016-09-27 22:50:34', 43, '2016-09-27 22:50:34', 43, 'Y', 'N'),
	(87, 'CNW', NULL, 41, 'N', 'O artigo Os 5 Plugins SEO  para Wordpress que irão mudar sua vida!  foi aprovado!', 'P', NULL, NULL, '2016-09-27 23:08:34', 41, '2016-09-27 23:08:34', 41, 'Y', 'N'),
	(88, 'CNW', NULL, 41, 'N', 'O artigo O que você precisa saber antes de criar seu site! foi avaliado! O moderador solicitou a revisão do mesmo!', 'P', NULL, NULL, '2016-10-06 12:07:42', 41, '2016-10-06 12:07:42', 41, 'Y', 'N'),
	(89, 'CNW', NULL, 41, 'N', 'O artigo O que você precisa saber antes de criar seu site! foi avaliado! O moderador solicitou a revisão do mesmo!', 'P', NULL, NULL, '2016-10-07 12:47:42', 41, '2016-10-07 12:47:42', 41, 'Y', 'N'),
	(90, 'CNW', NULL, 43, 'N', 'O artigo Entenda seu modelo de negócios aplicando no Plano de Negócios, Canvas e Pitch Deck foi aprovado!', 'P', NULL, NULL, '2016-10-13 20:24:30', 43, '2016-10-13 20:24:30', 43, 'Y', 'N'),
	(91, 'CNW', NULL, 41, 'N', 'O artigo O que você precisa saber antes de criar seu site! foi aprovado!', 'P', NULL, NULL, '2016-10-13 20:57:56', 41, '2016-10-13 20:57:56', 41, 'Y', 'N'),
	(92, 'CNW', NULL, 41, 'N', 'O artigo Do HTML ao HTML5 foi aprovado!', 'P', NULL, NULL, '2016-10-14 19:52:34', 41, '2016-10-14 19:52:34', 41, 'Y', 'N'),
	(93, 'CNW', NULL, 41, 'N', 'O status de aprovado do artigo Do HTML ao HTML5 foi reavaliado! O moderador solicitou a revisão do mesmo!', 'P', NULL, NULL, '2016-10-14 20:14:24', 41, '2016-10-14 20:14:24', 41, 'Y', 'N'),
	(94, 'CNW', NULL, 41, 'N', 'O artigo Infográfico - Do HTML ao HTML 5 foi aprovado!', 'P', NULL, NULL, '2016-10-14 20:15:32', 41, '2016-10-14 20:15:32', 41, 'Y', 'N'),
	(95, 'CNW', NULL, 43, 'N', 'O artigo BUSQUE SOLUÇÕES PRATICAS DENTRO DE SUA EQUIPE UTILIZANDO O MÉTODO BRAINSTORMING foi aprovado!', 'P', NULL, NULL, '2016-10-17 21:02:54', 43, '2016-10-17 21:02:54', 43, 'Y', 'N'),
	(96, 'CNW', NULL, 43, 'N', 'O artigo BUSQUE SOLUÇÕES PRATICAS DENTRO DE SUA EQUIPE UTILIZANDO O MÉTODO BRAINSTORMING foi aprovado!', 'P', NULL, NULL, '2016-10-19 16:24:28', 43, '2016-10-19 16:24:28', 43, 'Y', 'N'),
	(97, 'CNW', NULL, 43, 'N', 'O status de aprovado do artigo BUSQUE SOLUÇÕES PRATICAS DENTRO DE SUA EQUIPE UTILIZANDO O MÉTODO BRAINSTORMING foi reavaliado! O moderador solicitou a revisão do mesmo!', 'P', NULL, NULL, '2016-10-19 16:25:55', 43, '2016-10-19 16:25:55', 43, 'Y', 'N'),
	(98, 'CNW', NULL, 43, 'N', 'O artigo BUSQUE SOLUÇÕES PRATICAS DENTRO DE SUA EQUIPE UTILIZANDO O MÉTODO BRAINSTORMING foi aprovado!', 'P', NULL, NULL, '2016-10-20 11:04:31', 43, '2016-10-20 11:04:31', 43, 'Y', 'N'),
	(99, 'CNW', NULL, 43, 'N', 'O artigo Busque soluções práticas dentro de sua equipe utilizando o método brainstorming foi aprovado!', 'P', NULL, NULL, '2016-10-24 20:28:19', 43, '2016-10-24 20:28:19', 43, 'Y', 'N'),
	(100, 'CNW', NULL, 43, 'N', 'O artigo Transforme sua logística no e-commerce em vantagem competitiva! foi aprovado!', 'P', NULL, NULL, '2016-10-24 21:56:57', 43, '2016-10-24 21:56:57', 43, 'Y', 'N'),
	(101, 'CNW', NULL, 42, 'N', 'O artigo Uma ajuda na hora de testar seu software - Parte 1 foi avaliado! O moderador solicitou a revisão do mesmo!', 'P', '2016-10-29 18:00:09', NULL, '2016-10-29 17:43:25', 42, '2016-10-29 18:00:09', 42, 'Y', 'N'),
	(102, 'CNW', NULL, 41, 'N', 'O artigo Dicas de como evitar os problemas técnicos do seu e-commerce na Black Friday.  foi avaliado! O moderador solicitou a revisão do mesmo!', 'P', NULL, NULL, '2016-11-04 12:33:02', 41, '2016-11-04 12:33:02', 41, 'Y', 'N'),
	(103, 'CNW', NULL, 41, 'N', 'O artigo Dicas de como evitar problemas técnicos no seu e-commerce na Black Friday.  foi aprovado!', 'P', NULL, NULL, '2016-11-09 21:50:01', 41, '2016-11-09 21:50:01', 41, 'Y', 'N'),
	(104, 'CNW', NULL, 1, 'N', 'O artigo Respondidas: Suas perguntas mais urgentes sobre MARKETING! foi aprovado!', 'P', '2016-12-04 19:38:57', NULL, '2016-12-04 19:38:50', 1, '2016-12-04 19:38:57', 1, 'Y', 'N'),
	(105, 'CNW', NULL, 1, 'N', 'O artigo As 8 grandes tendências de marketing para 2017 foi aprovado!', 'P', NULL, NULL, '2017-02-04 09:02:27', 1, '2017-02-04 09:02:27', 1, 'Y', 'N');
/*!40000 ALTER TABLE `nt_notifications` ENABLE KEYS */;


-- Copiando estrutura para tabela crescernaweb1.persons
DROP TABLE IF EXISTS `persons`;
CREATE TABLE IF NOT EXISTS `persons` (
  `id` int(11) NOT NULL AUTO_INCREMENT,
  `tipo_pessoa` varchar(45) NOT NULL,
  `created` datetime DEFAULT NULL,
  `createdby` int(11) NOT NULL,
  `modified` datetime DEFAULT NULL,
  `modifiedby` int(11) NOT NULL,
  `isactive` char(1) NOT NULL DEFAULT 'Y',
  `isdeleted` char(1) NOT NULL DEFAULT 'N',
  PRIMARY KEY (`id`)
) ENGINE=InnoDB AUTO_INCREMENT=64 DEFAULT CHARSET=utf8;

-- Copiando dados para a tabela crescernaweb1.persons: ~5 rows (aproximadamente)
/*!40000 ALTER TABLE `persons` DISABLE KEYS */;
INSERT INTO `persons` (`id`, `tipo_pessoa`, `created`, `createdby`, `modified`, `modifiedby`, `isactive`, `isdeleted`) VALUES
	(1, 'F', NULL, 0, '2016-03-17 09:04:24', 1, 'Y', 'N'),
	(60, 'F', '2016-06-04 10:12:01', 1, '2016-09-18 20:52:00', 1, 'Y', 'N'),
	(61, 'F', '2016-06-04 10:14:09', 1, '2016-06-04 10:14:09', 1, 'Y', 'N'),
	(62, 'F', '2016-06-04 10:15:16', 1, '2016-06-04 10:15:16', 1, 'Y', 'N'),
	(63, 'F', '2016-06-05 18:31:12', 1, '2016-06-05 18:31:12', 1, 'Y', 'N');
/*!40000 ALTER TABLE `persons` ENABLE KEYS */;


-- Copiando estrutura para tabela crescernaweb1.roles
DROP TABLE IF EXISTS `roles`;
CREATE TABLE IF NOT EXISTS `roles` (
  `id` int(11) NOT NULL AUTO_INCREMENT,
  `alias` char(40) NOT NULL,
  `role` char(40) CHARACTER SET latin1 NOT NULL,
  `created` datetime DEFAULT NULL,
  `createdby` int(11) NOT NULL,
  `modified` datetime DEFAULT NULL,
  `modifiedby` int(11) NOT NULL,
  `isactive` char(1) CHARACTER SET latin1 NOT NULL DEFAULT 'Y',
  `isdeleted` char(1) CHARACTER SET latin1 NOT NULL DEFAULT 'N',
  PRIMARY KEY (`id`)
) ENGINE=InnoDB AUTO_INCREMENT=7 DEFAULT CHARSET=utf8;

-- Copiando dados para a tabela crescernaweb1.roles: ~6 rows (aproximadamente)
/*!40000 ALTER TABLE `roles` DISABLE KEYS */;
INSERT INTO `roles` (`id`, `alias`, `role`, `created`, `createdby`, `modified`, `modifiedby`, `isactive`, `isdeleted`) VALUES
	(1, 'Programador', 'Programador', NULL, 0, NULL, 0, 'Y', 'N'),
	(2, 'Administrador', 'Administrador', NULL, 0, NULL, 0, 'Y', 'N'),
	(3, 'Publico', 'Publico', NULL, 0, NULL, 0, 'Y', 'N'),
	(4, 'Administrador do site', 'administrador-do-site', '2015-07-10 10:39:59', 1, '2015-07-10 10:39:59', 1, 'Y', 'N'),
	(5, 'usuario-registrado', 'Usuário registrado', '2015-11-20 10:57:04', 1, '2016-01-25 08:20:01', 1, 'Y', 'N'),
	(6, 'Administradores de coluna/Colunistas', 'colunas', '2015-11-20 10:57:20', 1, '2016-04-05 16:36:25', 1, 'Y', 'N');
/*!40000 ALTER TABLE `roles` ENABLE KEYS */;


-- Copiando estrutura para tabela crescernaweb1.roles_users
DROP TABLE IF EXISTS `roles_users`;
CREATE TABLE IF NOT EXISTS `roles_users` (
  `id` int(11) NOT NULL AUTO_INCREMENT,
  `role_id` int(11) NOT NULL,
  `user_id` int(11) NOT NULL,
  `created` datetime DEFAULT NULL,
  `createdby` int(11) NOT NULL,
  `modified` datetime DEFAULT NULL,
  `modifiedby` int(11) NOT NULL,
  `isactive` char(1) NOT NULL DEFAULT 'Y',
  `isdeleted` char(1) NOT NULL DEFAULT 'N',
  PRIMARY KEY (`id`),
  UNIQUE KEY `user_id` (`user_id`)
) ENGINE=InnoDB AUTO_INCREMENT=16 DEFAULT CHARSET=utf8;

-- Copiando dados para a tabela crescernaweb1.roles_users: ~4 rows (aproximadamente)
/*!40000 ALTER TABLE `roles_users` DISABLE KEYS */;
INSERT INTO `roles_users` (`id`, `role_id`, `user_id`, `created`, `createdby`, `modified`, `modifiedby`, `isactive`, `isdeleted`) VALUES
	(1, 1, 1, NULL, 0, NULL, 0, 'Y', 'N'),
	(13, 6, 41, '2016-06-04 10:14:15', 1, '2016-06-04 10:14:15', 1, 'Y', 'N'),
	(14, 6, 42, '2016-06-04 10:15:21', 1, '2016-06-04 10:15:21', 1, 'Y', 'N'),
	(15, 6, 43, '2016-06-05 18:31:18', 1, '2016-06-05 18:31:18', 1, 'Y', 'N');
/*!40000 ALTER TABLE `roles_users` ENABLE KEYS */;


-- Copiando estrutura para tabela crescernaweb1.systems
DROP TABLE IF EXISTS `systems`;
CREATE TABLE IF NOT EXISTS `systems` (
  `id` int(11) NOT NULL AUTO_INCREMENT,
  `acronym` char(3) DEFAULT NULL,
  `description` varchar(100) DEFAULT NULL,
  `versionnumber` varchar(12) DEFAULT NULL,
  `created` datetime DEFAULT NULL,
  `createdby` int(11) NOT NULL,
  `modified` datetime DEFAULT NULL,
  `modifiedby` int(11) NOT NULL,
  `isactive` char(1) NOT NULL DEFAULT 'Y',
  `isdeleted` char(1) NOT NULL DEFAULT 'N',
  PRIMARY KEY (`id`),
  UNIQUE KEY `idx_systemacronym` (`acronym`)
) ENGINE=InnoDB AUTO_INCREMENT=8 DEFAULT CHARSET=utf8;

-- Copiando dados para a tabela crescernaweb1.systems: ~7 rows (aproximadamente)
/*!40000 ALTER TABLE `systems` DISABLE KEYS */;
INSERT INTO `systems` (`id`, `acronym`, `description`, `versionnumber`, `created`, `createdby`, `modified`, `modifiedby`, `isactive`, `isdeleted`) VALUES
	(1, 'SYS', 'Sistema', '3.1.2', '2013-10-24 09:06:19', 11, '2016-03-15 13:28:11', 11, 'Y', 'N'),
	(2, 'FIN', 'Sistema Financeiro', '3.0.2', '2013-10-24 09:06:19', 11, '2016-03-15 13:28:11', 11, 'Y', 'N'),
	(3, 'CNW', 'Crescer na Web', '1.0.0', '2016-03-15 13:28:11', 11, '2016-03-15 13:28:11', 11, 'Y', 'N'),
	(4, 'SPD', 'Sistema de Pedidos', '2.0.2', '2016-03-15 13:28:11', 11, '2016-03-15 13:28:11', 11, 'Y', 'N'),
	(5, 'HTS', 'HotSpot JF+Digital', '1.0.0', '2016-03-15 13:28:11', 11, '2016-03-15 13:28:11', 11, 'Y', 'N'),
	(6, 'SGD', 'Sistema de Gestão de Documentos', '1.11.2', '2016-03-15 13:28:11', 11, '2016-03-15 13:28:11', 11, 'Y', 'N'),
	(7, 'SAC', 'Sistema de Atendimento ao Cliente', '1.0.0', '2016-03-15 13:28:11', 11, '2016-03-15 13:28:11', 11, 'Y', 'N');
/*!40000 ALTER TABLE `systems` ENABLE KEYS */;


-- Copiando estrutura para tabela crescernaweb1.users
DROP TABLE IF EXISTS `users`;
CREATE TABLE IF NOT EXISTS `users` (
  `id` int(11) NOT NULL AUTO_INCREMENT,
  `username` varchar(255) NOT NULL,
  `password` varchar(255) DEFAULT NULL,
  `status` tinyint(1) DEFAULT '0',
  `person_id` int(11) NOT NULL,
  `created` datetime DEFAULT NULL,
  `createdby` int(11) NOT NULL,
  `modified` datetime DEFAULT NULL,
  `modifiedby` int(11) NOT NULL,
  `isactive` char(1) NOT NULL DEFAULT 'N',
  `isdeleted` char(1) NOT NULL DEFAULT 'N',
  `recent_register` char(1) NOT NULL DEFAULT 'Y',
  `pass_register` varchar(255) DEFAULT NULL,
  `type_register` char(1) DEFAULT 'M' COMMENT 'M->Manual, S-> Site',
  PRIMARY KEY (`id`,`person_id`),
  UNIQUE KEY `uniqueusername` (`username`),
  KEY `fk_users_persons` (`person_id`)
) ENGINE=InnoDB AUTO_INCREMENT=44 DEFAULT CHARSET=utf8;

-- Copiando dados para a tabela crescernaweb1.users: ~4 rows (aproximadamente)
/*!40000 ALTER TABLE `users` DISABLE KEYS */;
INSERT INTO `users` (`id`, `username`, `password`, `status`, `person_id`, `created`, `createdby`, `modified`, `modifiedby`, `isactive`, `isdeleted`, `recent_register`, `pass_register`, `type_register`) VALUES
	(1, 'alocosta29@gmail.com', '496e3c0ad87ffc155300196a3572cb41043eb1a8', 1, 1, NULL, 0, '2016-09-17 19:34:57', 1, 'Y', 'N', 'N', NULL, 'M'),
	(41, 'eduardojunior@crescernaweb.com.br', 'b6b722307180021af625216334c0e17697ca4dec', 1, 61, '2016-06-04 10:14:09', 1, '2016-06-05 20:05:44', 41, 'Y', 'N', 'N', NULL, 'M'),
	(42, 'marcoaurelio@crescernaweb.com.br', 'cb01912e6391a45fae3a6a090a9bdf47cf8a6d05', 1, 62, '2016-06-04 10:15:16', 1, '2016-07-14 10:03:10', 42, 'Y', 'N', 'N', NULL, 'M'),
	(43, 'carlosvinicius@crescernaweb.com.br', '592f86f4dae1cb9fb23f87a315158c47910341e2', 1, 63, '2016-06-05 18:31:12', 1, '2016-06-06 09:19:11', 43, 'Y', 'N', 'N', NULL, 'M');
/*!40000 ALTER TABLE `users` ENABLE KEYS */;
/*!40101 SET SQL_MODE=IFNULL(@OLD_SQL_MODE, '') */;
/*!40014 SET FOREIGN_KEY_CHECKS=IF(@OLD_FOREIGN_KEY_CHECKS IS NULL, 1, @OLD_FOREIGN_KEY_CHECKS) */;
/*!40101 SET CHARACTER_SET_CLIENT=@OLD_CHARACTER_SET_CLIENT */;
