-- --------------------------------------------------------
-- Servidor:                     127.0.0.1
-- Versão do servidor:           5.6.31-0ubuntu0.15.10.1 - (Ubuntu)
-- OS do Servidor:               debian-linux-gnu
-- HeidiSQL Versão:              9.3.0.4984
-- --------------------------------------------------------

/*!40101 SET @OLD_CHARACTER_SET_CLIENT=@@CHARACTER_SET_CLIENT */;
/*!40101 SET NAMES utf8mb4 */;
/*!40014 SET @OLD_FOREIGN_KEY_CHECKS=@@FOREIGN_KEY_CHECKS, FOREIGN_KEY_CHECKS=0 */;
/*!40101 SET @OLD_SQL_MODE=@@SQL_MODE, SQL_MODE='NO_AUTO_VALUE_ON_ZERO' */;

-- Copiando estrutura para tabela labs.acos
DROP TABLE IF EXISTS `acos`;
CREATE TABLE IF NOT EXISTS `acos` (
  `id` int(10) NOT NULL AUTO_INCREMENT,
  `parent_id` int(10) DEFAULT NULL,
  `model` varchar(255) DEFAULT NULL,
  `foreign_key` int(10) DEFAULT NULL,
  `alias` varchar(255) DEFAULT NULL,
  `aliasMenu` varchar(255) DEFAULT NULL,
  `menugroup_id` int(10) DEFAULT NULL,
  `descricao` varchar(255) DEFAULT NULL,
  `aliasMetodo` varchar(255) DEFAULT NULL,
  `menuSuperior` char(1) DEFAULT 'N',
  `ordem_menu` int(10) DEFAULT NULL,
  `parametro` char(1) DEFAULT 'N',
  `restrito` char(1) DEFAULT 'N',
  `module_id` int(10) DEFAULT NULL,
  `apelido` char(50) DEFAULT NULL,
  `menuEsquerdo` int(1) NOT NULL DEFAULT '1',
  `lft` int(10) DEFAULT NULL,
  `rght` int(10) DEFAULT NULL,
  `created` datetime DEFAULT NULL,
  `createdby` int(11) NOT NULL,
  `modified` datetime DEFAULT NULL,
  `modifiedby` int(11) NOT NULL,
  PRIMARY KEY (`id`)
) ENGINE=InnoDB AUTO_INCREMENT=284 DEFAULT CHARSET=utf8;

-- Copiando dados para a tabela labs.acos: ~205 rows (aproximadamente)
/*!40000 ALTER TABLE `acos` DISABLE KEYS */;
INSERT INTO `acos` (`id`, `parent_id`, `model`, `foreign_key`, `alias`, `aliasMenu`, `menugroup_id`, `descricao`, `aliasMetodo`, `menuSuperior`, `ordem_menu`, `parametro`, `restrito`, `module_id`, `apelido`, `menuEsquerdo`, `lft`, `rght`, `created`, `createdby`, `modified`, `modifiedby`) VALUES
	(1, NULL, NULL, NULL, 'controllers', NULL, NULL, NULL, NULL, 'N', NULL, 'N', 'N', NULL, NULL, 1, 1, 438, '2015-01-24 14:05:31', 1, '2015-01-24 14:05:31', 1),
	(2, 1, NULL, NULL, 'Pages', NULL, NULL, NULL, NULL, 'N', NULL, 'N', 'N', NULL, NULL, 1, 2, 5, '2015-01-24 14:05:31', 1, '2015-01-24 14:05:31', 1),
	(3, 2, NULL, NULL, 'display', NULL, NULL, NULL, NULL, 'N', NULL, 'N', 'N', NULL, NULL, 1, 3, 4, '2015-01-24 14:05:31', 1, '2015-01-24 14:05:31', 1),
	(4, 1, NULL, NULL, 'Manager', NULL, NULL, NULL, NULL, 'N', NULL, 'N', 'N', NULL, NULL, 1, 6, 153, '2015-01-24 14:05:31', 1, '2015-01-24 14:05:31', 1),
	(5, 4, NULL, NULL, 'Acos', NULL, NULL, NULL, NULL, 'N', NULL, 'N', 'N', NULL, NULL, 1, 7, 26, '2015-01-24 14:05:32', 1, '2015-01-24 14:05:32', 1),
	(6, 5, NULL, NULL, 'admin_add', NULL, NULL, NULL, NULL, 'N', NULL, 'N', 'N', NULL, NULL, 1, 8, 9, '2015-01-24 14:05:32', 1, '2015-01-24 14:05:32', 1),
	(7, 5, NULL, NULL, 'admin_configurados', NULL, NULL, NULL, NULL, 'N', NULL, 'N', 'N', NULL, NULL, 1, 10, 11, '2015-01-24 14:05:32', 1, '2015-01-24 14:05:32', 1),
	(8, 5, NULL, NULL, 'admin_naoConfigurados', NULL, NULL, NULL, NULL, 'N', NULL, 'N', 'N', NULL, NULL, 1, 12, 13, '2015-01-24 14:05:32', 1, '2015-01-24 14:05:32', 1),
	(9, 5, NULL, NULL, 'admin_synchronize', NULL, NULL, NULL, NULL, 'N', NULL, 'N', 'N', NULL, NULL, 1, 14, 15, '2015-01-24 14:05:32', 1, '2015-01-24 14:05:32', 1),
	(10, 5, NULL, NULL, 'admin_novoAco', NULL, NULL, NULL, NULL, 'N', NULL, 'N', 'N', NULL, NULL, 1, 16, 17, '2015-01-24 14:05:32', 1, '2015-01-24 14:05:32', 1),
	(11, 5, NULL, NULL, 'admin_acosObsoletos', NULL, NULL, NULL, NULL, 'N', NULL, 'N', 'N', NULL, NULL, 1, 18, 19, '2015-01-24 14:05:32', 1, '2015-01-24 14:05:32', 1),
	(12, 5, NULL, NULL, 'admin_configMenu', NULL, NULL, NULL, NULL, 'N', NULL, 'N', 'N', NULL, NULL, 1, 20, 21, '2015-01-24 14:05:32', 1, '2015-01-24 14:05:32', 1),
	(13, 5, NULL, NULL, 'admin_configAco', NULL, NULL, NULL, NULL, 'N', NULL, 'N', 'N', NULL, NULL, 1, 22, 23, '2015-01-24 14:05:32', 1, '2015-01-24 14:05:32', 1),
	(14, 5, NULL, NULL, 'admin_list', 'Listar Acos', NULL, 'Lista acos', 'Listar acos', 'N', 1, 'N', 'Y', 3, NULL, 0, 24, 25, '2015-01-24 14:05:33', 1, '2015-07-10 10:46:50', 1),
	(15, 4, NULL, NULL, 'Aros', NULL, NULL, NULL, NULL, 'N', NULL, 'N', 'N', NULL, NULL, 1, 27, 38, '2015-01-24 14:05:33', 1, '2015-01-24 14:05:33', 1),
	(16, 15, NULL, NULL, 'admin_add', 'Cadastrar grupo', 33, 'Cadastro de grupo de acesso', 'Cadastrar grupo', 'Y', 2, 'N', 'N', 15, NULL, 0, 28, 29, '2015-01-24 14:05:33', 1, '2016-01-21 08:39:41', 1),
	(17, 15, NULL, NULL, 'admin_edit', NULL, NULL, NULL, NULL, 'N', NULL, 'N', 'N', NULL, NULL, 1, 30, 31, '2015-01-24 14:05:33', 1, '2015-01-24 14:05:33', 1),
	(18, 15, NULL, NULL, 'add_aro', NULL, NULL, NULL, NULL, 'N', NULL, 'N', 'N', NULL, NULL, 1, 32, 33, '2015-01-24 14:05:33', 1, '2015-01-24 14:05:33', 1),
	(19, 15, NULL, NULL, 'admin_index', 'Listar grupos', 33, 'Lista grupos cadastrados no sistema', 'Listar grupos', 'Y', 1, 'N', 'N', 15, NULL, 0, 34, 35, '2015-01-24 14:05:33', 1, '2016-01-21 08:39:26', 1),
	(20, 15, NULL, NULL, 'admin_delete', NULL, NULL, NULL, NULL, 'N', NULL, 'N', 'N', NULL, NULL, 1, 36, 37, '2015-01-24 14:05:34', 1, '2015-01-24 14:05:34', 1),
	(21, 4, NULL, NULL, 'CepEnderecos', NULL, NULL, NULL, NULL, 'N', NULL, 'N', 'N', NULL, NULL, 1, 39, 42, '2015-01-24 14:05:34', 1, '2015-01-24 14:05:34', 1),
	(22, 21, NULL, NULL, 'ajaxMsg', NULL, NULL, NULL, NULL, 'N', NULL, 'N', 'N', NULL, NULL, 1, 40, 41, '2015-01-24 14:05:34', 1, '2015-01-24 14:05:34', 1),
	(23, 4, NULL, NULL, 'Configmails', NULL, NULL, NULL, NULL, 'N', NULL, 'N', 'N', NULL, NULL, 1, 43, 58, '2015-01-24 14:05:34', 1, '2015-01-24 14:05:34', 1),
	(24, 23, NULL, NULL, 'admin_index', NULL, NULL, NULL, NULL, 'N', NULL, 'N', 'N', NULL, NULL, 1, 44, 45, '2015-01-24 14:05:34', 1, '2015-01-24 14:05:34', 1),
	(25, 23, NULL, NULL, 'admin_view', NULL, NULL, NULL, NULL, 'N', NULL, 'N', 'N', NULL, NULL, 1, 46, 47, '2015-01-24 14:05:34', 1, '2015-01-24 14:05:34', 1),
	(26, 23, NULL, NULL, 'admin_add', NULL, NULL, NULL, NULL, 'N', NULL, 'N', 'N', NULL, NULL, 1, 48, 49, '2015-01-24 14:05:34', 1, '2015-01-24 14:05:34', 1),
	(27, 23, NULL, NULL, 'admin_edit', NULL, NULL, NULL, NULL, 'N', NULL, 'N', 'N', NULL, NULL, 1, 50, 51, '2015-01-24 14:05:34', 1, '2015-01-24 14:05:34', 1),
	(28, 23, NULL, NULL, 'disableConfigmail', NULL, NULL, NULL, NULL, 'N', NULL, 'N', 'N', NULL, NULL, 1, 52, 53, '2015-01-24 14:05:34', 1, '2015-01-24 14:05:34', 1),
	(29, 23, NULL, NULL, 'enableConfigmail', NULL, NULL, NULL, NULL, 'N', NULL, 'N', 'N', NULL, NULL, 1, 54, 55, '2015-01-24 14:05:35', 1, '2015-01-24 14:05:35', 1),
	(30, 23, NULL, NULL, 'admin_delete', NULL, NULL, NULL, NULL, 'N', NULL, 'N', 'N', NULL, NULL, 1, 56, 57, '2015-01-24 14:05:35', 1, '2015-01-24 14:05:35', 1),
	(31, 4, NULL, NULL, 'Holidays', NULL, NULL, NULL, NULL, 'N', NULL, 'N', 'N', NULL, NULL, 1, 59, 68, '2015-01-24 14:05:35', 1, '2015-01-24 14:05:35', 1),
	(32, 31, NULL, NULL, 'admin_index', NULL, NULL, NULL, NULL, 'N', NULL, 'N', 'N', NULL, NULL, 1, 60, 61, '2015-01-24 14:05:35', 1, '2015-01-24 14:05:35', 1),
	(33, 31, NULL, NULL, 'admin_add', NULL, NULL, NULL, NULL, 'N', NULL, 'N', 'N', NULL, NULL, 1, 62, 63, '2015-01-24 14:05:35', 1, '2015-01-24 14:05:35', 1),
	(34, 31, NULL, NULL, 'admin_edit', NULL, NULL, NULL, NULL, 'N', NULL, 'N', 'N', NULL, NULL, 1, 64, 65, '2015-01-24 14:05:35', 1, '2015-01-24 14:05:35', 1),
	(35, 31, NULL, NULL, 'admin_delete', NULL, NULL, NULL, NULL, 'N', NULL, 'N', 'N', NULL, NULL, 1, 66, 67, '2015-01-24 14:05:35', 1, '2015-01-24 14:05:35', 1),
	(36, 4, NULL, NULL, 'Menu', NULL, NULL, NULL, NULL, 'N', NULL, 'N', 'N', NULL, NULL, 1, 69, 72, '2015-01-24 14:05:35', 1, '2015-01-24 14:05:35', 1),
	(37, 36, NULL, NULL, 'admin_menu', NULL, NULL, NULL, NULL, 'N', NULL, 'N', 'N', NULL, NULL, 1, 70, 71, '2015-01-24 14:05:35', 1, '2015-01-24 14:05:35', 1),
	(38, 4, NULL, NULL, 'Menugroups', NULL, NULL, NULL, NULL, 'N', NULL, 'N', 'N', NULL, NULL, 1, 73, 88, '2015-01-24 14:05:36', 1, '2015-01-24 14:05:36', 1),
	(39, 38, NULL, NULL, 'admin_index', NULL, NULL, NULL, NULL, 'N', NULL, 'N', 'N', NULL, NULL, 1, 74, 75, '2015-01-24 14:05:36', 1, '2015-01-24 14:05:36', 1),
	(40, 38, NULL, NULL, 'admin_view', NULL, NULL, NULL, NULL, 'N', NULL, 'N', 'N', NULL, NULL, 1, 76, 77, '2015-01-24 14:05:36', 1, '2015-01-24 14:05:36', 1),
	(41, 38, NULL, NULL, 'admin_add', NULL, NULL, NULL, NULL, 'N', NULL, 'N', 'N', NULL, NULL, 1, 78, 79, '2015-01-24 14:05:36', 1, '2015-01-24 14:05:36', 1),
	(42, 38, NULL, NULL, 'admin_edit', NULL, NULL, NULL, NULL, 'N', NULL, 'N', 'N', NULL, NULL, 1, 80, 81, '2015-01-24 14:05:36', 1, '2015-01-24 14:05:36', 1),
	(43, 38, NULL, NULL, 'admin_delete', NULL, NULL, NULL, NULL, 'N', NULL, 'N', 'N', NULL, NULL, 1, 82, 83, '2015-01-24 14:05:36', 1, '2015-01-24 14:05:36', 1),
	(44, 38, NULL, NULL, 'admin_configMenu', NULL, NULL, NULL, NULL, 'N', NULL, 'N', 'N', NULL, NULL, 1, 84, 85, '2015-01-24 14:05:36', 1, '2015-01-24 14:05:36', 1),
	(45, 38, NULL, NULL, 'admin_editItemMenu', NULL, NULL, NULL, NULL, 'N', NULL, 'N', 'N', NULL, NULL, 1, 86, 87, '2015-01-24 14:05:36', 1, '2015-01-24 14:05:36', 1),
	(46, 4, NULL, NULL, 'Modules', NULL, NULL, NULL, NULL, 'N', NULL, 'N', 'N', NULL, NULL, 1, 89, 98, '2015-01-24 14:05:37', 1, '2015-01-24 14:05:37', 1),
	(47, 46, NULL, NULL, 'admin_index', NULL, NULL, NULL, NULL, 'N', NULL, 'N', 'N', NULL, NULL, 1, 90, 91, '2015-01-24 14:05:37', 1, '2015-01-24 14:05:37', 1),
	(48, 46, NULL, NULL, 'admin_add', NULL, NULL, NULL, NULL, 'N', NULL, 'N', 'N', NULL, NULL, 1, 92, 93, '2015-01-24 14:05:38', 1, '2015-01-24 14:05:38', 1),
	(49, 46, NULL, NULL, 'admin_edit', NULL, NULL, NULL, NULL, 'N', NULL, 'N', 'N', NULL, NULL, 1, 94, 95, '2015-01-24 14:05:38', 1, '2015-01-24 14:05:38', 1),
	(50, 46, NULL, NULL, 'admin_delete', NULL, NULL, NULL, NULL, 'N', NULL, 'N', 'N', NULL, NULL, 1, 96, 97, '2015-01-24 14:05:38', 1, '2015-01-24 14:05:38', 1),
	(51, 4, NULL, NULL, 'Permissions', NULL, NULL, NULL, NULL, 'N', NULL, 'N', 'N', NULL, NULL, 1, 99, 110, '2015-01-24 14:05:38', 1, '2015-01-24 14:05:38', 1),
	(52, 51, NULL, NULL, 'admin_index', 'Visualizar permissões', NULL, 'Visualiza permissões de acesso do grupo selecionado', 'Visualizar permissões', 'N', NULL, 'Y', 'N', 15, NULL, 1, 100, 101, '2015-01-24 14:05:38', 1, '2015-07-10 10:27:39', 1),
	(54, 4, NULL, NULL, 'Persons', NULL, NULL, NULL, NULL, 'N', NULL, 'N', 'N', NULL, NULL, 1, 111, 116, '2015-01-24 14:05:39', 1, '2015-01-24 14:05:39', 1),
	(55, 54, NULL, NULL, 'admin_view', 'Visualizar dados de usuário', NULL, 'Visualiza os dados do usuário selecionado ', 'Visualizar dados de usuário', 'N', NULL, 'Y', 'N', 1, NULL, 1, 112, 113, '2015-01-24 14:05:39', 1, '2015-07-10 10:31:40', 1),
	(56, 54, NULL, NULL, 'admin_edit', 'Editar dados de usuário', NULL, 'Edita os dados do do perfil do usuário selecionado ', 'Editar perfil de usuário', 'N', NULL, 'Y', 'N', 1, NULL, 1, 114, 115, '2015-01-24 14:05:39', 1, '2015-07-10 10:31:53', 1),
	(57, 4, NULL, NULL, 'ProfileUsers', NULL, NULL, NULL, NULL, 'N', NULL, 'N', 'N', NULL, NULL, 1, 117, 124, '2015-01-24 14:05:39', 1, '2015-01-24 14:05:39', 1),
	(58, 57, NULL, NULL, 'admin_verificaCpf', 'Novo usuário', 18, 'Inicia o processo funcionalidade de cadastro de usuário com a verificação de seu cpf', 'Novo usuário', 'Y', 2, 'N', 'N', 1, NULL, 0, 118, 119, '2015-01-24 14:05:39', 1, '2015-06-18 11:43:13', 1),
	(59, 57, NULL, NULL, 'admin_cadastraPerfil', 'Inserir dados de usuário', NULL, 'Insere os dados do usuário', 'Inserir os dados do usuário', 'N', NULL, 'Y', 'N', 1, NULL, 1, 120, 121, '2015-01-24 14:05:39', 1, '2015-07-20 11:31:03', 1),
	(60, 57, NULL, NULL, 'admin_consultaUsuarios', 'Consultar usuários', 18, 'Consulta os usuários do sistema', 'Consultar usuários', 'Y', 1, 'N', 'N', 1, NULL, 0, 122, 123, '2015-01-24 14:05:40', 1, '2015-07-10 10:22:21', 1),
	(61, 4, NULL, NULL, 'Users', NULL, NULL, NULL, NULL, 'N', NULL, 'N', 'N', NULL, NULL, 1, 125, 150, '2015-01-24 14:05:40', 1, '2015-01-24 14:05:40', 1),
	(62, 61, NULL, NULL, 'admin_index', NULL, NULL, NULL, NULL, 'N', NULL, 'N', 'N', NULL, NULL, 1, 126, 127, '2015-01-24 14:05:40', 1, '2015-01-24 14:05:40', 1),
	(64, 61, NULL, NULL, 'admin_disableuser', 'Desativar usuário', NULL, 'Desativa o usuário selecionado, bloqueando o acesso do mesmo ao sistema ', 'Desativar usuário', 'N', NULL, 'Y', 'N', 1, NULL, 1, 128, 129, '2015-01-24 14:05:40', 1, '2015-07-10 10:32:20', 1),
	(65, 61, NULL, NULL, 'admin_disablelist', NULL, NULL, NULL, NULL, 'N', NULL, 'N', 'N', NULL, NULL, 1, 130, 131, '2015-01-24 14:05:40', 1, '2015-01-24 14:05:40', 1),
	(66, 61, NULL, NULL, 'admin_reactivate', 'Ativar usuário', NULL, 'Ativa o acesso do usuário selecionado', 'Ativar usuário', 'N', NULL, 'Y', 'N', 1, NULL, 1, 132, 133, '2015-01-24 14:05:40', 1, '2015-07-10 10:32:29', 1),
	(67, 61, NULL, NULL, 'admin_add', NULL, NULL, NULL, NULL, 'N', NULL, 'N', 'N', NULL, NULL, 1, 134, 135, '2015-01-24 14:05:41', 1, '2015-01-24 14:05:41', 1),
	(68, 61, NULL, NULL, 'admin_logout', NULL, NULL, NULL, NULL, 'N', NULL, 'N', 'N', NULL, NULL, 1, 136, 137, '2015-01-24 14:05:41', 1, '2015-01-24 14:05:41', 1),
	(69, 61, NULL, NULL, 'admin_login', NULL, NULL, NULL, NULL, 'N', NULL, 'N', 'N', NULL, NULL, 1, 138, 139, '2015-01-24 14:05:41', 1, '2015-01-24 14:05:41', 1),
	(70, 61, NULL, NULL, 'admin_view', NULL, NULL, NULL, NULL, 'N', NULL, 'N', 'N', NULL, NULL, 1, 140, 141, '2015-01-24 14:05:41', 1, '2015-01-24 14:05:41', 1),
	(71, 61, NULL, NULL, 'admin_edit', 'Editar usuário', NULL, 'Edita os dados de usuario(login, senha e permissões)', 'Editar dados do usuario', 'N', NULL, 'Y', 'N', 1, NULL, 1, 142, 143, '2015-01-24 14:05:41', 1, '2015-07-10 10:32:39', 1),
	(72, 61, NULL, NULL, 'admin_delete', NULL, NULL, NULL, NULL, 'N', NULL, 'N', 'N', NULL, NULL, 1, 144, 145, '2015-01-24 14:05:41', 1, '2015-01-24 14:05:41', 1),
	(73, 61, NULL, NULL, 'admin_trocarsenha', 'Trocar minha senha', 1, 'Troca senha de acesso ao sistema', 'Trocar minha senha', 'Y', 3, 'N', 'N', 1, NULL, 0, 146, 147, '2015-01-24 14:05:41', 1, '2015-07-10 10:32:51', 1),
	(74, 61, NULL, NULL, 'admin_list', NULL, NULL, NULL, NULL, 'N', NULL, 'N', 'N', NULL, NULL, 1, 148, 149, '2015-01-24 14:05:42', 1, '2015-01-24 14:05:42', 1),
	(75, 1, NULL, NULL, 'Public', NULL, NULL, NULL, NULL, 'N', NULL, 'N', 'N', NULL, NULL, 1, 158, 179, '2015-07-08 11:48:41', 1, '2015-07-08 11:48:41', 1),
	(77, 75, NULL, NULL, 'contato', NULL, NULL, NULL, NULL, 'N', NULL, 'N', 'N', NULL, NULL, 1, 159, 160, '2015-07-10 11:06:54', 1, '2015-07-10 11:06:54', 1),
	(79, 75, NULL, NULL, 'trabalheconosco', NULL, NULL, NULL, NULL, 'N', NULL, 'N', 'N', NULL, NULL, 1, 161, 162, '2015-07-10 11:06:54', 1, '2015-07-10 11:06:54', 1),
	(80, 1, NULL, NULL, 'Formularios', NULL, NULL, NULL, NULL, 'N', NULL, 'N', 'N', NULL, NULL, 1, 180, 197, '2015-07-20 11:13:05', 1, '2015-07-20 11:13:05', 1),
	(81, 80, NULL, NULL, 'Messages', NULL, NULL, NULL, NULL, 'N', NULL, 'N', 'N', NULL, NULL, 1, 181, 186, '2015-07-20 11:13:06', 1, '2015-07-20 11:13:06', 1),
	(83, 81, NULL, NULL, 'admin_listContacts', 'Críticas e sugestões', 20, 'Lista as mensagens rcebidas pelo formulário de contato(críticas e sugestões) do site', 'Críticas e sugestões', 'Y', 2, 'N', 'N', 8, NULL, 0, 182, 183, '2015-07-20 11:13:06', 1, '2015-07-20 11:35:12', 1),
	(86, 1, NULL, NULL, 'Download', NULL, NULL, NULL, NULL, 'N', NULL, 'N', 'N', NULL, NULL, 1, 198, 203, '2015-07-21 09:39:12', 1, '2015-07-21 09:39:12', 1),
	(87, 86, NULL, NULL, 'get', NULL, NULL, NULL, NULL, 'N', NULL, 'N', 'N', NULL, NULL, 1, 199, 200, '2015-07-21 09:39:12', 1, '2015-07-21 09:39:12', 1),
	(91, 86, NULL, NULL, 'getCv', NULL, NULL, NULL, NULL, 'N', NULL, 'N', 'N', NULL, NULL, 1, 201, 202, '2015-07-22 11:28:01', 1, '2015-07-22 11:28:01', 1),
	(93, 80, NULL, NULL, 'Areas', NULL, NULL, NULL, NULL, 'N', NULL, 'N', 'N', NULL, NULL, 1, 187, 196, '2015-07-22 11:28:03', 1, '2015-07-22 11:28:03', 1),
	(94, 93, NULL, NULL, 'admin_index', 'Listar setores/áreas de atuação', 22, 'Lista as áreas de atuação cadastradas', 'Listar áreas de atuação', 'Y', 2, 'N', 'N', 3, NULL, 0, 188, 189, '2015-07-22 11:28:03', 1, '2015-07-23 11:31:25', 1),
	(95, 93, NULL, NULL, 'admin_add', 'Cadastrar área de atuação', 22, 'Cadastra área de atuação', 'Cadastrar área de atuação', 'Y', 1, 'N', 'N', 3, NULL, 0, 190, 191, '2015-07-22 11:28:03', 1, '2015-07-23 10:42:35', 1),
	(96, 93, NULL, NULL, 'admin_edit', 'Editar área de atuação', NULL, 'Edita a área de atuação selecionada', 'Editar área de atuação', 'N', NULL, 'Y', 'N', 3, NULL, 1, 192, 193, '2015-07-22 11:28:03', 1, '2015-07-22 11:43:29', 1),
	(97, 93, NULL, NULL, 'admin_delete', 'Deletar área de atuação', NULL, 'Deleta área de atuação selecionada', 'Deletar área de atuação', 'N', NULL, 'Y', 'N', 3, NULL, 1, 194, 195, '2015-07-22 11:28:03', 1, '2015-07-22 11:32:23', 1),
	(99, 81, NULL, NULL, 'admin_openMessage', 'Abrir mensagem', NULL, 'Abre a mensagem recebida', 'Abrir mensagem', 'N', NULL, 'Y', 'N', 11, NULL, 1, 184, 185, '2015-07-27 10:51:37', 1, '2015-07-27 10:52:51', 1),
	(140, 1, NULL, NULL, 'Conteudo', NULL, NULL, NULL, NULL, 'N', NULL, 'N', 'N', NULL, NULL, 1, 204, 215, '2015-09-03 11:32:53', 1, '2015-09-03 11:32:53', 1),
	(141, 140, NULL, NULL, 'Conteudos', NULL, NULL, NULL, NULL, 'N', NULL, 'N', 'N', NULL, NULL, 1, 205, 214, '2015-09-03 11:32:53', 1, '2015-09-03 11:32:53', 1),
	(142, 141, NULL, NULL, 'admin_editDescricaoInstitucional', 'Editar descrição institucional', 27, 'Edita adescrição institucional', 'Editar descrição institucional', 'Y', 1, 'N', 'N', 4, NULL, 0, 206, 207, '2015-09-03 11:32:53', 1, '2015-09-03 11:35:36', 1),
	(143, 141, NULL, NULL, 'admin_visualizaDescricaoInstitucional', 'Visualizar descrição institucional', 27, 'Visualiza o conteúdo da descrição institucional(link Quem somos)', 'Visualizar descrição institucional', 'Y', 2, 'N', 'N', 4, NULL, 0, 208, 209, '2015-09-03 11:32:54', 1, '2015-09-03 11:36:49', 1),
	(144, 75, NULL, NULL, 'empresa', NULL, NULL, NULL, NULL, 'N', NULL, 'N', 'N', NULL, NULL, 1, 163, 164, '2015-12-26 18:39:33', 1, '2015-12-26 18:39:33', 1),
	(147, 1, NULL, NULL, 'ManagerPackages', NULL, NULL, NULL, NULL, 'N', NULL, 'N', 'N', NULL, NULL, 1, 216, 231, '2015-12-26 18:39:39', 1, '2015-12-26 18:39:39', 1),
	(148, 147, NULL, NULL, 'Packages', NULL, NULL, NULL, NULL, 'N', NULL, 'N', 'N', NULL, NULL, 1, 217, 230, '2015-12-26 18:39:39', 1, '2015-12-26 18:39:39', 1),
	(149, 148, NULL, NULL, 'admin_add', 'Cadastrar pacotes', 29, 'Cadastra pacotes de funcionalidades no controle por usuário', 'Cadastrar pacotes', 'Y', 1, 'N', 'Y', 19, NULL, 0, 218, 219, '2015-12-26 18:39:41', 1, '2016-01-12 20:15:46', 1),
	(150, 148, NULL, NULL, 'admin_ativa', 'Ativar controle de acesso por usuário', NULL, 'Ativa o controle de acesso por usuário', 'Ativar controle de acesso por usuário', 'N', NULL, 'Y', 'Y', 19, NULL, 1, 220, 221, '2015-12-26 18:39:41', 1, '2015-12-26 19:49:13', 1),
	(151, 148, NULL, NULL, 'admin_desativa', 'Desativar pacote', NULL, 'Desativa o controle por usuário do pacote selecionado. O controle passará a ser por grupo de acesso.', 'Desativar pacote', 'N', NULL, 'Y', 'Y', 19, NULL, 1, 222, 223, '2015-12-26 18:39:42', 1, '2016-01-05 20:56:01', 1),
	(152, 148, NULL, NULL, 'admin_edit', 'Editar pacotes', NULL, 'Edição dos pacotes que terão acesso controlado por usuário', 'Editar pacotes', 'N', NULL, 'Y', 'Y', 19, NULL, 1, 224, 225, '2015-12-26 18:39:42', 1, '2016-01-05 20:55:12', 1),
	(153, 148, NULL, NULL, 'admin_index', 'Listar pacotes ', 29, 'Lista os pacotes de funcionalidades com acesso controlado por usuário', 'Listar pacotes ', 'Y', 2, 'N', 'Y', 19, NULL, 0, 226, 227, '2015-12-26 18:39:43', 1, '2016-01-05 21:37:33', 1),
	(154, 148, NULL, NULL, 'admin_delete', 'Apagar pacote', NULL, 'Deleta o pacote do controle de acesso por usuário. O controle de acesso passará a ser por grupo(default do sistema)', 'Apagar pacote', 'N', NULL, 'Y', 'Y', 19, NULL, 1, 228, 229, '2015-12-26 18:39:44', 1, '2015-12-26 18:49:26', 1),
	(155, 1, NULL, NULL, 'ConfigBook', NULL, NULL, NULL, NULL, 'N', NULL, 'N', 'N', NULL, NULL, 1, 232, 247, '2016-01-13 14:59:43', 1, '2016-01-13 14:59:43', 1),
	(156, 155, NULL, NULL, 'Notebooks', NULL, NULL, NULL, NULL, 'N', NULL, 'N', 'N', NULL, NULL, 1, 233, 246, '2016-01-13 14:59:43', 1, '2016-01-13 14:59:43', 1),
	(157, 156, NULL, NULL, 'admin_index', 'Listar cadernos', 31, 'Lista os cadernos cadastrados ', 'Listar cadernos', 'Y', 1, 'N', 'Y', 20, NULL, 0, 234, 235, '2016-01-13 14:59:43', 1, '2016-01-13 15:14:12', 1),
	(158, 156, NULL, NULL, 'admin_ativaModel', 'Ativar caderno', NULL, 'Ativa o caderno selecionado', 'Ativar caderno', 'N', NULL, 'Y', 'Y', 20, NULL, 1, 236, 237, '2016-01-13 14:59:43', 1, '2016-01-13 15:09:54', 1),
	(159, 156, NULL, NULL, 'admin_desativaModel', 'Desativar caderno', NULL, 'Desativa o caderno selecionado', 'Desativar caderno', 'N', NULL, 'Y', 'Y', 20, NULL, 1, 238, 239, '2016-01-13 14:59:43', 1, '2016-01-13 15:09:20', 1),
	(160, 156, NULL, NULL, 'admin_add', 'Cadastrar caderno', 31, 'Cadastro de caderno', 'Cadastrar caderno', 'Y', 2, 'N', 'Y', 20, NULL, 0, 240, 241, '2016-01-13 14:59:43', 1, '2016-01-13 15:14:21', 1),
	(161, 156, NULL, NULL, 'admin_edit', 'Editar caderno', NULL, 'Edita o caderno selecionado', 'Editar caderno', 'N', NULL, 'Y', 'Y', 20, NULL, 1, 242, 243, '2016-01-13 14:59:44', 1, '2016-01-13 15:02:37', 1),
	(162, 156, NULL, NULL, 'admin_delete', 'Deletar caderno', NULL, 'Apaga o caderno', 'Deletar caderno', 'N', NULL, 'Y', 'Y', 20, NULL, 1, 244, 245, '2016-01-13 14:59:44', 1, '2016-01-13 15:02:12', 1),
	(163, 4, NULL, NULL, 'PermissionUsers', NULL, NULL, NULL, NULL, 'N', NULL, 'N', 'N', NULL, NULL, 1, 151, 152, '2016-01-13 14:59:45', 1, '2016-01-13 14:59:45', 1),
	(164, 51, NULL, NULL, 'admin_add', NULL, NULL, NULL, NULL, 'N', NULL, 'N', 'N', NULL, NULL, 1, 102, 103, '2016-01-13 14:59:45', 1, '2016-01-13 14:59:45', 1),
	(165, 51, NULL, NULL, 'admin_delete', NULL, NULL, NULL, NULL, 'N', NULL, 'N', 'N', NULL, NULL, 1, 104, 105, '2016-01-13 14:59:45', 1, '2016-01-13 14:59:45', 1),
	(166, 51, NULL, NULL, 'admin_ativaModel', NULL, NULL, NULL, NULL, 'N', NULL, 'N', 'N', NULL, NULL, 1, 106, 107, '2016-01-13 14:59:45', 1, '2016-01-13 14:59:45', 1),
	(167, 51, NULL, NULL, 'admin_desativaModel', NULL, NULL, NULL, NULL, 'N', NULL, 'N', 'N', NULL, NULL, 1, 108, 109, '2016-01-13 14:59:45', 1, '2016-01-13 14:59:45', 1),
	(170, 1, NULL, NULL, 'AccessUsers', NULL, NULL, NULL, NULL, 'N', NULL, 'N', 'N', NULL, NULL, 1, 248, 265, '2016-03-16 14:40:57', 1, '2016-03-16 14:40:57', 1),
	(171, 170, NULL, NULL, 'AccessUsers', NULL, NULL, NULL, NULL, 'N', NULL, 'N', 'N', NULL, NULL, 1, 249, 252, '2016-03-16 14:40:57', 1, '2016-03-16 14:40:57', 1),
	(172, 171, NULL, NULL, 'admin_designatePermission', 'Permissões de usuário', NULL, 'Designa ou retira permissão de usuário', 'Permissões de usuário', 'N', NULL, 'Y', 'N', 15, NULL, 1, 250, 251, '2016-03-16 14:40:57', 1, '2016-03-16 14:41:50', 1),
	(173, 170, NULL, NULL, 'AccessColumns', NULL, NULL, NULL, NULL, 'N', NULL, 'N', 'N', NULL, NULL, 1, 253, 258, '2016-03-16 17:29:09', 1, '2016-03-16 17:29:09', 1),
	(181, 173, NULL, NULL, 'admin_enableDisabledColumnist', 'Autorizar/bloquear acesso de colunista', NULL, 'Método que configura a autorização de colunista', 'Autorizar/bloquear acesso de colunista', 'N', NULL, 'Y', 'N', 15, NULL, 1, 254, 255, '2016-03-21 09:59:29', 1, '2016-03-21 10:00:13', 1),
	(182, 173, NULL, NULL, 'admin_enableDisabledAdmColum', 'Autorizar/bloquear acesso de administrador de coluna', NULL, 'Método que configura a autorização de administrador de coluna', 'Autorizar/bloquear acesso de administrador de coluna', 'N', NULL, 'Y', 'N', 15, NULL, 1, 256, 257, '2016-03-21 09:59:29', 1, '2016-03-21 09:59:53', 1),
	(183, 1, NULL, NULL, 'Help', NULL, NULL, NULL, NULL, 'N', NULL, 'N', 'N', NULL, NULL, 1, 266, 269, '2016-03-29 16:56:12', 1, '2016-03-29 16:56:12', 1),
	(184, 183, NULL, NULL, 'admin_index', 'Sobre', 34, 'Descreve os dados da versão do sistema', 'Sobre', 'Y', 1, 'N', 'N', 3, NULL, 0, 267, 268, '2016-03-29 16:56:12', 1, '2016-03-29 16:57:14', 1),
	(185, 1, NULL, NULL, 'ManagerBook', NULL, NULL, NULL, NULL, 'N', NULL, 'N', 'N', NULL, NULL, 1, 270, 313, '2016-04-07 09:07:37', 1, '2016-04-07 09:07:37', 1),
	(186, 185, NULL, NULL, 'ManagerBooks', NULL, NULL, NULL, NULL, 'N', NULL, 'N', 'N', NULL, NULL, 1, 271, 298, '2016-04-07 09:07:38', 1, '2016-04-07 09:07:38', 1),
	(187, 186, NULL, NULL, 'admin_index', 'Administrar caderno', NULL, 'Página inicial de administração de caderno', 'Administrar caderno', 'N', NULL, 'Y', 'N', 21, NULL, 1, 272, 273, '2016-04-07 09:07:38', 1, '2016-04-07 09:10:09', 1),
	(188, 1, NULL, NULL, 'Articles', NULL, NULL, NULL, NULL, 'N', NULL, 'N', 'N', NULL, NULL, 1, 314, 351, '2016-04-11 15:06:35', 1, '2016-04-11 15:06:35', 1),
	(189, 188, NULL, NULL, 'Articles', NULL, NULL, NULL, NULL, 'N', NULL, 'N', 'N', NULL, NULL, 1, 315, 344, '2016-04-11 15:06:35', 1, '2016-04-11 15:06:35', 1),
	(190, 189, NULL, NULL, 'admin_index', 'Artigos', NULL, 'Lista os artigos e exibe os links para as demais funcionalidades do móulo', 'Artigos', 'N', NULL, 'Y', 'N', 6, NULL, 1, 316, 317, '2016-04-11 15:06:35', 1, '2016-04-11 15:09:03', 1),
	(191, 189, NULL, NULL, 'admin_add', NULL, NULL, NULL, NULL, 'N', NULL, 'N', 'N', NULL, NULL, 1, 318, 319, '2016-04-19 14:47:32', 1, '2016-04-19 14:47:32', 1),
	(192, 186, NULL, NULL, 'admin_listCategorie', NULL, NULL, NULL, NULL, 'N', NULL, 'N', 'N', NULL, NULL, 1, 274, 275, '2016-04-19 14:47:32', 1, '2016-04-19 14:47:32', 1),
	(193, 186, NULL, NULL, 'admin_addCategorie', NULL, NULL, NULL, NULL, 'N', NULL, 'N', 'N', NULL, NULL, 1, 276, 277, '2016-04-19 14:47:32', 1, '2016-04-19 14:47:32', 1),
	(194, 186, NULL, NULL, 'admin_editCategorie', NULL, NULL, NULL, NULL, 'N', NULL, 'N', 'N', NULL, NULL, 1, 278, 279, '2016-04-19 14:47:32', 1, '2016-04-19 14:47:32', 1),
	(195, 186, NULL, NULL, 'admin_deleteCategorie', NULL, NULL, NULL, NULL, 'N', NULL, 'N', 'N', NULL, NULL, 1, 280, 281, '2016-04-19 14:47:32', 1, '2016-04-19 14:47:32', 1),
	(196, 185, NULL, NULL, 'ManagerUsers', NULL, NULL, NULL, NULL, 'N', NULL, 'N', 'N', NULL, NULL, 1, 299, 312, '2016-04-20 10:03:07', 1, '2016-04-20 10:03:07', 1),
	(199, 196, NULL, NULL, 'admin_addUser', NULL, NULL, NULL, NULL, 'N', NULL, 'N', 'N', NULL, NULL, 1, 300, 301, '2016-04-20 10:04:32', 1, '2016-04-20 10:04:32', 1),
	(201, 196, NULL, NULL, 'admin_checkCpf', NULL, NULL, NULL, NULL, 'N', NULL, 'N', 'N', NULL, NULL, 1, 302, 303, '2016-04-23 09:51:52', 1, '2016-04-23 09:51:52', 1),
	(202, 196, NULL, NULL, 'admin_viewProfile', NULL, NULL, NULL, NULL, 'N', NULL, 'N', 'N', NULL, NULL, 1, 304, 305, '2016-05-06 08:44:12', 1, '2016-05-06 08:44:12', 1),
	(203, 196, NULL, NULL, 'admin_allowBook', NULL, NULL, NULL, NULL, 'N', NULL, 'N', 'N', NULL, NULL, 1, 306, 307, '2016-05-06 08:44:12', 1, '2016-05-06 08:44:12', 1),
	(204, 75, NULL, NULL, 'artigos', NULL, NULL, NULL, NULL, 'N', NULL, 'N', 'N', NULL, NULL, 1, 165, 166, '2016-06-13 21:50:26', 1, '2016-06-13 21:50:26', 1),
	(205, 75, NULL, NULL, 'artigo', NULL, NULL, NULL, NULL, 'N', NULL, 'N', 'N', NULL, NULL, 1, 167, 168, '2016-06-13 21:50:26', 1, '2016-06-13 21:50:26', 1),
	(206, 75, NULL, NULL, 'naolocalizado', NULL, NULL, NULL, NULL, 'N', NULL, 'N', 'N', NULL, NULL, 1, 169, 170, '2016-06-13 21:50:26', 1, '2016-06-13 21:50:26', 1),
	(207, 189, NULL, NULL, 'admin_view', NULL, NULL, NULL, NULL, 'N', NULL, 'N', 'N', NULL, NULL, 1, 320, 321, '2016-06-13 21:50:26', 1, '2016-06-13 21:50:26', 1),
	(208, 189, NULL, NULL, 'admin_editResumo', NULL, NULL, NULL, NULL, 'N', NULL, 'N', 'N', NULL, NULL, 1, 322, 323, '2016-06-13 21:50:26', 1, '2016-06-13 21:50:26', 1),
	(209, 189, NULL, NULL, 'admin_edit', NULL, NULL, NULL, NULL, 'N', NULL, 'N', 'N', NULL, NULL, 1, 324, 325, '2016-06-13 21:50:26', 1, '2016-06-13 21:50:26', 1),
	(210, 189, NULL, NULL, 'admin_listPosts', NULL, NULL, NULL, NULL, 'N', NULL, 'N', 'N', NULL, NULL, 1, 326, 327, '2016-06-13 21:50:26', 1, '2016-06-13 21:50:26', 1),
	(211, 189, NULL, NULL, 'admin_changeStatus', NULL, NULL, NULL, NULL, 'N', NULL, 'N', 'N', NULL, NULL, 1, 328, 329, '2016-06-13 21:50:26', 1, '2016-06-13 21:50:26', 1),
	(212, 189, NULL, NULL, 'admin_delete', NULL, NULL, NULL, NULL, 'N', NULL, 'N', 'N', NULL, NULL, 1, 330, 331, '2016-06-13 21:50:26', 1, '2016-06-13 21:50:26', 1),
	(213, 189, NULL, NULL, 'admin_createNewVersion', NULL, NULL, NULL, NULL, 'N', NULL, 'N', 'N', NULL, NULL, 1, 332, 333, '2016-06-13 21:50:26', 1, '2016-06-13 21:50:26', 1),
	(214, 188, NULL, NULL, 'Profiles', NULL, NULL, NULL, NULL, 'N', NULL, 'N', 'N', NULL, NULL, 1, 345, 350, '2016-06-13 21:50:26', 1, '2016-06-13 21:50:26', 1),
	(215, 214, NULL, NULL, 'admin_edit', NULL, NULL, NULL, NULL, 'N', NULL, 'N', 'N', NULL, NULL, 1, 346, 347, '2016-06-13 21:50:26', 1, '2016-06-13 21:50:26', 1),
	(216, 214, NULL, NULL, 'admin_view', NULL, NULL, NULL, NULL, 'N', NULL, 'N', 'N', NULL, NULL, 1, 348, 349, '2016-06-13 21:50:26', 1, '2016-06-13 21:50:26', 1),
	(217, 186, NULL, NULL, 'admin_pendingPosts', NULL, NULL, NULL, NULL, 'N', NULL, 'N', 'N', NULL, NULL, 1, 282, 283, '2016-06-13 21:50:26', 1, '2016-06-13 21:50:26', 1),
	(218, 186, NULL, NULL, 'admin_reprovedPosts', NULL, NULL, NULL, NULL, 'N', NULL, 'N', 'N', NULL, NULL, 1, 284, 285, '2016-06-13 21:50:26', 1, '2016-06-13 21:50:26', 1),
	(219, 186, NULL, NULL, 'admin_listPublish', NULL, NULL, NULL, NULL, 'N', NULL, 'N', 'N', NULL, NULL, 1, 286, 287, '2016-06-13 21:50:26', 1, '2016-06-13 21:50:26', 1),
	(220, 186, NULL, NULL, 'admin_viewPost', NULL, NULL, NULL, NULL, 'N', NULL, 'N', 'N', NULL, NULL, 1, 288, 289, '2016-06-13 21:50:27', 1, '2016-06-13 21:50:27', 1),
	(221, 186, NULL, NULL, 'admin_authorizePosts', NULL, NULL, NULL, NULL, 'N', NULL, 'N', 'N', NULL, NULL, 1, 290, 291, '2016-06-13 21:50:27', 1, '2016-06-13 21:50:27', 1),
	(222, 186, NULL, NULL, 'admin_authorizedPosts', NULL, NULL, NULL, NULL, 'N', NULL, 'N', 'N', NULL, NULL, 1, 292, 293, '2016-06-13 21:50:27', 1, '2016-06-13 21:50:27', 1),
	(223, 186, NULL, NULL, 'admin_reprovePosts', NULL, NULL, NULL, NULL, 'N', NULL, 'N', 'N', NULL, NULL, 1, 294, 295, '2016-06-13 21:50:27', 1, '2016-06-13 21:50:27', 1),
	(224, 196, NULL, NULL, 'admin_denyBook', NULL, NULL, NULL, NULL, 'N', NULL, 'N', 'N', NULL, NULL, 1, 308, 309, '2016-06-13 21:50:27', 1, '2016-06-13 21:50:27', 1),
	(225, 196, NULL, NULL, 'admin_listUsers', NULL, NULL, NULL, NULL, 'N', NULL, 'N', 'N', NULL, NULL, 1, 310, 311, '2016-06-13 21:50:27', 1, '2016-06-13 21:50:27', 1),
	(226, 1, NULL, NULL, 'Notifications', NULL, NULL, NULL, NULL, 'N', NULL, 'N', 'N', NULL, NULL, 1, 352, 369, '2016-06-13 21:50:27', 1, '2016-06-13 21:50:27', 1),
	(227, 226, NULL, NULL, 'History', NULL, NULL, NULL, NULL, 'N', NULL, 'N', 'N', NULL, NULL, 1, 353, 360, '2016-06-13 21:50:27', 1, '2016-06-13 21:50:27', 1),
	(228, 227, NULL, NULL, 'index', 'Listar notificações', NULL, 'Lista as notificações do usuário logado', 'Listar notificações', 'N', NULL, 'N', 'N', 22, NULL, 1, 354, 355, '2016-06-13 21:50:27', 1, '2016-09-19 21:23:53', 1),
	(229, 227, NULL, NULL, 'view', 'Visualizar notificações', NULL, 'Visualiza as notificações de sistema', 'Visualizar notificações', 'N', NULL, 'Y', 'N', 22, NULL, 1, 356, 357, '2016-06-13 21:50:27', 1, '2016-09-21 19:46:20', 1),
	(230, 227, NULL, NULL, 'delete', 'Apagar notificação', NULL, 'Deleta notificação selecionada', 'Apagar notificação', 'N', NULL, 'Y', 'N', 22, NULL, 1, 358, 359, '2016-06-13 21:50:27', 1, '2016-09-19 21:23:20', 1),
	(231, 226, NULL, NULL, 'Notifications', NULL, NULL, NULL, NULL, 'N', NULL, 'N', 'N', NULL, NULL, 1, 361, 364, '2016-06-13 21:50:27', 1, '2016-06-13 21:50:27', 1),
	(232, 231, NULL, NULL, 'regs', NULL, NULL, NULL, NULL, 'N', NULL, 'N', 'N', NULL, NULL, 1, 362, 363, '2016-06-13 21:50:27', 1, '2016-06-13 21:50:27', 1),
	(233, 226, NULL, NULL, 'Systems', NULL, NULL, NULL, NULL, 'N', NULL, 'N', 'N', NULL, NULL, 1, 365, 366, '2016-06-13 21:50:27', 1, '2016-06-13 21:50:27', 1),
	(234, 226, NULL, NULL, 'Systemsreleases', NULL, NULL, NULL, NULL, 'N', NULL, 'N', 'N', NULL, NULL, 1, 367, 368, '2016-06-13 21:50:28', 1, '2016-06-13 21:50:28', 1),
	(235, 1, NULL, NULL, 'Colunistas', NULL, NULL, NULL, NULL, 'N', NULL, 'N', 'N', NULL, NULL, 1, 370, 375, '2016-09-07 09:00:13', 1, '2016-09-07 09:00:13', 1),
	(236, 235, NULL, NULL, 'index', NULL, NULL, NULL, NULL, 'N', NULL, 'N', 'N', NULL, NULL, 1, 371, 372, '2016-09-07 09:00:13', 1, '2016-09-07 09:00:13', 1),
	(237, 235, NULL, NULL, 'colunista', NULL, NULL, NULL, NULL, 'N', NULL, 'N', 'N', NULL, NULL, 1, 373, 374, '2016-09-07 09:00:14', 1, '2016-09-07 09:00:14', 1),
	(238, 75, NULL, NULL, 'categoria', NULL, NULL, NULL, NULL, 'N', NULL, 'N', 'N', NULL, NULL, 1, 171, 172, '2016-09-07 09:00:14', 1, '2016-09-07 09:00:14', 1),
	(239, 75, NULL, NULL, 'caderno', NULL, NULL, NULL, NULL, 'N', NULL, 'N', 'N', NULL, NULL, 1, 173, 174, '2016-09-07 09:00:14', 1, '2016-09-07 09:00:14', 1),
	(240, 75, NULL, NULL, 'searchPosts', NULL, NULL, NULL, NULL, 'N', NULL, 'N', 'N', NULL, NULL, 1, 175, 176, '2016-09-07 09:00:14', 1, '2016-09-07 09:00:14', 1),
	(241, 189, NULL, NULL, 'admin_previewPost', NULL, NULL, NULL, NULL, 'N', NULL, 'N', 'N', NULL, NULL, 1, 334, 335, '2016-09-07 09:00:14', 1, '2016-09-07 09:00:14', 1),
	(242, 189, NULL, NULL, 'admin_publishPosts', NULL, NULL, NULL, NULL, 'N', NULL, 'N', 'N', NULL, NULL, 1, 336, 337, '2016-09-07 09:00:14', 1, '2016-09-07 09:00:14', 1),
	(243, 189, NULL, NULL, 'admin_featuredImage', NULL, NULL, NULL, NULL, 'N', NULL, 'N', 'N', NULL, NULL, 1, 338, 339, '2016-09-07 09:00:14', 1, '2016-09-07 09:00:14', 1),
	(244, 1, NULL, NULL, 'Avatar', NULL, NULL, NULL, NULL, 'N', NULL, 'N', 'N', NULL, NULL, 1, 376, 385, '2016-09-07 09:00:14', 1, '2016-09-07 09:00:14', 1),
	(245, 244, NULL, NULL, 'Avatars', NULL, NULL, NULL, NULL, 'N', NULL, 'N', 'N', NULL, NULL, 1, 377, 384, '2016-09-07 09:00:14', 1, '2016-09-07 09:00:14', 1),
	(246, 245, NULL, NULL, 'admin_add', NULL, NULL, NULL, NULL, 'N', NULL, 'N', 'N', NULL, NULL, 1, 378, 379, '2016-09-07 09:00:14', 1, '2016-09-07 09:00:14', 1),
	(247, 245, NULL, NULL, 'admin_redimensiona', NULL, NULL, NULL, NULL, 'N', NULL, 'N', 'N', NULL, NULL, 1, 380, 381, '2016-09-07 09:00:14', 1, '2016-09-07 09:00:14', 1),
	(248, 245, NULL, NULL, 'admin_delete', NULL, NULL, NULL, NULL, 'N', NULL, 'N', 'N', NULL, NULL, 1, 382, 383, '2016-09-07 09:00:14', 1, '2016-09-07 09:00:14', 1),
	(249, 186, NULL, NULL, 'admin_reverseApprovalPosts', NULL, NULL, NULL, NULL, 'N', NULL, 'N', 'N', NULL, NULL, 1, 296, 297, '2016-09-07 09:00:15', 1, '2016-09-07 09:00:15', 1),
	(250, 189, NULL, NULL, 'admin_editPublicationDate', NULL, NULL, NULL, NULL, 'N', NULL, 'N', 'N', NULL, NULL, 1, 340, 341, '2016-09-28 20:51:45', 1, '2016-09-28 20:51:45', 1),
	(251, 75, NULL, NULL, 'colunista', NULL, NULL, NULL, NULL, 'N', NULL, 'N', 'N', NULL, NULL, 1, 177, 178, '2016-10-23 17:59:55', 1, '2016-10-23 17:59:55', 1),
	(252, 189, NULL, NULL, 'admin_getManual', NULL, NULL, NULL, NULL, 'N', NULL, 'N', 'N', NULL, NULL, 1, 342, 343, '2016-10-23 17:59:55', 1, '2016-10-23 17:59:55', 1),
	(253, 141, NULL, NULL, 'admin_editContent', 'Editar conteúdo de sessão', NULL, 'Edita o conteúdo da sessão selecionada', 'Editar conteúdo de sessão', 'N', NULL, 'Y', 'N', 4, NULL, 1, 210, 211, '2016-10-23 17:59:56', 1, '2016-10-23 18:01:32', 1),
	(254, 141, NULL, NULL, 'admin_index', 'Administrar sessões', 27, 'Administra as sessões do portal', 'Administrar sessões', 'Y', 3, 'N', 'N', 4, NULL, 0, 212, 213, '2016-10-23 17:59:56', 1, '2016-10-23 18:01:58', 1),
	(255, 1, NULL, NULL, 'Mkt', NULL, NULL, NULL, NULL, 'N', NULL, 'N', 'N', NULL, NULL, 1, 386, 397, '2016-12-03 15:12:16', 1, '2016-12-03 15:12:16', 1),
	(256, 255, NULL, NULL, 'Operations', NULL, NULL, NULL, NULL, 'N', NULL, 'N', 'N', NULL, NULL, 1, 387, 390, '2016-12-03 15:12:16', 1, '2016-12-03 15:12:16', 1),
	(257, 256, NULL, NULL, 'admin_alterarProgramacao', 'Alterar programação de artigo', NULL, 'Altera a programação de artigo', 'Alterar programação de artigo', 'N', NULL, 'Y', 'N', 23, NULL, 1, 388, 389, '2016-12-03 15:12:16', 1, '2016-12-03 15:17:29', 1),
	(258, 255, NULL, NULL, 'Reports', NULL, NULL, NULL, NULL, 'N', NULL, 'N', 'N', NULL, NULL, 1, 391, 396, '2016-12-03 15:12:16', 1, '2016-12-03 15:12:16', 1),
	(259, 258, NULL, NULL, 'admin_maisVisitados', 'Artigos mais visitados', 35, 'Lista os artigos mais visitados', 'Artigos mais visitados', 'Y', 1, 'N', 'N', 23, NULL, 0, 392, 393, '2016-12-03 15:12:16', 1, '2016-12-03 15:24:23', 1),
	(260, 258, NULL, NULL, 'admin_programados', 'Artigos programados', NULL, 'Lista os artigos programados', 'Artigos programados', 'N', NULL, 'N', 'N', 23, NULL, 1, 394, 395, '2016-12-03 15:12:17', 1, '2016-12-03 15:16:47', 1),
	(261, 1, NULL, NULL, 'Monetization', NULL, NULL, NULL, NULL, 'N', NULL, 'N', 'N', NULL, NULL, 1, 398, 419, '2016-12-17 09:43:07', 1, '2016-12-17 09:43:07', 1),
	(262, 261, NULL, NULL, 'AdCategories', NULL, NULL, NULL, NULL, 'N', NULL, 'N', 'N', NULL, NULL, 1, 399, 408, '2016-12-17 09:43:07', 1, '2016-12-17 09:43:07', 1),
	(263, 262, NULL, NULL, 'admin_index', 'Listar categorias de anúncio', 36, 'Lista as categorias de anuncio cadastradas', 'Listar categorias de anúncio', 'Y', 1, 'N', 'N', 24, NULL, 0, 400, 401, '2016-12-17 09:43:07', 1, '2016-12-17 12:39:41', 1),
	(264, 262, NULL, NULL, 'admin_add', 'Cadastrar categoria de anúncio', 36, 'Cadastra categoria de anuncio', 'Cadastrar categoria de anúncio', 'Y', 2, 'N', 'N', 24, NULL, 0, 402, 403, '2016-12-17 09:43:08', 1, '2016-12-17 13:13:42', 1),
	(265, 262, NULL, NULL, 'admin_edit', 'Editar categoria de anúncio', NULL, 'Edita uma categoria de anúncio selecionada', 'Editar categoria de anúncio', 'N', NULL, 'Y', 'N', 24, NULL, 1, 404, 405, '2016-12-17 09:43:08', 1, '2016-12-17 12:30:19', 1),
	(266, 262, NULL, NULL, 'admin_delete', 'Apagar categoria de anúncio', NULL, 'Apaga uma categoria de anúncio selecionada', 'Apagar categoria de anúncio', 'N', NULL, 'Y', 'N', 24, NULL, 1, 406, 407, '2016-12-17 09:43:08', 1, '2016-12-17 12:29:52', 1),
	(267, 261, NULL, NULL, 'AdTypes', NULL, NULL, NULL, NULL, 'N', NULL, 'N', 'N', NULL, NULL, 1, 409, 418, '2016-12-17 09:43:08', 1, '2016-12-17 09:43:08', 1),
	(268, 267, NULL, NULL, 'admin_index', 'Listar especificações de anuncios', 36, 'Lista especificações cadastradas', 'Listar especificações de anuncio', 'Y', 3, 'N', 'N', 24, NULL, 0, 410, 411, '2016-12-17 09:43:09', 1, '2016-12-17 12:56:35', 1),
	(269, 267, NULL, NULL, 'admin_add', 'Cadastrar tipo de anuncio', 36, 'Especifica um tipo de anuncio(define dimensões e sessão do mesmo)', 'Especificar tipo de anuncio', 'Y', 4, 'N', 'N', 24, NULL, 0, 412, 413, '2016-12-17 09:43:09', 1, '2016-12-17 12:52:52', 1),
	(270, 267, NULL, NULL, 'admin_edit', 'Editar especificação de anúncio', NULL, 'Edita o tipo de especificação de anúncio', 'Editar especificação de anúncio', 'N', NULL, 'Y', 'N', 24, NULL, 1, 414, 415, '2016-12-17 09:43:09', 1, '2016-12-17 10:10:50', 1),
	(271, 267, NULL, NULL, 'admin_delete', 'Apagar especificação de anúncio', NULL, 'Apaga a especificação selecionada', 'Apagar especificação de anúncio', 'N', NULL, 'Y', 'N', 24, NULL, 1, 416, 417, '2016-12-17 09:43:09', 1, '2016-12-17 12:11:33', 1),
	(272, 170, NULL, NULL, 'AccessAds', NULL, NULL, NULL, NULL, 'N', NULL, 'N', 'N', NULL, NULL, 1, 259, 264, '2016-12-20 09:11:26', 1, '2016-12-20 09:11:26', 1),
	(273, 272, NULL, NULL, 'admin_enableDisabledCreateAds', NULL, NULL, NULL, NULL, 'N', NULL, 'N', 'N', NULL, NULL, 1, 260, 261, '2016-12-20 09:11:26', 1, '2016-12-20 09:11:26', 1),
	(274, 272, NULL, NULL, 'admin_enableDisabledAdminAds', NULL, NULL, NULL, NULL, 'N', NULL, 'N', 'N', NULL, NULL, 1, 262, 263, '2016-12-20 09:11:27', 1, '2016-12-20 09:11:27', 1),
	(275, 1, NULL, NULL, 'CreateAds', NULL, NULL, NULL, NULL, 'N', NULL, 'N', 'N', NULL, NULL, 1, 420, 429, '2016-12-30 11:12:43', 0, '2016-12-30 11:12:43', 0),
	(276, 275, NULL, NULL, 'Ads', NULL, NULL, NULL, NULL, 'N', NULL, 'N', 'N', NULL, NULL, 1, 421, 428, '2016-12-30 11:12:43', 0, '2016-12-30 11:12:43', 0),
	(277, 276, NULL, NULL, 'admin_index', NULL, NULL, NULL, NULL, 'N', NULL, 'N', 'N', NULL, NULL, 1, 422, 423, '2016-12-30 11:12:44', 0, '2016-12-30 11:12:44', 0),
	(278, 276, NULL, NULL, 'admin_add', NULL, NULL, NULL, NULL, 'N', NULL, 'N', 'N', NULL, NULL, 1, 424, 425, '2016-12-30 11:12:44', 0, '2016-12-30 11:12:44', 0),
	(279, 276, NULL, NULL, 'admin_edit', NULL, NULL, NULL, NULL, 'N', NULL, 'N', 'N', NULL, NULL, 1, 426, 427, '2016-12-30 11:12:44', 0, '2016-12-30 11:12:44', 0),
	(280, 1, NULL, NULL, 'ManagerAds', NULL, NULL, NULL, NULL, 'N', NULL, 'N', 'N', NULL, NULL, 1, 430, 437, '2016-12-30 11:12:45', 0, '2016-12-30 11:12:45', 0),
	(281, 280, NULL, NULL, 'ManagerAds', NULL, NULL, NULL, NULL, 'N', NULL, 'N', 'N', NULL, NULL, 1, 431, 436, '2016-12-30 11:12:45', 0, '2016-12-30 11:12:45', 0),
	(282, 281, NULL, NULL, 'admin_index', NULL, NULL, NULL, NULL, 'N', NULL, 'N', 'N', NULL, NULL, 1, 432, 433, '2016-12-30 11:12:45', 0, '2016-12-30 11:12:45', 0),
	(283, 281, NULL, NULL, 'admin_add', NULL, NULL, NULL, NULL, 'N', NULL, 'N', 'N', NULL, NULL, 1, 434, 435, '2016-12-30 11:12:45', 0, '2016-12-30 11:12:45', 0);
/*!40000 ALTER TABLE `acos` ENABLE KEYS */;


-- Copiando estrutura para tabela labs.aros
DROP TABLE IF EXISTS `aros`;
CREATE TABLE IF NOT EXISTS `aros` (
  `id` int(10) NOT NULL AUTO_INCREMENT,
  `parent_id` int(10) DEFAULT NULL,
  `model` varchar(255) DEFAULT NULL,
  `foreign_key` int(10) DEFAULT NULL,
  `alias` varchar(255) DEFAULT NULL,
  `lft` int(10) DEFAULT NULL,
  `rght` int(10) DEFAULT NULL,
  `created` datetime DEFAULT NULL,
  `createdby` int(11) NOT NULL,
  `modified` datetime DEFAULT NULL,
  `modifiedby` int(11) NOT NULL,
  PRIMARY KEY (`id`)
) ENGINE=InnoDB AUTO_INCREMENT=48 DEFAULT CHARSET=utf8;

-- Copiando dados para a tabela labs.aros: ~10 rows (aproximadamente)
/*!40000 ALTER TABLE `aros` DISABLE KEYS */;
INSERT INTO `aros` (`id`, `parent_id`, `model`, `foreign_key`, `alias`, `lft`, `rght`, `created`, `createdby`, `modified`, `modifiedby`) VALUES
	(1, NULL, NULL, NULL, 'Roles', 1, 44, NULL, 0, NULL, 0),
	(2, 1, 'Role', 1, NULL, 2, 3, NULL, 0, NULL, 0),
	(3, 1, 'Role', 2, NULL, 4, 5, NULL, 0, NULL, 0),
	(4, 1, 'Role', 3, NULL, 20, 21, NULL, 0, NULL, 0),
	(42, NULL, 'Role', 41, NULL, 45, 46, NULL, 0, '2014-07-22 15:42:22', 0),
	(43, NULL, 'Role', 42, NULL, 47, 48, '2013-07-05 11:21:50', 19, '2014-07-22 15:27:33', 19),
	(44, 1, 'Role', 43, NULL, 40, 41, '2014-07-28 13:20:12', 11, '2014-07-28 13:20:12', 11),
	(45, 1, 'Role', 4, NULL, 42, 43, '2015-07-10 10:39:59', 1, '2015-07-10 10:39:59', 1),
	(46, NULL, 'Role', 5, NULL, 49, 50, '2015-11-20 10:57:04', 1, '2016-01-25 08:20:01', 1),
	(47, NULL, 'Role', 6, NULL, 51, 52, '2015-11-20 10:57:20', 1, '2016-04-05 16:36:25', 1);
/*!40000 ALTER TABLE `aros` ENABLE KEYS */;


-- Copiando estrutura para tabela labs.aros_acos
DROP TABLE IF EXISTS `aros_acos`;
CREATE TABLE IF NOT EXISTS `aros_acos` (
  `id` int(10) NOT NULL AUTO_INCREMENT,
  `aro_id` int(10) NOT NULL,
  `aco_id` int(10) NOT NULL,
  `_create` varchar(2) NOT NULL DEFAULT '0',
  `_read` varchar(2) NOT NULL DEFAULT '0',
  `_update` varchar(2) NOT NULL DEFAULT '0',
  `_delete` varchar(2) NOT NULL DEFAULT '0',
  `created` datetime DEFAULT NULL,
  `createdby` int(11) NOT NULL,
  `modified` datetime DEFAULT NULL,
  `modifiedby` int(11) NOT NULL,
  PRIMARY KEY (`id`),
  UNIQUE KEY `ARO_ACO_KEY` (`aro_id`,`aco_id`)
) ENGINE=InnoDB AUTO_INCREMENT=136 DEFAULT CHARSET=utf8;

-- Copiando dados para a tabela labs.aros_acos: ~47 rows (aproximadamente)
/*!40000 ALTER TABLE `aros_acos` DISABLE KEYS */;
INSERT INTO `aros_acos` (`id`, `aro_id`, `aco_id`, `_create`, `_read`, `_update`, `_delete`, `created`, `createdby`, `modified`, `modifiedby`) VALUES
	(43, 3, 58, '1', '1', '1', '1', '2015-04-22 09:17:21', 1, '2015-06-18 11:42:46', 1),
	(44, 3, 59, '1', '1', '1', '1', '2015-04-22 09:19:32', 1, '2015-07-20 11:31:03', 1),
	(45, 3, 55, '1', '1', '1', '1', '2015-04-22 09:21:26', 1, '2015-07-10 10:24:56', 1),
	(46, 3, 56, '1', '1', '1', '1', '2015-04-22 09:22:05', 1, '2015-07-10 10:23:54', 1),
	(47, 3, 71, '1', '1', '1', '1', '2015-04-22 09:23:51', 1, '2015-07-10 10:23:40', 1),
	(48, 3, 60, '1', '1', '1', '1', '2015-04-22 09:37:06', 1, '2015-07-10 10:22:22', 1),
	(49, 3, 66, '1', '1', '1', '1', '2015-04-22 10:21:59', 1, '2015-07-10 10:21:56', 1),
	(50, 3, 64, '1', '1', '1', '1', '2015-04-22 10:22:50', 1, '2015-07-10 10:22:38', 1),
	(51, 3, 73, '1', '1', '1', '1', '2015-04-22 14:26:46', 1, '2015-04-22 14:26:46', 1),
	(52, 3, 14, '0', '0', '0', '0', '2015-07-08 11:54:33', 1, '2015-07-10 10:46:50', 1),
	(53, 3, 52, '0', '0', '0', '0', '2015-07-10 10:27:39', 1, '2016-01-21 08:35:28', 1),
	(54, 3, 19, '0', '0', '0', '0', '2015-07-10 10:34:07', 1, '2016-01-21 08:35:23', 1),
	(55, 3, 16, '0', '0', '0', '0', '2015-07-10 10:38:43', 1, '2016-01-21 08:35:19', 1),
	(58, 3, 83, '1', '1', '1', '1', '2015-07-20 11:29:35', 1, '2015-07-20 11:29:35', 1),
	(61, 3, 97, '1', '1', '1', '1', '2015-07-22 11:32:23', 1, '2015-07-22 11:32:23', 1),
	(62, 3, 94, '1', '1', '1', '1', '2015-07-22 11:42:33', 1, '2015-07-22 11:42:33', 1),
	(63, 3, 96, '1', '1', '1', '1', '2015-07-22 11:43:29', 1, '2015-07-22 11:43:29', 1),
	(64, 3, 95, '1', '1', '1', '1', '2015-07-22 11:45:43', 1, '2015-07-22 11:45:43', 1),
	(66, 3, 99, '1', '1', '1', '1', '2015-07-27 10:52:51', 1, '2015-07-27 10:52:51', 1),
	(100, 3, 143, '1', '1', '1', '1', '2015-09-03 11:34:24', 1, '2015-09-03 11:34:24', 1),
	(101, 3, 142, '1', '1', '1', '1', '2015-09-03 11:35:13', 1, '2015-09-03 11:35:13', 1),
	(103, 3, 172, '1', '1', '1', '1', '2016-03-16 14:41:50', 1, '2016-03-16 14:41:50', 1),
	(111, 3, 182, '1', '1', '1', '1', '2016-03-21 09:59:53', 1, '2016-03-21 09:59:53', 1),
	(112, 3, 181, '1', '1', '1', '1', '2016-03-21 10:00:13', 1, '2016-03-21 10:00:13', 1),
	(113, 3, 184, '1', '1', '1', '1', '2016-03-29 16:56:45', 1, '2016-03-29 16:56:45', 1),
	(114, 3, 187, '1', '1', '1', '1', '2016-04-07 09:10:09', 1, '2016-04-07 09:10:09', 1),
	(115, 3, 190, '1', '1', '1', '1', '2016-04-11 15:09:03', 1, '2016-04-11 15:09:03', 1),
	(116, 3, 230, '1', '1', '1', '1', '2016-09-19 21:23:20', 1, '2016-09-19 21:23:20', 1),
	(117, 3, 228, '1', '1', '1', '1', '2016-09-19 21:23:53', 1, '2016-09-19 21:23:53', 1),
	(118, 47, 228, '1', '1', '1', '1', '2016-09-21 19:45:40', 1, '2016-09-21 19:45:40', 1),
	(119, 47, 230, '1', '1', '1', '1', '2016-09-21 19:45:45', 1, '2016-09-21 19:45:45', 1),
	(120, 3, 229, '1', '1', '1', '1', '2016-09-21 19:46:20', 1, '2016-09-21 19:46:20', 1),
	(121, 47, 229, '1', '1', '1', '1', '2016-09-21 19:47:07', 1, '2016-09-21 19:47:07', 1),
	(122, 3, 254, '1', '1', '1', '1', '2016-10-23 18:01:05', 1, '2016-10-23 18:01:05', 1),
	(123, 3, 253, '1', '1', '1', '1', '2016-10-23 18:01:32', 1, '2016-10-23 18:01:32', 1),
	(124, 3, 260, '1', '1', '1', '1', '2016-12-03 15:16:47', 1, '2016-12-03 15:16:47', 1),
	(125, 3, 259, '1', '1', '1', '1', '2016-12-03 15:17:06', 1, '2016-12-03 15:17:06', 1),
	(126, 3, 257, '1', '1', '1', '1', '2016-12-03 15:17:29', 1, '2016-12-03 15:17:29', 1),
	(127, 47, 259, '1', '1', '1', '1', '2016-12-03 15:26:07', 1, '2016-12-03 15:26:07', 1),
	(128, 3, 268, '1', '1', '1', '1', '2016-12-17 10:06:29', 1, '2016-12-17 12:55:51', 1),
	(129, 3, 269, '1', '1', '1', '1', '2016-12-17 10:07:40', 1, '2016-12-17 10:07:40', 1),
	(130, 3, 270, '1', '1', '1', '1', '2016-12-17 10:10:50', 1, '2016-12-17 10:10:50', 1),
	(131, 3, 271, '1', '1', '1', '1', '2016-12-17 12:11:34', 1, '2016-12-17 12:11:34', 1),
	(132, 3, 266, '1', '1', '1', '1', '2016-12-17 12:29:52', 1, '2016-12-17 12:29:52', 1),
	(133, 3, 265, '1', '1', '1', '1', '2016-12-17 12:30:19', 1, '2016-12-17 12:30:19', 1),
	(134, 3, 263, '1', '1', '1', '1', '2016-12-17 12:32:12', 1, '2016-12-17 12:32:12', 1),
	(135, 3, 264, '1', '1', '1', '1', '2016-12-17 12:32:45', 1, '2016-12-17 12:32:45', 1);
/*!40000 ALTER TABLE `aros_acos` ENABLE KEYS */;


-- Copiando estrutura para tabela labs.menugroups
DROP TABLE IF EXISTS `menugroups`;
CREATE TABLE IF NOT EXISTS `menugroups` (
  `id` int(11) NOT NULL AUTO_INCREMENT,
  `grupo` varchar(200) DEFAULT NULL,
  `parent_id` int(11) DEFAULT NULL,
  `isdeleted` varchar(45) DEFAULT 'N',
  `created` datetime DEFAULT NULL,
  `createdby` int(11) DEFAULT NULL,
  `modified` datetime DEFAULT NULL,
  `modifiedby` int(11) DEFAULT NULL,
  `ordem` int(11) DEFAULT NULL,
  `main_menu` char(1) DEFAULT 'Y',
  PRIMARY KEY (`id`)
) ENGINE=InnoDB AUTO_INCREMENT=37 DEFAULT CHARSET=utf8;

-- Copiando dados para a tabela labs.menugroups: ~28 rows (aproximadamente)
/*!40000 ALTER TABLE `menugroups` DISABLE KEYS */;
INSERT INTO `menugroups` (`id`, `grupo`, `parent_id`, `isdeleted`, `created`, `createdby`, `modified`, `modifiedby`, `ordem`, `main_menu`) VALUES
	(1, 'Sistema', NULL, 'N', '2014-01-07 17:31:22', 19, '2014-01-07 17:31:22', 19, 10, 'Y'),
	(4, 'Feriados', 1, 'N', '2014-01-27 16:08:31', 19, '2014-02-18 13:30:12', 19, 1, 'Y'),
	(5, 'Grupos', 1, 'N', '2014-01-27 16:08:57', 19, '2014-01-27 16:08:57', 19, 2, 'Y'),
	(7, 'teste', 1, 'N', '2014-02-20 13:01:03', 19, '2014-02-20 13:01:03', 19, 3, 'Y'),
	(8, 'Menu', 1, 'N', '2014-02-21 10:01:30', 19, '2014-02-21 10:01:30', 19, 3, 'Y'),
	(13, 'Projetos', 9, 'N', '2015-03-14 08:40:13', 1, '2015-03-14 08:40:13', 1, 4, 'Y'),
	(14, 'Artigos', NULL, 'N', '2015-03-16 20:31:37', 1, '2015-03-16 20:31:37', 1, 2, 'Y'),
	(15, 'Upload de arquivos', NULL, 'N', '2015-04-01 19:49:58', 1, '2015-04-01 19:53:34', 1, 3, 'Y'),
	(17, 'Emails', NULL, 'N', '2015-04-22 07:17:28', 1, '2015-04-22 07:17:28', 1, 3, 'Y'),
	(18, 'Usuários', 1, 'N', '2015-06-18 11:30:23', 1, '2015-06-18 11:30:23', 1, 1, 'Y'),
	(19, 'Mensagens', NULL, 'N', '2015-07-20 11:32:36', 1, '2015-07-20 11:32:36', 1, 9, 'Y'),
	(20, 'Recebidas', 19, 'N', '2015-07-20 11:33:12', 1, '2015-07-20 11:33:28', 1, 1, 'Y'),
	(21, 'Relatórios', NULL, 'N', '2015-07-21 09:40:50', 1, '2015-07-21 09:40:50', 1, 8, 'Y'),
	(22, 'Setor/Áreas de atuação', 1, 'N', '2015-07-22 11:52:49', 1, '2015-07-23 10:43:08', 1, 4, 'Y'),
	(23, 'Lojas', NULL, 'N', '2015-07-28 11:42:25', 1, '2015-07-28 11:42:25', 1, 7, 'Y'),
	(24, 'Fornecedor', NULL, 'N', '2015-08-17 10:29:05', 1, '2015-08-17 10:31:01', 1, 6, 'Y'),
	(25, 'Promoções', NULL, 'N', '2015-08-20 08:18:46', 1, '2015-08-20 08:18:46', 1, 5, 'Y'),
	(26, 'Produtos', 25, 'N', '2015-08-21 10:03:41', 1, '2015-08-21 10:03:41', 1, 1, 'Y'),
	(27, 'Conteúdo', NULL, 'N', '2015-09-03 11:28:14', 1, '2015-09-03 11:28:14', 1, 4, 'Y'),
	(28, 'Profissionais', 1, 'N', '2015-09-04 09:28:12', 1, '2015-09-04 09:28:12', 1, 5, 'Y'),
	(29, 'Acesso por usuário', 1, 'N', '2016-01-05 21:02:55', 1, '2016-01-12 20:16:29', 1, 1, 'Y'),
	(30, 'Controle de acesso', 1, 'N', '2016-01-12 20:13:35', 1, '2016-01-12 20:14:57', 1, 4, 'Y'),
	(31, 'Configuração de cadernos', 1, 'N', '2016-01-13 15:13:41', 1, '2016-01-13 15:13:41', 1, 4, 'Y'),
	(32, 'Usuários & Permissões', 1, 'N', '2016-01-21 08:34:18', 1, '2016-01-21 08:37:08', 1, 7, 'Y'),
	(33, 'Permissões de grupo', 1, 'N', '2016-01-21 08:37:52', 1, '2016-01-21 08:39:09', 1, 7, 'Y'),
	(34, 'Ajuda', NULL, 'N', '2016-03-29 16:56:04', 1, '2016-03-29 16:56:04', 1, 12, 'Y'),
	(35, 'Marketing', NULL, 'N', '2016-12-03 15:24:12', 1, '2016-12-03 15:24:12', 1, 1, 'Y'),
	(36, 'Monetização', 1, 'N', '2016-12-17 12:33:39', 1, '2016-12-17 12:33:39', 1, 5, 'Y');
/*!40000 ALTER TABLE `menugroups` ENABLE KEYS */;


-- Copiando estrutura para tabela labs.modules
DROP TABLE IF EXISTS `modules`;
CREATE TABLE IF NOT EXISTS `modules` (
  `id` int(11) NOT NULL AUTO_INCREMENT,
  `nome` char(100) NOT NULL,
  `alias` char(100) NOT NULL,
  `created` datetime NOT NULL,
  `createdby` int(11) NOT NULL,
  `modified` datetime NOT NULL,
  `modifiedby` int(11) NOT NULL,
  `isdeleted` char(1) NOT NULL DEFAULT 'N',
  PRIMARY KEY (`id`),
  UNIQUE KEY `alias` (`alias`)
) ENGINE=InnoDB AUTO_INCREMENT=25 DEFAULT CHARSET=utf8;

-- Copiando dados para a tabela labs.modules: ~24 rows (aproximadamente)
/*!40000 ALTER TABLE `modules` DISABLE KEYS */;
INSERT INTO `modules` (`id`, `nome`, `alias`, `created`, `createdby`, `modified`, `modifiedby`, `isdeleted`) VALUES
	(1, 'Gerenciamento de usuários', 'usuarios', '2014-01-22 17:06:16', 19, '2015-06-01 16:38:47', 1, 'N'),
	(2, 'Gerenciamento de permissões(acos)', 'permissoes', '2014-01-22 17:33:50', 19, '2014-02-19 14:28:35', 19, 'Y'),
	(3, 'Configurações de sistema', 'sistema', '2014-01-24 11:02:37', 19, '2015-06-01 16:39:30', 1, 'N'),
	(4, 'Site - Gestão de conteúdo', 'gestor-conteudo', '2015-02-19 18:54:07', 1, '2015-07-10 10:53:18', 1, 'N'),
	(5, 'Gestão de conteúdo - Projetos', 'projetos', '2015-03-14 08:38:38', 1, '2015-06-01 16:38:59', 1, 'Y'),
	(6, 'Artigos', 'artigos', '2015-03-16 21:08:15', 1, '2015-07-08 10:50:10', 1, 'N'),
	(7, 'Gerenciamento de upload de arquivos', 'gerenciamento-de-upload-de-arquivos', '2015-04-01 18:59:49', 1, '2015-07-08 10:50:03', 1, 'Y'),
	(8, 'Site - Gerenciamento de e-mails recebidos', 'emails-recebidos', '2015-04-22 07:14:58', 1, '2015-07-10 10:53:11', 1, 'N'),
	(9, 'Sugestões', 'sugestoes', '2015-07-08 10:50:57', 1, '2015-07-10 10:53:02', 1, 'N'),
	(10, 'Gestão de profissionais do ramo da construção', 'profissionais-construcao', '2015-07-08 10:53:31', 1, '2015-11-16 11:46:38', 1, 'Y'),
	(11, 'Site - Gestão de formulários do site', 'formularios-site', '2015-07-08 10:56:48', 1, '2015-07-10 10:52:37', 1, 'N'),
	(12, 'Site - Gestão de lojas', 'gestao-lojas', '2015-07-08 10:57:42', 1, '2015-11-16 11:46:33', 1, 'Y'),
	(13, 'Site - Gestão de fornecedores', 'gestor-fornecedor', '2015-07-08 10:58:37', 1, '2015-11-16 11:46:31', 1, 'Y'),
	(14, 'Site - Gestão de promoções', 'gestor-promocao', '2015-07-08 10:59:55', 1, '2015-08-20 08:42:02', 1, 'Y'),
	(15, 'Controle de acesso', 'controle-acesso', '2015-07-10 10:27:06', 1, '2015-07-10 10:52:09', 1, 'N'),
	(16, 'Relatório de reclamação', 'relatorio-reclamacao', '2015-07-21 09:23:26', 1, '2015-11-16 11:46:25', 1, 'Y'),
	(17, 'Site - Gestão de promoções', 'gestor-promocoes', '2015-08-17 10:16:24', 1, '2015-11-16 11:46:23', 1, 'Y'),
	(18, 'Site - Gestão de produtos', 'gestor-produtos', '2015-08-21 10:01:58', 1, '2015-11-16 11:46:20', 1, 'Y'),
	(19, 'Gerenciamento de pacotes', 'gerenciamento-de-pacotes', '2015-12-26 18:47:03', 1, '2015-12-26 18:47:03', 1, 'N'),
	(20, 'Gerenciamento de cadernos', 'gerenciamento-de-cadernos', '2016-01-13 15:00:41', 1, '2016-01-13 15:00:41', 1, 'N'),
	(21, 'Moderação de caderno', 'moderacao-de-caderno', '2016-04-07 09:09:36', 1, '2016-04-07 09:09:36', 1, 'N'),
	(22, 'Notificações', 'notificacoes', '2016-09-19 21:22:37', 1, '2016-09-19 21:22:37', 1, 'N'),
	(23, 'Marketing', 'marketing', '2016-12-03 15:16:10', 1, '2016-12-03 15:16:10', 1, 'N'),
	(24, 'Monetização', 'monetizacao', '2016-12-17 09:43:50', 1, '2016-12-17 09:43:50', 1, 'N');
/*!40000 ALTER TABLE `modules` ENABLE KEYS */;
/*!40101 SET SQL_MODE=IFNULL(@OLD_SQL_MODE, '') */;
/*!40014 SET FOREIGN_KEY_CHECKS=IF(@OLD_FOREIGN_KEY_CHECKS IS NULL, 1, @OLD_FOREIGN_KEY_CHECKS) */;
/*!40101 SET CHARACTER_SET_CLIENT=@OLD_CHARACTER_SET_CLIENT */;
